ISO-10303-21;
HEADER;
FILE_DESCRIPTION(('STEP AP214'),'1');
FILE_NAME('b3f-1020.stp','2018-07-26T11:54:57',('TraceParts'),('TraceParts S.A.'),'Spatial InterOp 3D',' ',' ');
FILE_SCHEMA(('automotive_design'));
ENDSEC;
DATA;
#1=MECHANICAL_DESIGN_GEOMETRIC_PRESENTATION_REPRESENTATION(' ',(#14,#15,#16,#17,#18,#19,#20,#21,#22,#23,#24,#25,#26,#27,#28,#29,#30,#31,#32,#33,#34,#35,#36,#37,#38,#39,#40,#41,#42,#43,#44,#45,#46,#47,#48,#49,#50,#51,#52,#53,#54,#55,#56,#57,#58,#59,#60,#61,#62,#63,#64,#65,#66,#67,#68,#69,#70,#71,#72,#73,#74,#75,#76,#77,#78,#79,#80,#81,#82,#83,#84),#10);
#2=PRODUCT_DEFINITION_CONTEXT('',#85,'design');
#3=APPLICATION_PROTOCOL_DEFINITION('INTERNATIONAL STANDARD','automotive_design',1994,#85);
#4=PRODUCT_CATEGORY_RELATIONSHIP('NONE','NONE',#86,#87);
#5=SHAPE_DEFINITION_REPRESENTATION(#88,#89);
#6=PRODUCT_DEFINITION_CONTEXT('',#90,'design');
#7=APPLICATION_PROTOCOL_DEFINITION('INTERNATIONAL STANDARD','automotive_design',1994,#90);
#8=PRODUCT_CATEGORY_RELATIONSHIP('NONE','NONE',#91,#92);
#9=SHAPE_DEFINITION_REPRESENTATION(#93,#94);
#10= (GEOMETRIC_REPRESENTATION_CONTEXT(3)GLOBAL_UNCERTAINTY_ASSIGNED_CONTEXT((#97))GLOBAL_UNIT_ASSIGNED_CONTEXT((#99,#100,#101))REPRESENTATION_CONTEXT('NONE','WORKSPACE'));
#14=STYLED_ITEM('',(#103),#104);
#15=STYLED_ITEM('',(#105),#106);
#16=STYLED_ITEM('',(#107),#108);
#17=STYLED_ITEM('',(#109),#110);
#18=STYLED_ITEM('',(#111),#112);
#19=STYLED_ITEM('',(#113),#114);
#20=STYLED_ITEM('',(#115),#116);
#21=STYLED_ITEM('',(#117),#118);
#22=STYLED_ITEM('',(#119),#120);
#23=STYLED_ITEM('',(#121),#122);
#24=STYLED_ITEM('',(#123),#124);
#25=STYLED_ITEM('',(#125),#126);
#26=STYLED_ITEM('',(#127),#128);
#27=STYLED_ITEM('',(#129),#130);
#28=STYLED_ITEM('',(#131),#132);
#29=STYLED_ITEM('',(#133),#134);
#30=STYLED_ITEM('',(#135),#136);
#31=STYLED_ITEM('',(#137),#138);
#32=STYLED_ITEM('',(#139),#140);
#33=STYLED_ITEM('',(#141),#142);
#34=STYLED_ITEM('',(#143),#144);
#35=STYLED_ITEM('',(#145),#146);
#36=STYLED_ITEM('',(#147),#148);
#37=STYLED_ITEM('',(#149),#150);
#38=STYLED_ITEM('',(#151),#152);
#39=STYLED_ITEM('',(#153),#154);
#40=STYLED_ITEM('',(#155),#156);
#41=STYLED_ITEM('',(#157),#158);
#42=STYLED_ITEM('',(#159),#160);
#43=STYLED_ITEM('',(#161),#162);
#44=STYLED_ITEM('',(#163),#164);
#45=STYLED_ITEM('',(#165),#166);
#46=STYLED_ITEM('',(#167),#168);
#47=STYLED_ITEM('',(#169),#170);
#48=STYLED_ITEM('',(#171),#172);
#49=STYLED_ITEM('',(#173),#174);
#50=STYLED_ITEM('',(#175),#176);
#51=STYLED_ITEM('',(#177),#178);
#52=STYLED_ITEM('',(#179),#180);
#53=STYLED_ITEM('',(#181),#182);
#54=STYLED_ITEM('',(#183),#184);
#55=STYLED_ITEM('',(#185),#186);
#56=STYLED_ITEM('',(#187),#188);
#57=STYLED_ITEM('',(#189),#190);
#58=STYLED_ITEM('',(#191),#192);
#59=STYLED_ITEM('',(#193),#194);
#60=STYLED_ITEM('',(#195),#196);
#61=STYLED_ITEM('',(#197),#198);
#62=STYLED_ITEM('',(#199),#200);
#63=STYLED_ITEM('',(#201),#202);
#64=STYLED_ITEM('',(#203),#204);
#65=STYLED_ITEM('',(#205),#206);
#66=STYLED_ITEM('',(#207),#208);
#67=STYLED_ITEM('',(#209),#210);
#68=STYLED_ITEM('',(#211),#212);
#69=STYLED_ITEM('',(#213),#214);
#70=STYLED_ITEM('',(#215),#216);
#71=STYLED_ITEM('',(#217),#218);
#72=STYLED_ITEM('',(#219),#220);
#73=STYLED_ITEM('',(#221),#222);
#74=STYLED_ITEM('',(#223),#224);
#75=STYLED_ITEM('',(#225),#226);
#76=STYLED_ITEM('',(#227),#228);
#77=STYLED_ITEM('',(#229),#230);
#78=STYLED_ITEM('',(#231),#232);
#79=STYLED_ITEM('',(#233),#234);
#80=STYLED_ITEM('',(#235),#236);
#81=STYLED_ITEM('',(#237),#238);
#82=STYLED_ITEM('',(#239),#240);
#83=STYLED_ITEM('',(#241),#242);
#84=STYLED_ITEM('',(#243),#244);
#85=APPLICATION_CONTEXT(' ');
#86=PRODUCT_CATEGORY('part','NONE');
#87=PRODUCT_RELATED_PRODUCT_CATEGORY('detail',' ',(#245));
#88=PRODUCT_DEFINITION_SHAPE('NONE','NONE',#246);
#89=ADVANCED_BREP_SHAPE_REPRESENTATION('b3f-1020_1',(#112,#247),#10);
#90=APPLICATION_CONTEXT(' ');
#91=PRODUCT_CATEGORY('part','NONE');
#92=PRODUCT_RELATED_PRODUCT_CATEGORY('detail',' ',(#248));
#93=PRODUCT_DEFINITION_SHAPE('NONE','NONE',#249);
#94=ADVANCED_BREP_SHAPE_REPRESENTATION('b3f-1020_2',(#244,#250),#10);
#97=UNCERTAINTY_MEASURE_WITH_UNIT(LENGTH_MEASURE(1.0E-006),#99,'','');
#99= (CONVERSION_BASED_UNIT('MILLIMETRE',#253)LENGTH_UNIT()NAMED_UNIT(#256));
#100= (NAMED_UNIT(#258)PLANE_ANGLE_UNIT()SI_UNIT($,.RADIAN.));
#101= (NAMED_UNIT(#258)SOLID_ANGLE_UNIT()SI_UNIT($,.STERADIAN.));
#103=PRESENTATION_STYLE_ASSIGNMENT((#264));
#104=ADVANCED_FACE('NONE',(#265),#266,.T.);
#105=PRESENTATION_STYLE_ASSIGNMENT((#267));
#106=ADVANCED_FACE('NONE',(#268),#269,.T.);
#107=PRESENTATION_STYLE_ASSIGNMENT((#270));
#108=ADVANCED_FACE('NONE',(#271),#272,.F.);
#109=PRESENTATION_STYLE_ASSIGNMENT((#273));
#110=ADVANCED_FACE('NONE',(#274),#275,.T.);
#111=PRESENTATION_STYLE_ASSIGNMENT((#276));
#112=MANIFOLD_SOLID_BREP('b3f-1020_1',#277);
#113=PRESENTATION_STYLE_ASSIGNMENT((#278));
#114=ADVANCED_FACE('NONE',(#279),#280,.T.);
#115=PRESENTATION_STYLE_ASSIGNMENT((#281));
#116=ADVANCED_FACE('NONE',(#282),#283,.T.);
#117=PRESENTATION_STYLE_ASSIGNMENT((#284));
#118=ADVANCED_FACE('NONE',(#285),#286,.T.);
#119=PRESENTATION_STYLE_ASSIGNMENT((#287));
#120=ADVANCED_FACE('NONE',(#288),#289,.T.);
#121=PRESENTATION_STYLE_ASSIGNMENT((#290));
#122=ADVANCED_FACE('NONE',(#291),#292,.F.);
#123=PRESENTATION_STYLE_ASSIGNMENT((#293));
#124=ADVANCED_FACE('NONE',(#294,#295,#296,#297,#298,#299),#300,.F.);
#125=PRESENTATION_STYLE_ASSIGNMENT((#301));
#126=ADVANCED_FACE('NONE',(#302,#303,#304),#305,.F.);
#127=PRESENTATION_STYLE_ASSIGNMENT((#306));
#128=ADVANCED_FACE('NONE',(#307,#308,#309),#310,.F.);
#129=PRESENTATION_STYLE_ASSIGNMENT((#311));
#130=ADVANCED_FACE('NONE',(#312),#313,.F.);
#131=PRESENTATION_STYLE_ASSIGNMENT((#314));
#132=ADVANCED_FACE('NONE',(#315),#316,.T.);
#133=PRESENTATION_STYLE_ASSIGNMENT((#317));
#134=ADVANCED_FACE('NONE',(#318),#319,.F.);
#135=PRESENTATION_STYLE_ASSIGNMENT((#320));
#136=ADVANCED_FACE('NONE',(#321),#322,.F.);
#137=PRESENTATION_STYLE_ASSIGNMENT((#323));
#138=ADVANCED_FACE('NONE',(#324),#325,.F.);
#139=PRESENTATION_STYLE_ASSIGNMENT((#326));
#140=ADVANCED_FACE('NONE',(#327),#328,.F.);
#141=PRESENTATION_STYLE_ASSIGNMENT((#329));
#142=ADVANCED_FACE('NONE',(#330),#331,.F.);
#143=PRESENTATION_STYLE_ASSIGNMENT((#332));
#144=ADVANCED_FACE('NONE',(#333),#334,.F.);
#145=PRESENTATION_STYLE_ASSIGNMENT((#335));
#146=ADVANCED_FACE('NONE',(#336),#337,.F.);
#147=PRESENTATION_STYLE_ASSIGNMENT((#338));
#148=ADVANCED_FACE('NONE',(#339),#340,.F.);
#149=PRESENTATION_STYLE_ASSIGNMENT((#341));
#150=ADVANCED_FACE('NONE',(#342),#343,.F.);
#151=PRESENTATION_STYLE_ASSIGNMENT((#344));
#152=ADVANCED_FACE('NONE',(#345),#346,.F.);
#153=PRESENTATION_STYLE_ASSIGNMENT((#347));
#154=ADVANCED_FACE('NONE',(#348),#349,.F.);
#155=PRESENTATION_STYLE_ASSIGNMENT((#350));
#156=ADVANCED_FACE('NONE',(#351),#352,.T.);
#157=PRESENTATION_STYLE_ASSIGNMENT((#353));
#158=ADVANCED_FACE('NONE',(#354),#355,.F.);
#159=PRESENTATION_STYLE_ASSIGNMENT((#356));
#160=ADVANCED_FACE('NONE',(#357),#358,.F.);
#161=PRESENTATION_STYLE_ASSIGNMENT((#359));
#162=ADVANCED_FACE('NONE',(#360),#361,.F.);
#163=PRESENTATION_STYLE_ASSIGNMENT((#362));
#164=ADVANCED_FACE('NONE',(#363),#364,.F.);
#165=PRESENTATION_STYLE_ASSIGNMENT((#365));
#166=ADVANCED_FACE('NONE',(#366),#367,.F.);
#167=PRESENTATION_STYLE_ASSIGNMENT((#368));
#168=ADVANCED_FACE('NONE',(#369),#370,.F.);
#169=PRESENTATION_STYLE_ASSIGNMENT((#371));
#170=ADVANCED_FACE('NONE',(#372),#373,.F.);
#171=PRESENTATION_STYLE_ASSIGNMENT((#374));
#172=ADVANCED_FACE('NONE',(#375),#376,.F.);
#173=PRESENTATION_STYLE_ASSIGNMENT((#377));
#174=ADVANCED_FACE('NONE',(#378),#379,.F.);
#175=PRESENTATION_STYLE_ASSIGNMENT((#380));
#176=ADVANCED_FACE('NONE',(#381),#382,.F.);
#177=PRESENTATION_STYLE_ASSIGNMENT((#383));
#178=ADVANCED_FACE('NONE',(#384),#385,.T.);
#179=PRESENTATION_STYLE_ASSIGNMENT((#386));
#180=ADVANCED_FACE('NONE',(#387),#388,.T.);
#181=PRESENTATION_STYLE_ASSIGNMENT((#389));
#182=ADVANCED_FACE('NONE',(#390),#391,.T.);
#183=PRESENTATION_STYLE_ASSIGNMENT((#392));
#184=ADVANCED_FACE('NONE',(#393),#394,.T.);
#185=PRESENTATION_STYLE_ASSIGNMENT((#395));
#186=ADVANCED_FACE('NONE',(#396),#397,.T.);
#187=PRESENTATION_STYLE_ASSIGNMENT((#398));
#188=ADVANCED_FACE('NONE',(#399),#400,.T.);
#189=PRESENTATION_STYLE_ASSIGNMENT((#401));
#190=ADVANCED_FACE('NONE',(#402),#403,.T.);
#191=PRESENTATION_STYLE_ASSIGNMENT((#404));
#192=ADVANCED_FACE('NONE',(#405),#406,.T.);
#193=PRESENTATION_STYLE_ASSIGNMENT((#407));
#194=ADVANCED_FACE('NONE',(#408),#409,.T.);
#195=PRESENTATION_STYLE_ASSIGNMENT((#410));
#196=ADVANCED_FACE('NONE',(#411),#412,.T.);
#197=PRESENTATION_STYLE_ASSIGNMENT((#413));
#198=ADVANCED_FACE('NONE',(#414),#415,.F.);
#199=PRESENTATION_STYLE_ASSIGNMENT((#416));
#200=ADVANCED_FACE('NONE',(#417),#418,.T.);
#201=PRESENTATION_STYLE_ASSIGNMENT((#419));
#202=ADVANCED_FACE('NONE',(#420),#421,.T.);
#203=PRESENTATION_STYLE_ASSIGNMENT((#422));
#204=ADVANCED_FACE('NONE',(#423),#424,.T.);
#205=PRESENTATION_STYLE_ASSIGNMENT((#425));
#206=ADVANCED_FACE('NONE',(#426),#427,.T.);
#207=PRESENTATION_STYLE_ASSIGNMENT((#428));
#208=ADVANCED_FACE('NONE',(#429),#430,.T.);
#209=PRESENTATION_STYLE_ASSIGNMENT((#431));
#210=ADVANCED_FACE('NONE',(#432),#433,.T.);
#211=PRESENTATION_STYLE_ASSIGNMENT((#434));
#212=ADVANCED_FACE('NONE',(#435),#436,.T.);
#213=PRESENTATION_STYLE_ASSIGNMENT((#437));
#214=ADVANCED_FACE('NONE',(#438),#439,.T.);
#215=PRESENTATION_STYLE_ASSIGNMENT((#440));
#216=ADVANCED_FACE('NONE',(#441),#442,.T.);
#217=PRESENTATION_STYLE_ASSIGNMENT((#443));
#218=ADVANCED_FACE('NONE',(#444),#445,.T.);
#219=PRESENTATION_STYLE_ASSIGNMENT((#446));
#220=ADVANCED_FACE('NONE',(#447),#448,.F.);
#221=PRESENTATION_STYLE_ASSIGNMENT((#449));
#222=ADVANCED_FACE('NONE',(#450),#451,.T.);
#223=PRESENTATION_STYLE_ASSIGNMENT((#452));
#224=ADVANCED_FACE('NONE',(#453),#454,.F.);
#225=PRESENTATION_STYLE_ASSIGNMENT((#455));
#226=ADVANCED_FACE('NONE',(#456),#457,.T.);
#227=PRESENTATION_STYLE_ASSIGNMENT((#458));
#228=ADVANCED_FACE('NONE',(#459),#460,.T.);
#229=PRESENTATION_STYLE_ASSIGNMENT((#461));
#230=ADVANCED_FACE('NONE',(#462),#463,.T.);
#231=PRESENTATION_STYLE_ASSIGNMENT((#464));
#232=ADVANCED_FACE('NONE',(#465),#466,.T.);
#233=PRESENTATION_STYLE_ASSIGNMENT((#467));
#234=ADVANCED_FACE('NONE',(#468),#469,.T.);
#235=PRESENTATION_STYLE_ASSIGNMENT((#470));
#236=ADVANCED_FACE('NONE',(#471),#472,.T.);
#237=PRESENTATION_STYLE_ASSIGNMENT((#473));
#238=ADVANCED_FACE('NONE',(#474),#475,.T.);
#239=PRESENTATION_STYLE_ASSIGNMENT((#476));
#240=ADVANCED_FACE('NONE',(#477),#478,.T.);
#241=PRESENTATION_STYLE_ASSIGNMENT((#479));
#242=ADVANCED_FACE('NONE',(#480),#481,.T.);
#243=PRESENTATION_STYLE_ASSIGNMENT((#482));
#244=MANIFOLD_SOLID_BREP('b3f-1020_2',#483);
#245=PRODUCT('b3f-1020_1','b3f-1020_1','PART-b3f-1020_1-DESC',(#484));
#246=PRODUCT_DEFINITION('NONE','NONE',#485,#2);
#247=AXIS2_PLACEMENT_3D('',#486,#487,#488);
#248=PRODUCT('b3f-1020_2','b3f-1020_2','PART-b3f-1020_2-DESC',(#489));
#249=PRODUCT_DEFINITION('NONE','NONE',#490,#6);
#250=AXIS2_PLACEMENT_3D('',#491,#492,#493);
#253=LENGTH_MEASURE_WITH_UNIT(LENGTH_MEASURE(1.0),#494);
#256=DIMENSIONAL_EXPONENTS(1.0,0.0,0.0,0.0,0.0,0.0,0.0);
#258=DIMENSIONAL_EXPONENTS(0.0,0.0,0.0,0.0,0.0,0.0,0.0);
#264=SURFACE_STYLE_USAGE(.BOTH.,#495);
#265=FACE_OUTER_BOUND('',#496,.T.);
#266=CYLINDRICAL_SURFACE('',#497,1.75);
#267=SURFACE_STYLE_USAGE(.BOTH.,#498);
#268=FACE_OUTER_BOUND('',#499,.T.);
#269=CYLINDRICAL_SURFACE('',#500,1.75);
#270=SURFACE_STYLE_USAGE(.BOTH.,#501);
#271=FACE_OUTER_BOUND('',#502,.T.);
#272=PLANE('',#503);
#273=SURFACE_STYLE_USAGE(.BOTH.,#504);
#274=FACE_OUTER_BOUND('',#505,.T.);
#275=PLANE('',#506);
#276=SURFACE_STYLE_USAGE(.BOTH.,#507);
#277=CLOSED_SHELL('',(#104,#106,#108,#110));
#278=SURFACE_STYLE_USAGE(.BOTH.,#508);
#279=FACE_OUTER_BOUND('',#509,.T.);
#280=CYLINDRICAL_SURFACE('',#510,0.6);
#281=SURFACE_STYLE_USAGE(.BOTH.,#511);
#282=FACE_OUTER_BOUND('',#512,.T.);
#283=CYLINDRICAL_SURFACE('',#513,0.6);
#284=SURFACE_STYLE_USAGE(.BOTH.,#514);
#285=FACE_OUTER_BOUND('',#515,.T.);
#286=CYLINDRICAL_SURFACE('',#516,0.6);
#287=SURFACE_STYLE_USAGE(.BOTH.,#517);
#288=FACE_OUTER_BOUND('',#518,.T.);
#289=CYLINDRICAL_SURFACE('',#519,0.6);
#290=SURFACE_STYLE_USAGE(.BOTH.,#520);
#291=FACE_OUTER_BOUND('',#521,.T.);
#292=CYLINDRICAL_SURFACE('',#522,1.75);
#293=SURFACE_STYLE_USAGE(.BOTH.,#523);
#294=FACE_OUTER_BOUND('',#524,.T.);
#295=FACE_BOUND('',#525,.T.);
#296=FACE_BOUND('',#526,.T.);
#297=FACE_BOUND('',#527,.T.);
#298=FACE_BOUND('',#528,.T.);
#299=FACE_BOUND('',#529,.T.);
#300=PLANE('',#530);
#301=SURFACE_STYLE_USAGE(.BOTH.,#531);
#302=FACE_OUTER_BOUND('',#532,.T.);
#303=FACE_BOUND('',#533,.T.);
#304=FACE_BOUND('',#534,.T.);
#305=PLANE('',#535);
#306=SURFACE_STYLE_USAGE(.BOTH.,#536);
#307=FACE_OUTER_BOUND('',#537,.T.);
#308=FACE_BOUND('',#538,.T.);
#309=FACE_BOUND('',#539,.T.);
#310=PLANE('',#540);
#311=SURFACE_STYLE_USAGE(.BOTH.,#541);
#312=FACE_OUTER_BOUND('',#542,.T.);
#313=PLANE('',#543);
#314=SURFACE_STYLE_USAGE(.BOTH.,#544);
#315=FACE_OUTER_BOUND('',#545,.T.);
#316=PLANE('',#546);
#317=SURFACE_STYLE_USAGE(.BOTH.,#547);
#318=FACE_OUTER_BOUND('',#548,.T.);
#319=PLANE('',#549);
#320=SURFACE_STYLE_USAGE(.BOTH.,#550);
#321=FACE_OUTER_BOUND('',#551,.T.);
#322=PLANE('',#552);
#323=SURFACE_STYLE_USAGE(.BOTH.,#553);
#324=FACE_OUTER_BOUND('',#554,.T.);
#325=PLANE('',#555);
#326=SURFACE_STYLE_USAGE(.BOTH.,#556);
#327=FACE_OUTER_BOUND('',#557,.T.);
#328=PLANE('',#558);
#329=SURFACE_STYLE_USAGE(.BOTH.,#559);
#330=FACE_OUTER_BOUND('',#560,.T.);
#331=PLANE('',#561);
#332=SURFACE_STYLE_USAGE(.BOTH.,#562);
#333=FACE_OUTER_BOUND('',#563,.T.);
#334=PLANE('',#564);
#335=SURFACE_STYLE_USAGE(.BOTH.,#565);
#336=FACE_OUTER_BOUND('',#566,.T.);
#337=PLANE('',#567);
#338=SURFACE_STYLE_USAGE(.BOTH.,#568);
#339=FACE_OUTER_BOUND('',#569,.T.);
#340=PLANE('',#570);
#341=SURFACE_STYLE_USAGE(.BOTH.,#571);
#342=FACE_OUTER_BOUND('',#572,.T.);
#343=PLANE('',#573);
#344=SURFACE_STYLE_USAGE(.BOTH.,#574);
#345=FACE_OUTER_BOUND('',#575,.T.);
#346=PLANE('',#576);
#347=SURFACE_STYLE_USAGE(.BOTH.,#577);
#348=FACE_OUTER_BOUND('',#578,.T.);
#349=PLANE('',#579);
#350=SURFACE_STYLE_USAGE(.BOTH.,#580);
#351=FACE_OUTER_BOUND('',#581,.T.);
#352=PLANE('',#582);
#353=SURFACE_STYLE_USAGE(.BOTH.,#583);
#354=FACE_OUTER_BOUND('',#584,.T.);
#355=PLANE('',#585);
#356=SURFACE_STYLE_USAGE(.BOTH.,#586);
#357=FACE_OUTER_BOUND('',#587,.T.);
#358=PLANE('',#588);
#359=SURFACE_STYLE_USAGE(.BOTH.,#589);
#360=FACE_OUTER_BOUND('',#590,.T.);
#361=PLANE('',#591);
#362=SURFACE_STYLE_USAGE(.BOTH.,#592);
#363=FACE_OUTER_BOUND('',#593,.T.);
#364=PLANE('',#594);
#365=SURFACE_STYLE_USAGE(.BOTH.,#595);
#366=FACE_OUTER_BOUND('',#596,.T.);
#367=PLANE('',#597);
#368=SURFACE_STYLE_USAGE(.BOTH.,#598);
#369=FACE_OUTER_BOUND('',#599,.T.);
#370=PLANE('',#600);
#371=SURFACE_STYLE_USAGE(.BOTH.,#601);
#372=FACE_OUTER_BOUND('',#602,.T.);
#373=PLANE('',#603);
#374=SURFACE_STYLE_USAGE(.BOTH.,#604);
#375=FACE_OUTER_BOUND('',#605,.T.);
#376=PLANE('',#606);
#377=SURFACE_STYLE_USAGE(.BOTH.,#607);
#378=FACE_OUTER_BOUND('',#608,.T.);
#379=PLANE('',#609);
#380=SURFACE_STYLE_USAGE(.BOTH.,#610);
#381=FACE_OUTER_BOUND('',#611,.T.);
#382=PLANE('',#612);
#383=SURFACE_STYLE_USAGE(.BOTH.,#613);
#384=FACE_OUTER_BOUND('',#614,.T.);
#385=PLANE('',#615);
#386=SURFACE_STYLE_USAGE(.BOTH.,#616);
#387=FACE_OUTER_BOUND('',#617,.T.);
#388=PLANE('',#618);
#389=SURFACE_STYLE_USAGE(.BOTH.,#619);
#390=FACE_OUTER_BOUND('',#620,.T.);
#391=PLANE('',#621);
#392=SURFACE_STYLE_USAGE(.BOTH.,#622);
#393=FACE_OUTER_BOUND('',#623,.T.);
#394=PLANE('',#624);
#395=SURFACE_STYLE_USAGE(.BOTH.,#625);
#396=FACE_OUTER_BOUND('',#626,.T.);
#397=PLANE('',#627);
#398=SURFACE_STYLE_USAGE(.BOTH.,#628);
#399=FACE_OUTER_BOUND('',#629,.T.);
#400=PLANE('',#630);
#401=SURFACE_STYLE_USAGE(.BOTH.,#631);
#402=FACE_OUTER_BOUND('',#632,.T.);
#403=PLANE('',#633);
#404=SURFACE_STYLE_USAGE(.BOTH.,#634);
#405=FACE_OUTER_BOUND('',#635,.T.);
#406=PLANE('',#636);
#407=SURFACE_STYLE_USAGE(.BOTH.,#637);
#408=FACE_OUTER_BOUND('',#638,.T.);
#409=PLANE('',#639);
#410=SURFACE_STYLE_USAGE(.BOTH.,#640);
#411=FACE_OUTER_BOUND('',#641,.T.);
#412=PLANE('',#642);
#413=SURFACE_STYLE_USAGE(.BOTH.,#643);
#414=FACE_OUTER_BOUND('',#644,.T.);
#415=PLANE('',#645);
#416=SURFACE_STYLE_USAGE(.BOTH.,#646);
#417=FACE_OUTER_BOUND('',#647,.T.);
#418=PLANE('',#648);
#419=SURFACE_STYLE_USAGE(.BOTH.,#649);
#420=FACE_OUTER_BOUND('',#650,.T.);
#421=PLANE('',#651);
#422=SURFACE_STYLE_USAGE(.BOTH.,#652);
#423=FACE_OUTER_BOUND('',#653,.T.);
#424=PLANE('',#654);
#425=SURFACE_STYLE_USAGE(.BOTH.,#655);
#426=FACE_OUTER_BOUND('',#656,.T.);
#427=PLANE('',#657);
#428=SURFACE_STYLE_USAGE(.BOTH.,#658);
#429=FACE_OUTER_BOUND('',#659,.T.);
#430=PLANE('',#660);
#431=SURFACE_STYLE_USAGE(.BOTH.,#661);
#432=FACE_OUTER_BOUND('',#662,.T.);
#433=PLANE('',#663);
#434=SURFACE_STYLE_USAGE(.BOTH.,#664);
#435=FACE_OUTER_BOUND('',#665,.T.);
#436=PLANE('',#666);
#437=SURFACE_STYLE_USAGE(.BOTH.,#667);
#438=FACE_OUTER_BOUND('',#668,.T.);
#439=PLANE('',#669);
#440=SURFACE_STYLE_USAGE(.BOTH.,#670);
#441=FACE_OUTER_BOUND('',#671,.T.);
#442=PLANE('',#672);
#443=SURFACE_STYLE_USAGE(.BOTH.,#673);
#444=FACE_OUTER_BOUND('',#674,.T.);
#445=PLANE('',#675);
#446=SURFACE_STYLE_USAGE(.BOTH.,#676);
#447=FACE_OUTER_BOUND('',#677,.T.);
#448=PLANE('',#678);
#449=SURFACE_STYLE_USAGE(.BOTH.,#679);
#450=FACE_OUTER_BOUND('',#680,.T.);
#451=PLANE('',#681);
#452=SURFACE_STYLE_USAGE(.BOTH.,#682);
#453=FACE_OUTER_BOUND('',#683,.T.);
#454=CYLINDRICAL_SURFACE('',#684,1.75);
#455=SURFACE_STYLE_USAGE(.BOTH.,#685);
#456=FACE_OUTER_BOUND('',#686,.T.);
#457=PLANE('',#687);
#458=SURFACE_STYLE_USAGE(.BOTH.,#688);
#459=FACE_OUTER_BOUND('',#689,.T.);
#460=CYLINDRICAL_SURFACE('',#690,0.6);
#461=SURFACE_STYLE_USAGE(.BOTH.,#691);
#462=FACE_OUTER_BOUND('',#692,.T.);
#463=PLANE('',#693);
#464=SURFACE_STYLE_USAGE(.BOTH.,#694);
#465=FACE_OUTER_BOUND('',#695,.T.);
#466=CYLINDRICAL_SURFACE('',#696,0.6);
#467=SURFACE_STYLE_USAGE(.BOTH.,#697);
#468=FACE_OUTER_BOUND('',#698,.T.);
#469=PLANE('',#699);
#470=SURFACE_STYLE_USAGE(.BOTH.,#700);
#471=FACE_OUTER_BOUND('',#701,.T.);
#472=CYLINDRICAL_SURFACE('',#702,0.6);
#473=SURFACE_STYLE_USAGE(.BOTH.,#703);
#474=FACE_OUTER_BOUND('',#704,.T.);
#475=PLANE('',#705);
#476=SURFACE_STYLE_USAGE(.BOTH.,#706);
#477=FACE_OUTER_BOUND('',#707,.T.);
#478=CYLINDRICAL_SURFACE('',#708,0.6);
#479=SURFACE_STYLE_USAGE(.BOTH.,#709);
#480=FACE_OUTER_BOUND('',#710,.T.);
#481=PLANE('',#711);
#482=SURFACE_STYLE_USAGE(.BOTH.,#712);
#483=CLOSED_SHELL('',(#114,#116,#118,#120,#122,#124,#126,#128,#130,#132,#134,#136,#138,#140,#142,#144,#146,#148,#150,#152,#154,#156,#158,#160,#162,#164,#166,#168,#170,#172,#174,#176,#178,#180,#182,#184,#186,#188,#190,#192,#194,#196,#198,#200,#202,#204,#206,#208,#210,#212,#214,#216,#218,#220,#222,#224,#226,#228,#230,#232,#234,#236,#238,#240,#242));
#484=PRODUCT_CONTEXT('',#85,'mechanical');
#485=PRODUCT_DEFINITION_FORMATION_WITH_SPECIFIED_SOURCE(' ','NONE',#245,.NOT_KNOWN.);
#486=CARTESIAN_POINT('',(0.0,0.0,0.0));
#487=DIRECTION('',(0.0,0.0,1.0));
#488=DIRECTION('',(1.0,0.0,0.0));
#489=PRODUCT_CONTEXT('',#90,'mechanical');
#490=PRODUCT_DEFINITION_FORMATION_WITH_SPECIFIED_SOURCE(' ','NONE',#248,.NOT_KNOWN.);
#491=CARTESIAN_POINT('',(0.0,0.0,0.0));
#492=DIRECTION('',(0.0,0.0,1.0));
#493=DIRECTION('',(1.0,0.0,0.0));
#494= (NAMED_UNIT(#256)LENGTH_UNIT()SI_UNIT(.MILLI.,.METRE.));
#495=SURFACE_SIDE_STYLE('',(#714));
#496=EDGE_LOOP('',(#715,#716,#717,#718));
#497=AXIS2_PLACEMENT_3D('',#719,#720,#721);
#498=SURFACE_SIDE_STYLE('',(#722));
#499=EDGE_LOOP('',(#723,#724,#725,#726));
#500=AXIS2_PLACEMENT_3D('',#727,#728,#729);
#501=SURFACE_SIDE_STYLE('',(#730));
#502=EDGE_LOOP('',(#731,#732));
#503=AXIS2_PLACEMENT_3D('',#733,#734,#735);
#504=SURFACE_SIDE_STYLE('',(#736));
#505=EDGE_LOOP('',(#737,#738));
#506=AXIS2_PLACEMENT_3D('',#739,#740,#741);
#507=SURFACE_SIDE_STYLE('',(#742));
#508=SURFACE_SIDE_STYLE('',(#743));
#509=EDGE_LOOP('',(#744,#745,#746,#747));
#510=AXIS2_PLACEMENT_3D('',#748,#749,#750);
#511=SURFACE_SIDE_STYLE('',(#751));
#512=EDGE_LOOP('',(#752,#753,#754,#755));
#513=AXIS2_PLACEMENT_3D('',#756,#757,#758);
#514=SURFACE_SIDE_STYLE('',(#759));
#515=EDGE_LOOP('',(#760,#761,#762,#763));
#516=AXIS2_PLACEMENT_3D('',#764,#765,#766);
#517=SURFACE_SIDE_STYLE('',(#767));
#518=EDGE_LOOP('',(#768,#769,#770,#771));
#519=AXIS2_PLACEMENT_3D('',#772,#773,#774);
#520=SURFACE_SIDE_STYLE('',(#775));
#521=EDGE_LOOP('',(#776,#777,#778,#779));
#522=AXIS2_PLACEMENT_3D('',#780,#781,#782);
#523=SURFACE_SIDE_STYLE('',(#783));
#524=EDGE_LOOP('',(#784,#785,#786,#787));
#525=EDGE_LOOP('',(#788,#789));
#526=EDGE_LOOP('',(#790,#791));
#527=EDGE_LOOP('',(#792,#793));
#528=EDGE_LOOP('',(#794,#795));
#529=EDGE_LOOP('',(#796,#797));
#530=AXIS2_PLACEMENT_3D('',#798,#799,#800);
#531=SURFACE_SIDE_STYLE('',(#801));
#532=EDGE_LOOP('',(#802,#803,#804,#805));
#533=EDGE_LOOP('',(#806,#807,#808,#809));
#534=EDGE_LOOP('',(#810,#811,#812,#813));
#535=AXIS2_PLACEMENT_3D('',#814,#815,#816);
#536=SURFACE_SIDE_STYLE('',(#817));
#537=EDGE_LOOP('',(#818,#819,#820,#821));
#538=EDGE_LOOP('',(#822,#823,#824,#825));
#539=EDGE_LOOP('',(#826,#827,#828,#829));
#540=AXIS2_PLACEMENT_3D('',#830,#831,#832);
#541=SURFACE_SIDE_STYLE('',(#833));
#542=EDGE_LOOP('',(#834,#835,#836,#837));
#543=AXIS2_PLACEMENT_3D('',#838,#839,#840);
#544=SURFACE_SIDE_STYLE('',(#841));
#545=EDGE_LOOP('',(#842,#843,#844,#845));
#546=AXIS2_PLACEMENT_3D('',#846,#847,#848);
#547=SURFACE_SIDE_STYLE('',(#849));
#548=EDGE_LOOP('',(#850,#851,#852,#853));
#549=AXIS2_PLACEMENT_3D('',#854,#855,#856);
#550=SURFACE_SIDE_STYLE('',(#857));
#551=EDGE_LOOP('',(#858,#859,#860,#861));
#552=AXIS2_PLACEMENT_3D('',#862,#863,#864);
#553=SURFACE_SIDE_STYLE('',(#865));
#554=EDGE_LOOP('',(#866,#867,#868,#869));
#555=AXIS2_PLACEMENT_3D('',#870,#871,#872);
#556=SURFACE_SIDE_STYLE('',(#873));
#557=EDGE_LOOP('',(#874,#875,#876,#877));
#558=AXIS2_PLACEMENT_3D('',#878,#879,#880);
#559=SURFACE_SIDE_STYLE('',(#881));
#560=EDGE_LOOP('',(#882,#883,#884,#885));
#561=AXIS2_PLACEMENT_3D('',#886,#887,#888);
#562=SURFACE_SIDE_STYLE('',(#889));
#563=EDGE_LOOP('',(#890,#891,#892,#893));
#564=AXIS2_PLACEMENT_3D('',#894,#895,#896);
#565=SURFACE_SIDE_STYLE('',(#897));
#566=EDGE_LOOP('',(#898,#899,#900,#901));
#567=AXIS2_PLACEMENT_3D('',#902,#903,#904);
#568=SURFACE_SIDE_STYLE('',(#905));
#569=EDGE_LOOP('',(#906,#907,#908,#909));
#570=AXIS2_PLACEMENT_3D('',#910,#911,#912);
#571=SURFACE_SIDE_STYLE('',(#913));
#572=EDGE_LOOP('',(#914,#915,#916,#917));
#573=AXIS2_PLACEMENT_3D('',#918,#919,#920);
#574=SURFACE_SIDE_STYLE('',(#921));
#575=EDGE_LOOP('',(#922,#923,#924,#925));
#576=AXIS2_PLACEMENT_3D('',#926,#927,#928);
#577=SURFACE_SIDE_STYLE('',(#929));
#578=EDGE_LOOP('',(#930,#931,#932,#933,#934,#935,#936,#937,#938,#939));
#579=AXIS2_PLACEMENT_3D('',#940,#941,#942);
#580=SURFACE_SIDE_STYLE('',(#943));
#581=EDGE_LOOP('',(#944,#945,#946,#947,#948,#949,#950,#951,#952,#953));
#582=AXIS2_PLACEMENT_3D('',#954,#955,#956);
#583=SURFACE_SIDE_STYLE('',(#957));
#584=EDGE_LOOP('',(#958,#959,#960,#961));
#585=AXIS2_PLACEMENT_3D('',#962,#963,#964);
#586=SURFACE_SIDE_STYLE('',(#965));
#587=EDGE_LOOP('',(#966,#967,#968,#969));
#588=AXIS2_PLACEMENT_3D('',#970,#971,#972);
#589=SURFACE_SIDE_STYLE('',(#973));
#590=EDGE_LOOP('',(#974,#975,#976,#977));
#591=AXIS2_PLACEMENT_3D('',#978,#979,#980);
#592=SURFACE_SIDE_STYLE('',(#981));
#593=EDGE_LOOP('',(#982,#983,#984,#985));
#594=AXIS2_PLACEMENT_3D('',#986,#987,#988);
#595=SURFACE_SIDE_STYLE('',(#989));
#596=EDGE_LOOP('',(#990,#991,#992,#993));
#597=AXIS2_PLACEMENT_3D('',#994,#995,#996);
#598=SURFACE_SIDE_STYLE('',(#997));
#599=EDGE_LOOP('',(#998,#999,#1000,#1001));
#600=AXIS2_PLACEMENT_3D('',#1002,#1003,#1004);
#601=SURFACE_SIDE_STYLE('',(#1005));
#602=EDGE_LOOP('',(#1006,#1007,#1008,#1009));
#603=AXIS2_PLACEMENT_3D('',#1010,#1011,#1012);
#604=SURFACE_SIDE_STYLE('',(#1013));
#605=EDGE_LOOP('',(#1014,#1015,#1016,#1017));
#606=AXIS2_PLACEMENT_3D('',#1018,#1019,#1020);
#607=SURFACE_SIDE_STYLE('',(#1021));
#608=EDGE_LOOP('',(#1022,#1023,#1024,#1025));
#609=AXIS2_PLACEMENT_3D('',#1026,#1027,#1028);
#610=SURFACE_SIDE_STYLE('',(#1029));
#611=EDGE_LOOP('',(#1030,#1031,#1032,#1033,#1034,#1035,#1036,#1037,#1038,#1039));
#612=AXIS2_PLACEMENT_3D('',#1040,#1041,#1042);
#613=SURFACE_SIDE_STYLE('',(#1043));
#614=EDGE_LOOP('',(#1044,#1045,#1046,#1047,#1048,#1049,#1050,#1051,#1052,#1053));
#615=AXIS2_PLACEMENT_3D('',#1054,#1055,#1056);
#616=SURFACE_SIDE_STYLE('',(#1057));
#617=EDGE_LOOP('',(#1058,#1059,#1060,#1061));
#618=AXIS2_PLACEMENT_3D('',#1062,#1063,#1064);
#619=SURFACE_SIDE_STYLE('',(#1065));
#620=EDGE_LOOP('',(#1066,#1067,#1068,#1069));
#621=AXIS2_PLACEMENT_3D('',#1070,#1071,#1072);
#622=SURFACE_SIDE_STYLE('',(#1073));
#623=EDGE_LOOP('',(#1074,#1075,#1076,#1077));
#624=AXIS2_PLACEMENT_3D('',#1078,#1079,#1080);
#625=SURFACE_SIDE_STYLE('',(#1081));
#626=EDGE_LOOP('',(#1082,#1083,#1084,#1085));
#627=AXIS2_PLACEMENT_3D('',#1086,#1087,#1088);
#628=SURFACE_SIDE_STYLE('',(#1089));
#629=EDGE_LOOP('',(#1090,#1091,#1092,#1093));
#630=AXIS2_PLACEMENT_3D('',#1094,#1095,#1096);
#631=SURFACE_SIDE_STYLE('',(#1097));
#632=EDGE_LOOP('',(#1098,#1099,#1100,#1101));
#633=AXIS2_PLACEMENT_3D('',#1102,#1103,#1104);
#634=SURFACE_SIDE_STYLE('',(#1105));
#635=EDGE_LOOP('',(#1106,#1107,#1108,#1109));
#636=AXIS2_PLACEMENT_3D('',#1110,#1111,#1112);
#637=SURFACE_SIDE_STYLE('',(#1113));
#638=EDGE_LOOP('',(#1114,#1115,#1116,#1117));
#639=AXIS2_PLACEMENT_3D('',#1118,#1119,#1120);
#640=SURFACE_SIDE_STYLE('',(#1121));
#641=EDGE_LOOP('',(#1122,#1123,#1124,#1125));
#642=AXIS2_PLACEMENT_3D('',#1126,#1127,#1128);
#643=SURFACE_SIDE_STYLE('',(#1129));
#644=EDGE_LOOP('',(#1130,#1131,#1132,#1133,#1134,#1135,#1136,#1137,#1138,#1139));
#645=AXIS2_PLACEMENT_3D('',#1140,#1141,#1142);
#646=SURFACE_SIDE_STYLE('',(#1143));
#647=EDGE_LOOP('',(#1144,#1145,#1146,#1147,#1148,#1149,#1150,#1151,#1152,#1153));
#648=AXIS2_PLACEMENT_3D('',#1154,#1155,#1156);
#649=SURFACE_SIDE_STYLE('',(#1157));
#650=EDGE_LOOP('',(#1158,#1159,#1160,#1161));
#651=AXIS2_PLACEMENT_3D('',#1162,#1163,#1164);
#652=SURFACE_SIDE_STYLE('',(#1165));
#653=EDGE_LOOP('',(#1166,#1167,#1168,#1169));
#654=AXIS2_PLACEMENT_3D('',#1170,#1171,#1172);
#655=SURFACE_SIDE_STYLE('',(#1173));
#656=EDGE_LOOP('',(#1174,#1175,#1176,#1177));
#657=AXIS2_PLACEMENT_3D('',#1178,#1179,#1180);
#658=SURFACE_SIDE_STYLE('',(#1181));
#659=EDGE_LOOP('',(#1182,#1183,#1184,#1185));
#660=AXIS2_PLACEMENT_3D('',#1186,#1187,#1188);
#661=SURFACE_SIDE_STYLE('',(#1189));
#662=EDGE_LOOP('',(#1190,#1191,#1192,#1193));
#663=AXIS2_PLACEMENT_3D('',#1194,#1195,#1196);
#664=SURFACE_SIDE_STYLE('',(#1197));
#665=EDGE_LOOP('',(#1198,#1199,#1200,#1201));
#666=AXIS2_PLACEMENT_3D('',#1202,#1203,#1204);
#667=SURFACE_SIDE_STYLE('',(#1205));
#668=EDGE_LOOP('',(#1206,#1207,#1208,#1209));
#669=AXIS2_PLACEMENT_3D('',#1210,#1211,#1212);
#670=SURFACE_SIDE_STYLE('',(#1213));
#671=EDGE_LOOP('',(#1214,#1215,#1216,#1217));
#672=AXIS2_PLACEMENT_3D('',#1218,#1219,#1220);
#673=SURFACE_SIDE_STYLE('',(#1221));
#674=EDGE_LOOP('',(#1222,#1223,#1224,#1225));
#675=AXIS2_PLACEMENT_3D('',#1226,#1227,#1228);
#676=SURFACE_SIDE_STYLE('',(#1229));
#677=EDGE_LOOP('',(#1230,#1231,#1232,#1233,#1234,#1235,#1236,#1237,#1238,#1239));
#678=AXIS2_PLACEMENT_3D('',#1240,#1241,#1242);
#679=SURFACE_SIDE_STYLE('',(#1243));
#680=EDGE_LOOP('',(#1244,#1245,#1246,#1247,#1248,#1249,#1250,#1251,#1252,#1253));
#681=AXIS2_PLACEMENT_3D('',#1254,#1255,#1256);
#682=SURFACE_SIDE_STYLE('',(#1257));
#683=EDGE_LOOP('',(#1258,#1259,#1260,#1261));
#684=AXIS2_PLACEMENT_3D('',#1262,#1263,#1264);
#685=SURFACE_SIDE_STYLE('',(#1265));
#686=EDGE_LOOP('',(#1266,#1267));
#687=AXIS2_PLACEMENT_3D('',#1268,#1269,#1270);
#688=SURFACE_SIDE_STYLE('',(#1271));
#689=EDGE_LOOP('',(#1272,#1273,#1274,#1275));
#690=AXIS2_PLACEMENT_3D('',#1276,#1277,#1278);
#691=SURFACE_SIDE_STYLE('',(#1279));
#692=EDGE_LOOP('',(#1280,#1281));
#693=AXIS2_PLACEMENT_3D('',#1282,#1283,#1284);
#694=SURFACE_SIDE_STYLE('',(#1285));
#695=EDGE_LOOP('',(#1286,#1287,#1288,#1289));
#696=AXIS2_PLACEMENT_3D('',#1290,#1291,#1292);
#697=SURFACE_SIDE_STYLE('',(#1293));
#698=EDGE_LOOP('',(#1294,#1295));
#699=AXIS2_PLACEMENT_3D('',#1296,#1297,#1298);
#700=SURFACE_SIDE_STYLE('',(#1299));
#701=EDGE_LOOP('',(#1300,#1301,#1302,#1303));
#702=AXIS2_PLACEMENT_3D('',#1304,#1305,#1306);
#703=SURFACE_SIDE_STYLE('',(#1307));
#704=EDGE_LOOP('',(#1308,#1309));
#705=AXIS2_PLACEMENT_3D('',#1310,#1311,#1312);
#706=SURFACE_SIDE_STYLE('',(#1313));
#707=EDGE_LOOP('',(#1314,#1315,#1316,#1317));
#708=AXIS2_PLACEMENT_3D('',#1318,#1319,#1320);
#709=SURFACE_SIDE_STYLE('',(#1321));
#710=EDGE_LOOP('',(#1322,#1323));
#711=AXIS2_PLACEMENT_3D('',#1324,#1325,#1326);
#712=SURFACE_SIDE_STYLE('',(#1327));
#714=SURFACE_STYLE_FILL_AREA(#1328);
#715=ORIENTED_EDGE('',*,*,#1329,.T.);
#716=ORIENTED_EDGE('',*,*,#1330,.T.);
#717=ORIENTED_EDGE('',*,*,#1331,.F.);
#718=ORIENTED_EDGE('',*,*,#1332,.F.);
#719=CARTESIAN_POINT('',(-4.55707708336789E-016,3.3,-1.4186097556905E-016));
#720=DIRECTION('',(1.45993812957154E-016,-1.0,5.30009617210366E-017));
#721=DIRECTION('',(-4.44170525012999E-016,-5.30009617210367E-017,-1.0));
#722=SURFACE_STYLE_FILL_AREA(#1333);
#723=ORIENTED_EDGE('',*,*,#1330,.F.);
#724=ORIENTED_EDGE('',*,*,#1334,.T.);
#725=ORIENTED_EDGE('',*,*,#1332,.T.);
#726=ORIENTED_EDGE('',*,*,#1335,.F.);
#727=CARTESIAN_POINT('',(-4.55707708336789E-016,3.3,-1.4186097556905E-016));
#728=DIRECTION('',(1.45993812957154E-016,-1.0,5.30009617210366E-017));
#729=DIRECTION('',(-4.44170525012999E-016,-5.30009617210367E-017,-1.0));
#730=SURFACE_STYLE_FILL_AREA(#1336);
#731=ORIENTED_EDGE('',*,*,#1329,.F.);
#732=ORIENTED_EDGE('',*,*,#1334,.F.);
#733=CARTESIAN_POINT('',(-4.55707708336789E-016,3.3,-1.4186097556905E-016));
#734=DIRECTION('',(-1.45993812957154E-016,1.0,-5.30009617210366E-017));
#735=DIRECTION('',(-1.0,-1.45993812957154E-016,4.44170525012999E-016));
#736=SURFACE_STYLE_FILL_AREA(#1337);
#737=ORIENTED_EDGE('',*,*,#1331,.T.);
#738=ORIENTED_EDGE('',*,*,#1335,.T.);
#739=CARTESIAN_POINT('',(-7.03897190363951E-016,5.0,-2.31962610494812E-016));
#740=DIRECTION('',(-1.45993812957154E-016,1.0,-5.30009617210366E-017));
#741=DIRECTION('',(-1.0,-1.45993812957154E-016,4.44170525012999E-016));
#742=SURFACE_STYLE_FILL_AREA(#1338);
#743=SURFACE_STYLE_FILL_AREA(#1339);
#744=ORIENTED_EDGE('',*,*,#1340,.F.);
#745=ORIENTED_EDGE('',*,*,#1341,.T.);
#746=ORIENTED_EDGE('',*,*,#1342,.T.);
#747=ORIENTED_EDGE('',*,*,#1343,.F.);
#748=CARTESIAN_POINT('',(2.15,3.9,-2.15));
#749=DIRECTION('',(0.0,1.0,-0.0));
#750=DIRECTION('',(1.0,0.0,0.0));
#751=SURFACE_STYLE_FILL_AREA(#1344);
#752=ORIENTED_EDGE('',*,*,#1345,.F.);
#753=ORIENTED_EDGE('',*,*,#1346,.T.);
#754=ORIENTED_EDGE('',*,*,#1347,.T.);
#755=ORIENTED_EDGE('',*,*,#1348,.F.);
#756=CARTESIAN_POINT('',(-2.15,3.9,-2.15));
#757=DIRECTION('',(0.0,1.0,-0.0));
#758=DIRECTION('',(1.0,0.0,0.0));
#759=SURFACE_STYLE_FILL_AREA(#1349);
#760=ORIENTED_EDGE('',*,*,#1350,.F.);
#761=ORIENTED_EDGE('',*,*,#1351,.T.);
#762=ORIENTED_EDGE('',*,*,#1352,.T.);
#763=ORIENTED_EDGE('',*,*,#1353,.F.);
#764=CARTESIAN_POINT('',(-2.15,3.9,2.15));
#765=DIRECTION('',(0.0,1.0,-0.0));
#766=DIRECTION('',(1.0,0.0,0.0));
#767=SURFACE_STYLE_FILL_AREA(#1354);
#768=ORIENTED_EDGE('',*,*,#1355,.F.);
#769=ORIENTED_EDGE('',*,*,#1356,.T.);
#770=ORIENTED_EDGE('',*,*,#1357,.T.);
#771=ORIENTED_EDGE('',*,*,#1358,.F.);
#772=CARTESIAN_POINT('',(2.15,3.9,2.15));
#773=DIRECTION('',(0.0,1.0,-0.0));
#774=DIRECTION('',(1.0,0.0,0.0));
#775=SURFACE_STYLE_FILL_AREA(#1359);
#776=ORIENTED_EDGE('',*,*,#1360,.F.);
#777=ORIENTED_EDGE('',*,*,#1361,.T.);
#778=ORIENTED_EDGE('',*,*,#1362,.T.);
#779=ORIENTED_EDGE('',*,*,#1363,.F.);
#780=CARTESIAN_POINT('',(-2.45752492430047E-016,1.7,0.0));
#781=DIRECTION('',(1.23908819712629E-016,-1.0,0.0));
#782=DIRECTION('',(-1.0,-1.23908819712629E-016,0.0));
#783=SURFACE_STYLE_FILL_AREA(#1364);
#784=ORIENTED_EDGE('',*,*,#1365,.T.);
#785=ORIENTED_EDGE('',*,*,#1366,.F.);
#786=ORIENTED_EDGE('',*,*,#1367,.F.);
#787=ORIENTED_EDGE('',*,*,#1368,.T.);
#788=ORIENTED_EDGE('',*,*,#1369,.F.);
#789=ORIENTED_EDGE('',*,*,#1347,.F.);
#790=ORIENTED_EDGE('',*,*,#1370,.F.);
#791=ORIENTED_EDGE('',*,*,#1357,.F.);
#792=ORIENTED_EDGE('',*,*,#1371,.F.);
#793=ORIENTED_EDGE('',*,*,#1362,.F.);
#794=ORIENTED_EDGE('',*,*,#1372,.F.);
#795=ORIENTED_EDGE('',*,*,#1352,.F.);
#796=ORIENTED_EDGE('',*,*,#1373,.F.);
#797=ORIENTED_EDGE('',*,*,#1342,.F.);
#798=CARTESIAN_POINT('',(-3.0,3.4,3.0));
#799=DIRECTION('',(1.44560289664734E-016,-1.0,0.0));
#800=DIRECTION('',(0.0,0.0,-1.0));
#801=SURFACE_STYLE_FILL_AREA(#1374);
#802=ORIENTED_EDGE('',*,*,#1375,.T.);
#803=ORIENTED_EDGE('',*,*,#1368,.F.);
#804=ORIENTED_EDGE('',*,*,#1376,.F.);
#805=ORIENTED_EDGE('',*,*,#1377,.T.);
#806=ORIENTED_EDGE('',*,*,#1378,.F.);
#807=ORIENTED_EDGE('',*,*,#1379,.T.);
#808=ORIENTED_EDGE('',*,*,#1380,.T.);
#809=ORIENTED_EDGE('',*,*,#1381,.F.);
#810=ORIENTED_EDGE('',*,*,#1382,.T.);
#811=ORIENTED_EDGE('',*,*,#1383,.T.);
#812=ORIENTED_EDGE('',*,*,#1384,.F.);
#813=ORIENTED_EDGE('',*,*,#1385,.F.);
#814=CARTESIAN_POINT('',(3.0,3.4,3.0));
#815=DIRECTION('',(-1.0,-1.020425574104E-015,0.0));
#816=DIRECTION('',(-1.020425574104E-015,1.0,0.0));
#817=SURFACE_STYLE_FILL_AREA(#1386);
#818=ORIENTED_EDGE('',*,*,#1387,.T.);
#819=ORIENTED_EDGE('',*,*,#1388,.F.);
#820=ORIENTED_EDGE('',*,*,#1389,.F.);
#821=ORIENTED_EDGE('',*,*,#1366,.T.);
#822=ORIENTED_EDGE('',*,*,#1390,.F.);
#823=ORIENTED_EDGE('',*,*,#1391,.T.);
#824=ORIENTED_EDGE('',*,*,#1392,.T.);
#825=ORIENTED_EDGE('',*,*,#1393,.F.);
#826=ORIENTED_EDGE('',*,*,#1394,.T.);
#827=ORIENTED_EDGE('',*,*,#1395,.T.);
#828=ORIENTED_EDGE('',*,*,#1396,.F.);
#829=ORIENTED_EDGE('',*,*,#1397,.F.);
#830=CARTESIAN_POINT('',(-3.0,3.4,3.0));
#831=DIRECTION('',(1.0,0.0,0.0));
#832=DIRECTION('',(0.0,1.0,-0.0));
#833=SURFACE_STYLE_FILL_AREA(#1398);
#834=ORIENTED_EDGE('',*,*,#1399,.T.);
#835=ORIENTED_EDGE('',*,*,#1377,.F.);
#836=ORIENTED_EDGE('',*,*,#1400,.F.);
#837=ORIENTED_EDGE('',*,*,#1388,.T.);
#838=CARTESIAN_POINT('',(-3.0,0.0,3.0));
#839=DIRECTION('',(-1.83649404852124E-048,1.0,1.49966072182213E-032));
#840=DIRECTION('',(1.0,0.0,1.22460635382238E-016));
#841=SURFACE_STYLE_FILL_AREA(#1401);
#842=ORIENTED_EDGE('',*,*,#1389,.T.);
#843=ORIENTED_EDGE('',*,*,#1400,.T.);
#844=ORIENTED_EDGE('',*,*,#1376,.T.);
#845=ORIENTED_EDGE('',*,*,#1367,.T.);
#846=CARTESIAN_POINT('',(-3.0,0.0,3.0));
#847=DIRECTION('',(0.0,0.0,1.0));
#848=DIRECTION('',(1.0,-0.0,0.0));
#849=SURFACE_STYLE_FILL_AREA(#1402);
#850=ORIENTED_EDGE('',*,*,#1387,.F.);
#851=ORIENTED_EDGE('',*,*,#1365,.F.);
#852=ORIENTED_EDGE('',*,*,#1375,.F.);
#853=ORIENTED_EDGE('',*,*,#1399,.F.);
#854=CARTESIAN_POINT('',(-3.0,0.0,-3.0));
#855=DIRECTION('',(0.0,0.0,1.0));
#856=DIRECTION('',(1.0,-0.0,0.0));
#857=SURFACE_STYLE_FILL_AREA(#1403);
#858=ORIENTED_EDGE('',*,*,#1404,.T.);
#859=ORIENTED_EDGE('',*,*,#1405,.F.);
#860=ORIENTED_EDGE('',*,*,#1406,.F.);
#861=ORIENTED_EDGE('',*,*,#1407,.T.);
#862=CARTESIAN_POINT('',(-3.53803292663774,-1.77114726543404,2.6));
#863=DIRECTION('',(-0.890343551028259,-0.455289315866724,0.0));
#864=DIRECTION('',(-0.455289315866724,0.890343551028259,0.0));
#865=SURFACE_STYLE_FILL_AREA(#1408);
#866=ORIENTED_EDGE('',*,*,#1409,.T.);
#867=ORIENTED_EDGE('',*,*,#1410,.F.);
#868=ORIENTED_EDGE('',*,*,#1411,.F.);
#869=ORIENTED_EDGE('',*,*,#1405,.T.);
#870=CARTESIAN_POINT('',(-3.0850569313264,1.0,2.6));
#871=DIRECTION('',(-0.98690206536801,0.161320529915927,0.0));
#872=DIRECTION('',(0.0,0.0,1.0));
#873=SURFACE_STYLE_FILL_AREA(#1412);
#874=ORIENTED_EDGE('',*,*,#1413,.T.);
#875=ORIENTED_EDGE('',*,*,#1391,.F.);
#876=ORIENTED_EDGE('',*,*,#1414,.F.);
#877=ORIENTED_EDGE('',*,*,#1410,.T.);
#878=CARTESIAN_POINT('',(-3.0,1.0,2.6));
#879=DIRECTION('',(0.0,1.0,0.0));
#880=DIRECTION('',(1.0,0.0,-0.0));
#881=SURFACE_STYLE_FILL_AREA(#1415);
#882=ORIENTED_EDGE('',*,*,#1416,.T.);
#883=ORIENTED_EDGE('',*,*,#1417,.F.);
#884=ORIENTED_EDGE('',*,*,#1418,.F.);
#885=ORIENTED_EDGE('',*,*,#1393,.T.);
#886=CARTESIAN_POINT('',(-3.0,1.3,2.6));
#887=DIRECTION('',(0.0,-1.0,0.0));
#888=DIRECTION('',(0.0,0.0,-1.0));
#889=SURFACE_STYLE_FILL_AREA(#1419);
#890=ORIENTED_EDGE('',*,*,#1420,.T.);
#891=ORIENTED_EDGE('',*,*,#1421,.F.);
#892=ORIENTED_EDGE('',*,*,#1422,.F.);
#893=ORIENTED_EDGE('',*,*,#1417,.T.);
#894=CARTESIAN_POINT('',(-3.34,1.3,2.6));
#895=DIRECTION('',(0.98690206536801,-0.161320529915927,0.0));
#896=DIRECTION('',(0.0,0.0,-1.0));
#897=SURFACE_STYLE_FILL_AREA(#1423);
#898=ORIENTED_EDGE('',*,*,#1424,.T.);
#899=ORIENTED_EDGE('',*,*,#1425,.F.);
#900=ORIENTED_EDGE('',*,*,#1426,.F.);
#901=ORIENTED_EDGE('',*,*,#1421,.T.);
#902=CARTESIAN_POINT('',(-3.85,-1.82,2.6));
#903=DIRECTION('',(0.890343551028259,0.455289315866724,0.0));
#904=DIRECTION('',(0.0,0.0,-1.0));
#905=SURFACE_STYLE_FILL_AREA(#1427);
#906=ORIENTED_EDGE('',*,*,#1428,.T.);
#907=ORIENTED_EDGE('',*,*,#1429,.F.);
#908=ORIENTED_EDGE('',*,*,#1430,.F.);
#909=ORIENTED_EDGE('',*,*,#1425,.T.);
#910=CARTESIAN_POINT('',(-3.4,-2.7,2.6));
#911=DIRECTION('',(1.0,-2.16840434497101E-015,0.0));
#912=DIRECTION('',(0.0,0.0,1.0));
#913=SURFACE_STYLE_FILL_AREA(#1431);
#914=ORIENTED_EDGE('',*,*,#1432,.T.);
#915=ORIENTED_EDGE('',*,*,#1433,.F.);
#916=ORIENTED_EDGE('',*,*,#1434,.F.);
#917=ORIENTED_EDGE('',*,*,#1429,.T.);
#918=CARTESIAN_POINT('',(-3.4,-3.5,2.6));
#919=DIRECTION('',(2.41677943259205E-044,1.0,8.35907093918072E-030));
#920=DIRECTION('',(1.0,0.0,-2.89120579329468E-015));
#921=SURFACE_STYLE_FILL_AREA(#1435);
#922=ORIENTED_EDGE('',*,*,#1436,.T.);
#923=ORIENTED_EDGE('',*,*,#1407,.F.);
#924=ORIENTED_EDGE('',*,*,#1437,.F.);
#925=ORIENTED_EDGE('',*,*,#1433,.T.);
#926=CARTESIAN_POINT('',(-3.1,-2.62774498863674,2.6));
#927=DIRECTION('',(-1.0,1.98878017710162E-015,0.0));
#928=DIRECTION('',(0.0,0.0,1.0));
#929=SURFACE_STYLE_FILL_AREA(#1438);
#930=ORIENTED_EDGE('',*,*,#1406,.T.);
#931=ORIENTED_EDGE('',*,*,#1411,.T.);
#932=ORIENTED_EDGE('',*,*,#1414,.T.);
#933=ORIENTED_EDGE('',*,*,#1390,.T.);
#934=ORIENTED_EDGE('',*,*,#1418,.T.);
#935=ORIENTED_EDGE('',*,*,#1422,.T.);
#936=ORIENTED_EDGE('',*,*,#1426,.T.);
#937=ORIENTED_EDGE('',*,*,#1430,.T.);
#938=ORIENTED_EDGE('',*,*,#1434,.T.);
#939=ORIENTED_EDGE('',*,*,#1437,.T.);
#940=CARTESIAN_POINT('',(-5.10850596009833,1.3,2.6));
#941=DIRECTION('',(0.0,0.0,-1.0));
#942=DIRECTION('',(0.0,-1.0,0.0));
#943=SURFACE_STYLE_FILL_AREA(#1439);
#944=ORIENTED_EDGE('',*,*,#1404,.F.);
#945=ORIENTED_EDGE('',*,*,#1436,.F.);
#946=ORIENTED_EDGE('',*,*,#1432,.F.);
#947=ORIENTED_EDGE('',*,*,#1428,.F.);
#948=ORIENTED_EDGE('',*,*,#1424,.F.);
#949=ORIENTED_EDGE('',*,*,#1420,.F.);
#950=ORIENTED_EDGE('',*,*,#1416,.F.);
#951=ORIENTED_EDGE('',*,*,#1392,.F.);
#952=ORIENTED_EDGE('',*,*,#1413,.F.);
#953=ORIENTED_EDGE('',*,*,#1409,.F.);
#954=CARTESIAN_POINT('',(-5.10850596009833,1.3,1.9));
#955=DIRECTION('',(0.0,0.0,-1.0));
#956=DIRECTION('',(0.0,-1.0,0.0));
#957=SURFACE_STYLE_FILL_AREA(#1440);
#958=ORIENTED_EDGE('',*,*,#1441,.T.);
#959=ORIENTED_EDGE('',*,*,#1379,.F.);
#960=ORIENTED_EDGE('',*,*,#1442,.F.);
#961=ORIENTED_EDGE('',*,*,#1443,.T.);
#962=CARTESIAN_POINT('',(3.0,1.3,2.6));
#963=DIRECTION('',(0.0,-1.0,0.0));
#964=DIRECTION('',(0.0,0.0,-1.0));
#965=SURFACE_STYLE_FILL_AREA(#1444);
#966=ORIENTED_EDGE('',*,*,#1445,.T.);
#967=ORIENTED_EDGE('',*,*,#1446,.F.);
#968=ORIENTED_EDGE('',*,*,#1447,.F.);
#969=ORIENTED_EDGE('',*,*,#1381,.T.);
#970=CARTESIAN_POINT('',(3.0,1.0,2.6));
#971=DIRECTION('',(0.0,1.0,0.0));
#972=DIRECTION('',(1.0,0.0,-0.0));
#973=SURFACE_STYLE_FILL_AREA(#1448);
#974=ORIENTED_EDGE('',*,*,#1449,.T.);
#975=ORIENTED_EDGE('',*,*,#1450,.F.);
#976=ORIENTED_EDGE('',*,*,#1451,.F.);
#977=ORIENTED_EDGE('',*,*,#1446,.T.);
#978=CARTESIAN_POINT('',(3.0850569313264,1.0,2.6));
#979=DIRECTION('',(0.98690206536801,0.161320529915927,0.0));
#980=DIRECTION('',(0.0,0.0,-1.0));
#981=SURFACE_STYLE_FILL_AREA(#1452);
#982=ORIENTED_EDGE('',*,*,#1453,.T.);
#983=ORIENTED_EDGE('',*,*,#1454,.F.);
#984=ORIENTED_EDGE('',*,*,#1455,.F.);
#985=ORIENTED_EDGE('',*,*,#1450,.T.);
#986=CARTESIAN_POINT('',(3.53803292663774,-1.77114726543404,2.6));
#987=DIRECTION('',(0.890343551028259,-0.455289315866724,0.0));
#988=DIRECTION('',(0.0,0.0,-1.0));
#989=SURFACE_STYLE_FILL_AREA(#1456);
#990=ORIENTED_EDGE('',*,*,#1457,.T.);
#991=ORIENTED_EDGE('',*,*,#1458,.F.);
#992=ORIENTED_EDGE('',*,*,#1459,.F.);
#993=ORIENTED_EDGE('',*,*,#1454,.T.);
#994=CARTESIAN_POINT('',(3.1,-2.62774498863674,2.6));
#995=DIRECTION('',(1.0,7.8661160193737E-045,3.95524659283235E-030));
#996=DIRECTION('',(0.0,1.0,-1.98878017710162E-015));
#997=SURFACE_STYLE_FILL_AREA(#1460);
#998=ORIENTED_EDGE('',*,*,#1461,.T.);
#999=ORIENTED_EDGE('',*,*,#1462,.F.);
#1000=ORIENTED_EDGE('',*,*,#1463,.F.);
#1001=ORIENTED_EDGE('',*,*,#1458,.T.);
#1002=CARTESIAN_POINT('',(3.4,-3.5,2.6));
#1003=DIRECTION('',(-2.41677943259205E-044,1.0,8.35907093918072E-030));
#1004=DIRECTION('',(1.0,0.0,2.89120579329468E-015));
#1005=SURFACE_STYLE_FILL_AREA(#1464);
#1006=ORIENTED_EDGE('',*,*,#1465,.T.);
#1007=ORIENTED_EDGE('',*,*,#1466,.F.);
#1008=ORIENTED_EDGE('',*,*,#1467,.F.);
#1009=ORIENTED_EDGE('',*,*,#1462,.T.);
#1010=CARTESIAN_POINT('',(3.4,-2.7,2.6));
#1011=DIRECTION('',(-1.0,-2.16840434497101E-015,0.0));
#1012=DIRECTION('',(-2.16840434497101E-015,1.0,0.0));
#1013=SURFACE_STYLE_FILL_AREA(#1468);
#1014=ORIENTED_EDGE('',*,*,#1469,.T.);
#1015=ORIENTED_EDGE('',*,*,#1470,.F.);
#1016=ORIENTED_EDGE('',*,*,#1471,.F.);
#1017=ORIENTED_EDGE('',*,*,#1466,.T.);
#1018=CARTESIAN_POINT('',(3.85,-1.82,2.6));
#1019=DIRECTION('',(-0.890343551028259,0.455289315866724,0.0));
#1020=DIRECTION('',(0.0,0.0,1.0));
#1021=SURFACE_STYLE_FILL_AREA(#1472);
#1022=ORIENTED_EDGE('',*,*,#1473,.T.);
#1023=ORIENTED_EDGE('',*,*,#1443,.F.);
#1024=ORIENTED_EDGE('',*,*,#1474,.F.);
#1025=ORIENTED_EDGE('',*,*,#1470,.T.);
#1026=CARTESIAN_POINT('',(3.34,1.3,2.6));
#1027=DIRECTION('',(-0.98690206536801,-0.161320529915927,0.0));
#1028=DIRECTION('',(-0.161320529915927,0.98690206536801,0.0));
#1029=SURFACE_STYLE_FILL_AREA(#1475);
#1030=ORIENTED_EDGE('',*,*,#1442,.T.);
#1031=ORIENTED_EDGE('',*,*,#1378,.T.);
#1032=ORIENTED_EDGE('',*,*,#1447,.T.);
#1033=ORIENTED_EDGE('',*,*,#1451,.T.);
#1034=ORIENTED_EDGE('',*,*,#1455,.T.);
#1035=ORIENTED_EDGE('',*,*,#1459,.T.);
#1036=ORIENTED_EDGE('',*,*,#1463,.T.);
#1037=ORIENTED_EDGE('',*,*,#1467,.T.);
#1038=ORIENTED_EDGE('',*,*,#1471,.T.);
#1039=ORIENTED_EDGE('',*,*,#1474,.T.);
#1040=CARTESIAN_POINT('',(3.0,1.3,2.6));
#1041=DIRECTION('',(0.0,0.0,-1.0));
#1042=DIRECTION('',(0.0,-1.0,0.0));
#1043=SURFACE_STYLE_FILL_AREA(#1476);
#1044=ORIENTED_EDGE('',*,*,#1441,.F.);
#1045=ORIENTED_EDGE('',*,*,#1473,.F.);
#1046=ORIENTED_EDGE('',*,*,#1469,.F.);
#1047=ORIENTED_EDGE('',*,*,#1465,.F.);
#1048=ORIENTED_EDGE('',*,*,#1461,.F.);
#1049=ORIENTED_EDGE('',*,*,#1457,.F.);
#1050=ORIENTED_EDGE('',*,*,#1453,.F.);
#1051=ORIENTED_EDGE('',*,*,#1449,.F.);
#1052=ORIENTED_EDGE('',*,*,#1445,.F.);
#1053=ORIENTED_EDGE('',*,*,#1380,.F.);
#1054=CARTESIAN_POINT('',(3.0,1.3,1.9));
#1055=DIRECTION('',(0.0,0.0,-1.0));
#1056=DIRECTION('',(0.0,-1.0,0.0));
#1057=SURFACE_STYLE_FILL_AREA(#1477);
#1058=ORIENTED_EDGE('',*,*,#1478,.F.);
#1059=ORIENTED_EDGE('',*,*,#1479,.F.);
#1060=ORIENTED_EDGE('',*,*,#1480,.T.);
#1061=ORIENTED_EDGE('',*,*,#1481,.T.);
#1062=CARTESIAN_POINT('',(-3.53803292663774,-1.77114726543404,-2.6));
#1063=DIRECTION('',(0.890343551028259,0.455289315866724,0.0));
#1064=DIRECTION('',(0.0,0.0,-1.0));
#1065=SURFACE_STYLE_FILL_AREA(#1482);
#1066=ORIENTED_EDGE('',*,*,#1483,.F.);
#1067=ORIENTED_EDGE('',*,*,#1484,.F.);
#1068=ORIENTED_EDGE('',*,*,#1485,.T.);
#1069=ORIENTED_EDGE('',*,*,#1479,.T.);
#1070=CARTESIAN_POINT('',(-3.1,-2.62774498863674,-2.6));
#1071=DIRECTION('',(1.0,-1.98878017710162E-015,0.0));
#1072=DIRECTION('',(0.0,0.0,1.0));
#1073=SURFACE_STYLE_FILL_AREA(#1486);
#1074=ORIENTED_EDGE('',*,*,#1487,.F.);
#1075=ORIENTED_EDGE('',*,*,#1488,.F.);
#1076=ORIENTED_EDGE('',*,*,#1489,.T.);
#1077=ORIENTED_EDGE('',*,*,#1484,.T.);
#1078=CARTESIAN_POINT('',(-3.4,-3.5,-2.6));
#1079=DIRECTION('',(-2.89120579329468E-015,-1.0,0.0));
#1080=DIRECTION('',(-1.0,2.89120579329468E-015,0.0));
#1081=SURFACE_STYLE_FILL_AREA(#1490);
#1082=ORIENTED_EDGE('',*,*,#1491,.F.);
#1083=ORIENTED_EDGE('',*,*,#1492,.F.);
#1084=ORIENTED_EDGE('',*,*,#1493,.T.);
#1085=ORIENTED_EDGE('',*,*,#1488,.T.);
#1086=CARTESIAN_POINT('',(-3.4,-2.7,-2.6));
#1087=DIRECTION('',(-1.0,2.16840434497101E-015,0.0));
#1088=DIRECTION('',(0.0,0.0,1.0));
#1089=SURFACE_STYLE_FILL_AREA(#1494);
#1090=ORIENTED_EDGE('',*,*,#1495,.F.);
#1091=ORIENTED_EDGE('',*,*,#1496,.F.);
#1092=ORIENTED_EDGE('',*,*,#1497,.T.);
#1093=ORIENTED_EDGE('',*,*,#1492,.T.);
#1094=CARTESIAN_POINT('',(-3.85,-1.82,-2.6));
#1095=DIRECTION('',(-0.890343551028259,-0.455289315866724,0.0));
#1096=DIRECTION('',(-0.455289315866724,0.890343551028259,0.0));
#1097=SURFACE_STYLE_FILL_AREA(#1498);
#1098=ORIENTED_EDGE('',*,*,#1499,.F.);
#1099=ORIENTED_EDGE('',*,*,#1500,.F.);
#1100=ORIENTED_EDGE('',*,*,#1501,.T.);
#1101=ORIENTED_EDGE('',*,*,#1496,.T.);
#1102=CARTESIAN_POINT('',(-3.34,1.3,-2.6));
#1103=DIRECTION('',(-0.98690206536801,0.161320529915927,0.0));
#1104=DIRECTION('',(0.0,0.0,1.0));
#1105=SURFACE_STYLE_FILL_AREA(#1502);
#1106=ORIENTED_EDGE('',*,*,#1503,.F.);
#1107=ORIENTED_EDGE('',*,*,#1395,.F.);
#1108=ORIENTED_EDGE('',*,*,#1504,.T.);
#1109=ORIENTED_EDGE('',*,*,#1500,.T.);
#1110=CARTESIAN_POINT('',(-3.0,1.3,-2.6));
#1111=DIRECTION('',(0.0,1.0,0.0));
#1112=DIRECTION('',(1.0,0.0,-0.0));
#1113=SURFACE_STYLE_FILL_AREA(#1505);
#1114=ORIENTED_EDGE('',*,*,#1506,.F.);
#1115=ORIENTED_EDGE('',*,*,#1507,.F.);
#1116=ORIENTED_EDGE('',*,*,#1508,.T.);
#1117=ORIENTED_EDGE('',*,*,#1397,.T.);
#1118=CARTESIAN_POINT('',(-3.0,1.0,-2.6));
#1119=DIRECTION('',(0.0,-1.0,0.0));
#1120=DIRECTION('',(0.0,0.0,-1.0));
#1121=SURFACE_STYLE_FILL_AREA(#1509);
#1122=ORIENTED_EDGE('',*,*,#1510,.F.);
#1123=ORIENTED_EDGE('',*,*,#1481,.F.);
#1124=ORIENTED_EDGE('',*,*,#1511,.T.);
#1125=ORIENTED_EDGE('',*,*,#1507,.T.);
#1126=CARTESIAN_POINT('',(-3.0850569313264,1.0,-2.6));
#1127=DIRECTION('',(0.98690206536801,-0.161320529915927,0.0));
#1128=DIRECTION('',(0.0,0.0,-1.0));
#1129=SURFACE_STYLE_FILL_AREA(#1512);
#1130=ORIENTED_EDGE('',*,*,#1480,.F.);
#1131=ORIENTED_EDGE('',*,*,#1485,.F.);
#1132=ORIENTED_EDGE('',*,*,#1489,.F.);
#1133=ORIENTED_EDGE('',*,*,#1493,.F.);
#1134=ORIENTED_EDGE('',*,*,#1497,.F.);
#1135=ORIENTED_EDGE('',*,*,#1501,.F.);
#1136=ORIENTED_EDGE('',*,*,#1504,.F.);
#1137=ORIENTED_EDGE('',*,*,#1394,.F.);
#1138=ORIENTED_EDGE('',*,*,#1508,.F.);
#1139=ORIENTED_EDGE('',*,*,#1511,.F.);
#1140=CARTESIAN_POINT('',(-5.10850596009833,1.3,-2.6));
#1141=DIRECTION('',(0.0,0.0,1.0));
#1142=DIRECTION('',(1.0,-0.0,0.0));
#1143=SURFACE_STYLE_FILL_AREA(#1513);
#1144=ORIENTED_EDGE('',*,*,#1478,.T.);
#1145=ORIENTED_EDGE('',*,*,#1510,.T.);
#1146=ORIENTED_EDGE('',*,*,#1506,.T.);
#1147=ORIENTED_EDGE('',*,*,#1396,.T.);
#1148=ORIENTED_EDGE('',*,*,#1503,.T.);
#1149=ORIENTED_EDGE('',*,*,#1499,.T.);
#1150=ORIENTED_EDGE('',*,*,#1495,.T.);
#1151=ORIENTED_EDGE('',*,*,#1491,.T.);
#1152=ORIENTED_EDGE('',*,*,#1487,.T.);
#1153=ORIENTED_EDGE('',*,*,#1483,.T.);
#1154=CARTESIAN_POINT('',(-5.10850596009833,1.3,-1.9));
#1155=DIRECTION('',(0.0,0.0,1.0));
#1156=DIRECTION('',(1.0,-0.0,0.0));
#1157=SURFACE_STYLE_FILL_AREA(#1514);
#1158=ORIENTED_EDGE('',*,*,#1515,.F.);
#1159=ORIENTED_EDGE('',*,*,#1516,.F.);
#1160=ORIENTED_EDGE('',*,*,#1517,.T.);
#1161=ORIENTED_EDGE('',*,*,#1385,.T.);
#1162=CARTESIAN_POINT('',(3.0,1.3,-2.6));
#1163=DIRECTION('',(0.0,1.0,0.0));
#1164=DIRECTION('',(1.0,0.0,-0.0));
#1165=SURFACE_STYLE_FILL_AREA(#1518);
#1166=ORIENTED_EDGE('',*,*,#1519,.F.);
#1167=ORIENTED_EDGE('',*,*,#1520,.F.);
#1168=ORIENTED_EDGE('',*,*,#1521,.T.);
#1169=ORIENTED_EDGE('',*,*,#1516,.T.);
#1170=CARTESIAN_POINT('',(3.34,1.3,-2.6));
#1171=DIRECTION('',(0.98690206536801,0.161320529915927,0.0));
#1172=DIRECTION('',(0.0,0.0,-1.0));
#1173=SURFACE_STYLE_FILL_AREA(#1522);
#1174=ORIENTED_EDGE('',*,*,#1523,.F.);
#1175=ORIENTED_EDGE('',*,*,#1524,.F.);
#1176=ORIENTED_EDGE('',*,*,#1525,.T.);
#1177=ORIENTED_EDGE('',*,*,#1520,.T.);
#1178=CARTESIAN_POINT('',(3.85,-1.82,-2.6));
#1179=DIRECTION('',(0.890343551028259,-0.455289315866724,0.0));
#1180=DIRECTION('',(0.0,0.0,-1.0));
#1181=SURFACE_STYLE_FILL_AREA(#1526);
#1182=ORIENTED_EDGE('',*,*,#1527,.F.);
#1183=ORIENTED_EDGE('',*,*,#1528,.F.);
#1184=ORIENTED_EDGE('',*,*,#1529,.T.);
#1185=ORIENTED_EDGE('',*,*,#1524,.T.);
#1186=CARTESIAN_POINT('',(3.4,-2.7,-2.6));
#1187=DIRECTION('',(1.0,1.01957882312477E-044,4.70197740328916E-030));
#1188=DIRECTION('',(0.0,1.0,-2.16840434497101E-015));
#1189=SURFACE_STYLE_FILL_AREA(#1530);
#1190=ORIENTED_EDGE('',*,*,#1531,.F.);
#1191=ORIENTED_EDGE('',*,*,#1532,.F.);
#1192=ORIENTED_EDGE('',*,*,#1533,.T.);
#1193=ORIENTED_EDGE('',*,*,#1528,.T.);
#1194=CARTESIAN_POINT('',(3.4,-3.5,-2.6));
#1195=DIRECTION('',(2.89120579329468E-015,-1.0,0.0));
#1196=DIRECTION('',(0.0,0.0,-1.0));
#1197=SURFACE_STYLE_FILL_AREA(#1534);
#1198=ORIENTED_EDGE('',*,*,#1535,.F.);
#1199=ORIENTED_EDGE('',*,*,#1536,.F.);
#1200=ORIENTED_EDGE('',*,*,#1537,.T.);
#1201=ORIENTED_EDGE('',*,*,#1532,.T.);
#1202=CARTESIAN_POINT('',(3.1,-2.62774498863674,-2.6));
#1203=DIRECTION('',(-1.0,-1.98878017710162E-015,0.0));
#1204=DIRECTION('',(-1.98878017710162E-015,1.0,0.0));
#1205=SURFACE_STYLE_FILL_AREA(#1538);
#1206=ORIENTED_EDGE('',*,*,#1539,.F.);
#1207=ORIENTED_EDGE('',*,*,#1540,.F.);
#1208=ORIENTED_EDGE('',*,*,#1541,.T.);
#1209=ORIENTED_EDGE('',*,*,#1536,.T.);
#1210=CARTESIAN_POINT('',(3.53803292663774,-1.77114726543404,-2.6));
#1211=DIRECTION('',(-0.890343551028259,0.455289315866724,0.0));
#1212=DIRECTION('',(0.0,0.0,1.0));
#1213=SURFACE_STYLE_FILL_AREA(#1542);
#1214=ORIENTED_EDGE('',*,*,#1543,.F.);
#1215=ORIENTED_EDGE('',*,*,#1544,.F.);
#1216=ORIENTED_EDGE('',*,*,#1545,.T.);
#1217=ORIENTED_EDGE('',*,*,#1540,.T.);
#1218=CARTESIAN_POINT('',(3.0850569313264,1.0,-2.6));
#1219=DIRECTION('',(-0.98690206536801,-0.161320529915927,0.0));
#1220=DIRECTION('',(-0.161320529915927,0.98690206536801,0.0));
#1221=SURFACE_STYLE_FILL_AREA(#1546);
#1222=ORIENTED_EDGE('',*,*,#1547,.F.);
#1223=ORIENTED_EDGE('',*,*,#1383,.F.);
#1224=ORIENTED_EDGE('',*,*,#1548,.T.);
#1225=ORIENTED_EDGE('',*,*,#1544,.T.);
#1226=CARTESIAN_POINT('',(3.0,1.0,-2.6));
#1227=DIRECTION('',(0.0,-1.0,0.0));
#1228=DIRECTION('',(0.0,0.0,-1.0));
#1229=SURFACE_STYLE_FILL_AREA(#1549);
#1230=ORIENTED_EDGE('',*,*,#1517,.F.);
#1231=ORIENTED_EDGE('',*,*,#1521,.F.);
#1232=ORIENTED_EDGE('',*,*,#1525,.F.);
#1233=ORIENTED_EDGE('',*,*,#1529,.F.);
#1234=ORIENTED_EDGE('',*,*,#1533,.F.);
#1235=ORIENTED_EDGE('',*,*,#1537,.F.);
#1236=ORIENTED_EDGE('',*,*,#1541,.F.);
#1237=ORIENTED_EDGE('',*,*,#1545,.F.);
#1238=ORIENTED_EDGE('',*,*,#1548,.F.);
#1239=ORIENTED_EDGE('',*,*,#1382,.F.);
#1240=CARTESIAN_POINT('',(3.0,1.3,-2.6));
#1241=DIRECTION('',(0.0,0.0,1.0));
#1242=DIRECTION('',(1.0,-0.0,0.0));
#1243=SURFACE_STYLE_FILL_AREA(#1550);
#1244=ORIENTED_EDGE('',*,*,#1515,.T.);
#1245=ORIENTED_EDGE('',*,*,#1384,.T.);
#1246=ORIENTED_EDGE('',*,*,#1547,.T.);
#1247=ORIENTED_EDGE('',*,*,#1543,.T.);
#1248=ORIENTED_EDGE('',*,*,#1539,.T.);
#1249=ORIENTED_EDGE('',*,*,#1535,.T.);
#1250=ORIENTED_EDGE('',*,*,#1531,.T.);
#1251=ORIENTED_EDGE('',*,*,#1527,.T.);
#1252=ORIENTED_EDGE('',*,*,#1523,.T.);
#1253=ORIENTED_EDGE('',*,*,#1519,.T.);
#1254=CARTESIAN_POINT('',(3.0,1.3,-1.9));
#1255=DIRECTION('',(0.0,0.0,1.0));
#1256=DIRECTION('',(1.0,-0.0,0.0));
#1257=SURFACE_STYLE_FILL_AREA(#1551);
#1258=ORIENTED_EDGE('',*,*,#1361,.F.);
#1259=ORIENTED_EDGE('',*,*,#1552,.F.);
#1260=ORIENTED_EDGE('',*,*,#1363,.T.);
#1261=ORIENTED_EDGE('',*,*,#1371,.T.);
#1262=CARTESIAN_POINT('',(-2.45752492430047E-016,1.7,0.0));
#1263=DIRECTION('',(1.23908819712629E-016,-1.0,0.0));
#1264=DIRECTION('',(-1.0,-1.23908819712629E-016,0.0));
#1265=SURFACE_STYLE_FILL_AREA(#1553);
#1266=ORIENTED_EDGE('',*,*,#1552,.T.);
#1267=ORIENTED_EDGE('',*,*,#1360,.T.);
#1268=CARTESIAN_POINT('',(-2.45752492430047E-016,1.7,0.0));
#1269=DIRECTION('',(-3.02097429074006E-048,1.0,2.08976773479518E-032));
#1270=DIRECTION('',(1.0,0.0,1.44560289664734E-016));
#1271=SURFACE_STYLE_FILL_AREA(#1554);
#1272=ORIENTED_EDGE('',*,*,#1356,.F.);
#1273=ORIENTED_EDGE('',*,*,#1555,.F.);
#1274=ORIENTED_EDGE('',*,*,#1358,.T.);
#1275=ORIENTED_EDGE('',*,*,#1370,.T.);
#1276=CARTESIAN_POINT('',(2.15,3.9,2.15));
#1277=DIRECTION('',(0.0,1.0,-0.0));
#1278=DIRECTION('',(1.0,0.0,0.0));
#1279=SURFACE_STYLE_FILL_AREA(#1556);
#1280=ORIENTED_EDGE('',*,*,#1555,.T.);
#1281=ORIENTED_EDGE('',*,*,#1355,.T.);
#1282=CARTESIAN_POINT('',(2.15,3.9,2.15));
#1283=DIRECTION('',(-3.02097429074006E-048,1.0,2.08976773479518E-032));
#1284=DIRECTION('',(1.0,0.0,1.44560289664734E-016));
#1285=SURFACE_STYLE_FILL_AREA(#1557);
#1286=ORIENTED_EDGE('',*,*,#1351,.F.);
#1287=ORIENTED_EDGE('',*,*,#1558,.F.);
#1288=ORIENTED_EDGE('',*,*,#1353,.T.);
#1289=ORIENTED_EDGE('',*,*,#1372,.T.);
#1290=CARTESIAN_POINT('',(-2.15,3.9,2.15));
#1291=DIRECTION('',(0.0,1.0,-0.0));
#1292=DIRECTION('',(1.0,0.0,0.0));
#1293=SURFACE_STYLE_FILL_AREA(#1559);
#1294=ORIENTED_EDGE('',*,*,#1558,.T.);
#1295=ORIENTED_EDGE('',*,*,#1350,.T.);
#1296=CARTESIAN_POINT('',(-2.15,3.9,2.15));
#1297=DIRECTION('',(-3.02097429074006E-048,1.0,2.08976773479518E-032));
#1298=DIRECTION('',(1.0,0.0,1.44560289664734E-016));
#1299=SURFACE_STYLE_FILL_AREA(#1560);
#1300=ORIENTED_EDGE('',*,*,#1346,.F.);
#1301=ORIENTED_EDGE('',*,*,#1561,.F.);
#1302=ORIENTED_EDGE('',*,*,#1348,.T.);
#1303=ORIENTED_EDGE('',*,*,#1369,.T.);
#1304=CARTESIAN_POINT('',(-2.15,3.9,-2.15));
#1305=DIRECTION('',(0.0,1.0,-0.0));
#1306=DIRECTION('',(1.0,0.0,0.0));
#1307=SURFACE_STYLE_FILL_AREA(#1562);
#1308=ORIENTED_EDGE('',*,*,#1561,.T.);
#1309=ORIENTED_EDGE('',*,*,#1345,.T.);
#1310=CARTESIAN_POINT('',(-2.15,3.9,-2.15));
#1311=DIRECTION('',(-3.02097429074006E-048,1.0,2.08976773479518E-032));
#1312=DIRECTION('',(1.0,0.0,1.44560289664734E-016));
#1313=SURFACE_STYLE_FILL_AREA(#1563);
#1314=ORIENTED_EDGE('',*,*,#1341,.F.);
#1315=ORIENTED_EDGE('',*,*,#1564,.F.);
#1316=ORIENTED_EDGE('',*,*,#1343,.T.);
#1317=ORIENTED_EDGE('',*,*,#1373,.T.);
#1318=CARTESIAN_POINT('',(2.15,3.9,-2.15));
#1319=DIRECTION('',(0.0,1.0,-0.0));
#1320=DIRECTION('',(1.0,0.0,0.0));
#1321=SURFACE_STYLE_FILL_AREA(#1565);
#1322=ORIENTED_EDGE('',*,*,#1564,.T.);
#1323=ORIENTED_EDGE('',*,*,#1340,.T.);
#1324=CARTESIAN_POINT('',(2.15,3.9,-2.15));
#1325=DIRECTION('',(-3.02097429074006E-048,1.0,2.08976773479518E-032));
#1326=DIRECTION('',(1.0,0.0,1.44560289664734E-016));
#1327=SURFACE_STYLE_FILL_AREA(#1566);
#1328=FILL_AREA_STYLE('',(#1567));
#1329=EDGE_CURVE('NONE',#1568,#1569,#1570,.T.);
#1330=EDGE_CURVE('NONE',#1569,#1571,#1572,.T.);
#1331=EDGE_CURVE('NONE',#1573,#1571,#1574,.T.);
#1332=EDGE_CURVE('NONE',#1568,#1573,#1575,.T.);
#1333=FILL_AREA_STYLE('',(#1576));
#1334=EDGE_CURVE('NONE',#1569,#1568,#1577,.T.);
#1335=EDGE_CURVE('NONE',#1571,#1573,#1578,.T.);
#1336=FILL_AREA_STYLE('',(#1579));
#1337=FILL_AREA_STYLE('',(#1580));
#1338=FILL_AREA_STYLE('',(#1581));
#1339=FILL_AREA_STYLE('',(#1582));
#1340=EDGE_CURVE('NONE',#1583,#1584,#1585,.T.);
#1341=EDGE_CURVE('NONE',#1583,#1586,#1587,.T.);
#1342=EDGE_CURVE('NONE',#1586,#1588,#1589,.T.);
#1343=EDGE_CURVE('NONE',#1584,#1588,#1590,.T.);
#1344=FILL_AREA_STYLE('',(#1591));
#1345=EDGE_CURVE('NONE',#1592,#1593,#1594,.T.);
#1346=EDGE_CURVE('NONE',#1592,#1595,#1596,.T.);
#1347=EDGE_CURVE('NONE',#1595,#1597,#1598,.T.);
#1348=EDGE_CURVE('NONE',#1593,#1597,#1599,.T.);
#1349=FILL_AREA_STYLE('',(#1600));
#1350=EDGE_CURVE('NONE',#1601,#1602,#1603,.T.);
#1351=EDGE_CURVE('NONE',#1601,#1604,#1605,.T.);
#1352=EDGE_CURVE('NONE',#1604,#1606,#1607,.T.);
#1353=EDGE_CURVE('NONE',#1602,#1606,#1608,.T.);
#1354=FILL_AREA_STYLE('',(#1609));
#1355=EDGE_CURVE('NONE',#1610,#1611,#1612,.T.);
#1356=EDGE_CURVE('NONE',#1610,#1613,#1614,.T.);
#1357=EDGE_CURVE('NONE',#1613,#1615,#1616,.T.);
#1358=EDGE_CURVE('NONE',#1611,#1615,#1617,.T.);
#1359=FILL_AREA_STYLE('',(#1618));
#1360=EDGE_CURVE('NONE',#1619,#1620,#1621,.T.);
#1361=EDGE_CURVE('NONE',#1619,#1622,#1623,.T.);
#1362=EDGE_CURVE('NONE',#1622,#1624,#1625,.T.);
#1363=EDGE_CURVE('NONE',#1620,#1624,#1626,.T.);
#1364=FILL_AREA_STYLE('',(#1627));
#1365=EDGE_CURVE('NONE',#1628,#1629,#1630,.T.);
#1366=EDGE_CURVE('NONE',#1631,#1629,#1632,.T.);
#1367=EDGE_CURVE('NONE',#1633,#1631,#1634,.T.);
#1368=EDGE_CURVE('NONE',#1633,#1628,#1635,.T.);
#1369=EDGE_CURVE('NONE',#1597,#1595,#1636,.T.);
#1370=EDGE_CURVE('NONE',#1615,#1613,#1637,.T.);
#1371=EDGE_CURVE('NONE',#1624,#1622,#1638,.T.);
#1372=EDGE_CURVE('NONE',#1606,#1604,#1639,.T.);
#1373=EDGE_CURVE('NONE',#1588,#1586,#1640,.T.);
#1374=FILL_AREA_STYLE('',(#1641));
#1375=EDGE_CURVE('NONE',#1642,#1628,#1643,.T.);
#1376=EDGE_CURVE('NONE',#1644,#1633,#1645,.T.);
#1377=EDGE_CURVE('NONE',#1644,#1642,#1646,.T.);
#1378=EDGE_CURVE('NONE',#1647,#1648,#1649,.T.);
#1379=EDGE_CURVE('NONE',#1647,#1650,#1651,.T.);
#1380=EDGE_CURVE('NONE',#1650,#1652,#1653,.T.);
#1381=EDGE_CURVE('NONE',#1648,#1652,#1654,.T.);
#1382=EDGE_CURVE('NONE',#1655,#1656,#1657,.T.);
#1383=EDGE_CURVE('NONE',#1656,#1658,#1659,.T.);
#1384=EDGE_CURVE('NONE',#1660,#1658,#1661,.T.);
#1385=EDGE_CURVE('NONE',#1655,#1660,#1662,.T.);
#1386=FILL_AREA_STYLE('',(#1663));
#1387=EDGE_CURVE('NONE',#1629,#1664,#1665,.T.);
#1388=EDGE_CURVE('NONE',#1666,#1664,#1667,.T.);
#1389=EDGE_CURVE('NONE',#1631,#1666,#1668,.T.);
#1390=EDGE_CURVE('NONE',#1669,#1670,#1671,.T.);
#1391=EDGE_CURVE('NONE',#1669,#1672,#1673,.T.);
#1392=EDGE_CURVE('NONE',#1672,#1674,#1675,.T.);
#1393=EDGE_CURVE('NONE',#1670,#1674,#1676,.T.);
#1394=EDGE_CURVE('NONE',#1677,#1678,#1679,.T.);
#1395=EDGE_CURVE('NONE',#1678,#1680,#1681,.T.);
#1396=EDGE_CURVE('NONE',#1682,#1680,#1683,.T.);
#1397=EDGE_CURVE('NONE',#1677,#1682,#1684,.T.);
#1398=FILL_AREA_STYLE('',(#1685));
#1399=EDGE_CURVE('NONE',#1664,#1642,#1686,.T.);
#1400=EDGE_CURVE('NONE',#1666,#1644,#1687,.T.);
#1401=FILL_AREA_STYLE('',(#1688));
#1402=FILL_AREA_STYLE('',(#1689));
#1403=FILL_AREA_STYLE('',(#1690));
#1404=EDGE_CURVE('NONE',#1691,#1692,#1693,.T.);
#1405=EDGE_CURVE('NONE',#1694,#1692,#1695,.T.);
#1406=EDGE_CURVE('NONE',#1696,#1694,#1697,.T.);
#1407=EDGE_CURVE('NONE',#1696,#1691,#1698,.T.);
#1408=FILL_AREA_STYLE('',(#1699));
#1409=EDGE_CURVE('NONE',#1692,#1700,#1701,.T.);
#1410=EDGE_CURVE('NONE',#1702,#1700,#1703,.T.);
#1411=EDGE_CURVE('NONE',#1694,#1702,#1704,.T.);
#1412=FILL_AREA_STYLE('',(#1705));
#1413=EDGE_CURVE('NONE',#1700,#1672,#1706,.T.);
#1414=EDGE_CURVE('NONE',#1702,#1669,#1707,.T.);
#1415=FILL_AREA_STYLE('',(#1708));
#1416=EDGE_CURVE('NONE',#1674,#1709,#1710,.T.);
#1417=EDGE_CURVE('NONE',#1711,#1709,#1712,.T.);
#1418=EDGE_CURVE('NONE',#1670,#1711,#1713,.T.);
#1419=FILL_AREA_STYLE('',(#1714));
#1420=EDGE_CURVE('NONE',#1709,#1715,#1716,.T.);
#1421=EDGE_CURVE('NONE',#1717,#1715,#1718,.T.);
#1422=EDGE_CURVE('NONE',#1711,#1717,#1719,.T.);
#1423=FILL_AREA_STYLE('',(#1720));
#1424=EDGE_CURVE('NONE',#1715,#1721,#1722,.T.);
#1425=EDGE_CURVE('NONE',#1723,#1721,#1724,.T.);
#1426=EDGE_CURVE('NONE',#1717,#1723,#1725,.T.);
#1427=FILL_AREA_STYLE('',(#1726));
#1428=EDGE_CURVE('NONE',#1721,#1727,#1728,.T.);
#1429=EDGE_CURVE('NONE',#1729,#1727,#1730,.T.);
#1430=EDGE_CURVE('NONE',#1723,#1729,#1731,.T.);
#1431=FILL_AREA_STYLE('',(#1732));
#1432=EDGE_CURVE('NONE',#1727,#1733,#1734,.T.);
#1433=EDGE_CURVE('NONE',#1735,#1733,#1736,.T.);
#1434=EDGE_CURVE('NONE',#1729,#1735,#1737,.T.);
#1435=FILL_AREA_STYLE('',(#1738));
#1436=EDGE_CURVE('NONE',#1733,#1691,#1739,.T.);
#1437=EDGE_CURVE('NONE',#1735,#1696,#1740,.T.);
#1438=FILL_AREA_STYLE('',(#1741));
#1439=FILL_AREA_STYLE('',(#1742));
#1440=FILL_AREA_STYLE('',(#1743));
#1441=EDGE_CURVE('NONE',#1744,#1650,#1745,.T.);
#1442=EDGE_CURVE('NONE',#1746,#1647,#1747,.T.);
#1443=EDGE_CURVE('NONE',#1746,#1744,#1748,.T.);
#1444=FILL_AREA_STYLE('',(#1749));
#1445=EDGE_CURVE('NONE',#1652,#1750,#1751,.T.);
#1446=EDGE_CURVE('NONE',#1752,#1750,#1753,.T.);
#1447=EDGE_CURVE('NONE',#1648,#1752,#1754,.T.);
#1448=FILL_AREA_STYLE('',(#1755));
#1449=EDGE_CURVE('NONE',#1750,#1756,#1757,.T.);
#1450=EDGE_CURVE('NONE',#1758,#1756,#1759,.T.);
#1451=EDGE_CURVE('NONE',#1752,#1758,#1760,.T.);
#1452=FILL_AREA_STYLE('',(#1761));
#1453=EDGE_CURVE('NONE',#1756,#1762,#1763,.T.);
#1454=EDGE_CURVE('NONE',#1764,#1762,#1765,.T.);
#1455=EDGE_CURVE('NONE',#1758,#1764,#1766,.T.);
#1456=FILL_AREA_STYLE('',(#1767));
#1457=EDGE_CURVE('NONE',#1762,#1768,#1769,.T.);
#1458=EDGE_CURVE('NONE',#1770,#1768,#1771,.T.);
#1459=EDGE_CURVE('NONE',#1764,#1770,#1772,.T.);
#1460=FILL_AREA_STYLE('',(#1773));
#1461=EDGE_CURVE('NONE',#1768,#1774,#1775,.T.);
#1462=EDGE_CURVE('NONE',#1776,#1774,#1777,.T.);
#1463=EDGE_CURVE('NONE',#1770,#1776,#1778,.T.);
#1464=FILL_AREA_STYLE('',(#1779));
#1465=EDGE_CURVE('NONE',#1774,#1780,#1781,.T.);
#1466=EDGE_CURVE('NONE',#1782,#1780,#1783,.T.);
#1467=EDGE_CURVE('NONE',#1776,#1782,#1784,.T.);
#1468=FILL_AREA_STYLE('',(#1785));
#1469=EDGE_CURVE('NONE',#1780,#1786,#1787,.T.);
#1470=EDGE_CURVE('NONE',#1788,#1786,#1789,.T.);
#1471=EDGE_CURVE('NONE',#1782,#1788,#1790,.T.);
#1472=FILL_AREA_STYLE('',(#1791));
#1473=EDGE_CURVE('NONE',#1786,#1744,#1792,.T.);
#1474=EDGE_CURVE('NONE',#1788,#1746,#1793,.T.);
#1475=FILL_AREA_STYLE('',(#1794));
#1476=FILL_AREA_STYLE('',(#1795));
#1477=FILL_AREA_STYLE('',(#1796));
#1478=EDGE_CURVE('NONE',#1797,#1798,#1799,.T.);
#1479=EDGE_CURVE('NONE',#1800,#1797,#1801,.T.);
#1480=EDGE_CURVE('NONE',#1800,#1802,#1803,.T.);
#1481=EDGE_CURVE('NONE',#1802,#1798,#1804,.T.);
#1482=FILL_AREA_STYLE('',(#1805));
#1483=EDGE_CURVE('NONE',#1806,#1797,#1807,.T.);
#1484=EDGE_CURVE('NONE',#1808,#1806,#1809,.T.);
#1485=EDGE_CURVE('NONE',#1808,#1800,#1810,.T.);
#1486=FILL_AREA_STYLE('',(#1811));
#1487=EDGE_CURVE('NONE',#1812,#1806,#1813,.T.);
#1488=EDGE_CURVE('NONE',#1814,#1812,#1815,.T.);
#1489=EDGE_CURVE('NONE',#1814,#1808,#1816,.T.);
#1490=FILL_AREA_STYLE('',(#1817));
#1491=EDGE_CURVE('NONE',#1818,#1812,#1819,.T.);
#1492=EDGE_CURVE('NONE',#1820,#1818,#1821,.T.);
#1493=EDGE_CURVE('NONE',#1820,#1814,#1822,.T.);
#1494=FILL_AREA_STYLE('',(#1823));
#1495=EDGE_CURVE('NONE',#1824,#1818,#1825,.T.);
#1496=EDGE_CURVE('NONE',#1826,#1824,#1827,.T.);
#1497=EDGE_CURVE('NONE',#1826,#1820,#1828,.T.);
#1498=FILL_AREA_STYLE('',(#1829));
#1499=EDGE_CURVE('NONE',#1830,#1824,#1831,.T.);
#1500=EDGE_CURVE('NONE',#1832,#1830,#1833,.T.);
#1501=EDGE_CURVE('NONE',#1832,#1826,#1834,.T.);
#1502=FILL_AREA_STYLE('',(#1835));
#1503=EDGE_CURVE('NONE',#1680,#1830,#1836,.T.);
#1504=EDGE_CURVE('NONE',#1678,#1832,#1837,.T.);
#1505=FILL_AREA_STYLE('',(#1838));
#1506=EDGE_CURVE('NONE',#1839,#1682,#1840,.T.);
#1507=EDGE_CURVE('NONE',#1841,#1839,#1842,.T.);
#1508=EDGE_CURVE('NONE',#1841,#1677,#1843,.T.);
#1509=FILL_AREA_STYLE('',(#1844));
#1510=EDGE_CURVE('NONE',#1798,#1839,#1845,.T.);
#1511=EDGE_CURVE('NONE',#1802,#1841,#1846,.T.);
#1512=FILL_AREA_STYLE('',(#1847));
#1513=FILL_AREA_STYLE('',(#1848));
#1514=FILL_AREA_STYLE('',(#1849));
#1515=EDGE_CURVE('NONE',#1850,#1660,#1851,.T.);
#1516=EDGE_CURVE('NONE',#1852,#1850,#1853,.T.);
#1517=EDGE_CURVE('NONE',#1852,#1655,#1854,.T.);
#1518=FILL_AREA_STYLE('',(#1855));
#1519=EDGE_CURVE('NONE',#1856,#1850,#1857,.T.);
#1520=EDGE_CURVE('NONE',#1858,#1856,#1859,.T.);
#1521=EDGE_CURVE('NONE',#1858,#1852,#1860,.T.);
#1522=FILL_AREA_STYLE('',(#1861));
#1523=EDGE_CURVE('NONE',#1862,#1856,#1863,.T.);
#1524=EDGE_CURVE('NONE',#1864,#1862,#1865,.T.);
#1525=EDGE_CURVE('NONE',#1864,#1858,#1866,.T.);
#1526=FILL_AREA_STYLE('',(#1867));
#1527=EDGE_CURVE('NONE',#1868,#1862,#1869,.T.);
#1528=EDGE_CURVE('NONE',#1870,#1868,#1871,.T.);
#1529=EDGE_CURVE('NONE',#1870,#1864,#1872,.T.);
#1530=FILL_AREA_STYLE('',(#1873));
#1531=EDGE_CURVE('NONE',#1874,#1868,#1875,.T.);
#1532=EDGE_CURVE('NONE',#1876,#1874,#1877,.T.);
#1533=EDGE_CURVE('NONE',#1876,#1870,#1878,.T.);
#1534=FILL_AREA_STYLE('',(#1879));
#1535=EDGE_CURVE('NONE',#1880,#1874,#1881,.T.);
#1536=EDGE_CURVE('NONE',#1882,#1880,#1883,.T.);
#1537=EDGE_CURVE('NONE',#1882,#1876,#1884,.T.);
#1538=FILL_AREA_STYLE('',(#1885));
#1539=EDGE_CURVE('NONE',#1886,#1880,#1887,.T.);
#1540=EDGE_CURVE('NONE',#1888,#1886,#1889,.T.);
#1541=EDGE_CURVE('NONE',#1888,#1882,#1890,.T.);
#1542=FILL_AREA_STYLE('',(#1891));
#1543=EDGE_CURVE('NONE',#1892,#1886,#1893,.T.);
#1544=EDGE_CURVE('NONE',#1894,#1892,#1895,.T.);
#1545=EDGE_CURVE('NONE',#1894,#1888,#1896,.T.);
#1546=FILL_AREA_STYLE('',(#1897));
#1547=EDGE_CURVE('NONE',#1658,#1892,#1898,.T.);
#1548=EDGE_CURVE('NONE',#1656,#1894,#1899,.T.);
#1549=FILL_AREA_STYLE('',(#1900));
#1550=FILL_AREA_STYLE('',(#1901));
#1551=FILL_AREA_STYLE('',(#1902));
#1552=EDGE_CURVE('NONE',#1620,#1619,#1903,.T.);
#1553=FILL_AREA_STYLE('',(#1904));
#1554=FILL_AREA_STYLE('',(#1905));
#1555=EDGE_CURVE('NONE',#1611,#1610,#1906,.T.);
#1556=FILL_AREA_STYLE('',(#1907));
#1557=FILL_AREA_STYLE('',(#1908));
#1558=EDGE_CURVE('NONE',#1602,#1601,#1909,.T.);
#1559=FILL_AREA_STYLE('',(#1910));
#1560=FILL_AREA_STYLE('',(#1911));
#1561=EDGE_CURVE('NONE',#1593,#1592,#1912,.T.);
#1562=FILL_AREA_STYLE('',(#1913));
#1563=FILL_AREA_STYLE('',(#1914));
#1564=EDGE_CURVE('NONE',#1584,#1583,#1915,.T.);
#1565=FILL_AREA_STYLE('',(#1916));
#1566=FILL_AREA_STYLE('',(#1917));
#1567=FILL_AREA_STYLE_COLOUR('',#1918);
#1568=VERTEX_POINT('NONE',#1919);
#1569=VERTEX_POINT('NONE',#1920);
#1570=CIRCLE('',#1921,1.75);
#1571=VERTEX_POINT('NONE',#1922);
#1572=LINE('',#1923,#1924);
#1573=VERTEX_POINT('NONE',#1925);
#1574=CIRCLE('',#1926,1.75);
#1575=LINE('',#1927,#1928);
#1576=FILL_AREA_STYLE_COLOUR('',#1929);
#1577=CIRCLE('',#1930,1.75);
#1578=CIRCLE('',#1931,1.75);
#1579=FILL_AREA_STYLE_COLOUR('',#1932);
#1580=FILL_AREA_STYLE_COLOUR('',#1933);
#1581=FILL_AREA_STYLE_COLOUR('',#1934);
#1582=FILL_AREA_STYLE_COLOUR('',#1935);
#1583=VERTEX_POINT('NONE',#1936);
#1584=VERTEX_POINT('NONE',#1937);
#1585=CIRCLE('',#1938,0.6);
#1586=VERTEX_POINT('NONE',#1939);
#1587=LINE('',#1940,#1941);
#1588=VERTEX_POINT('NONE',#1942);
#1589=CIRCLE('',#1943,0.6);
#1590=LINE('',#1944,#1945);
#1591=FILL_AREA_STYLE_COLOUR('',#1946);
#1592=VERTEX_POINT('NONE',#1947);
#1593=VERTEX_POINT('NONE',#1948);
#1594=CIRCLE('',#1949,0.6);
#1595=VERTEX_POINT('NONE',#1950);
#1596=LINE('',#1951,#1952);
#1597=VERTEX_POINT('NONE',#1953);
#1598=CIRCLE('',#1954,0.6);
#1599=LINE('',#1955,#1956);
#1600=FILL_AREA_STYLE_COLOUR('',#1957);
#1601=VERTEX_POINT('NONE',#1958);
#1602=VERTEX_POINT('NONE',#1959);
#1603=CIRCLE('',#1960,0.6);
#1604=VERTEX_POINT('NONE',#1961);
#1605=LINE('',#1962,#1963);
#1606=VERTEX_POINT('NONE',#1964);
#1607=CIRCLE('',#1965,0.6);
#1608=LINE('',#1966,#1967);
#1609=FILL_AREA_STYLE_COLOUR('',#1968);
#1610=VERTEX_POINT('NONE',#1969);
#1611=VERTEX_POINT('NONE',#1970);
#1612=CIRCLE('',#1971,0.6);
#1613=VERTEX_POINT('NONE',#1972);
#1614=LINE('',#1973,#1974);
#1615=VERTEX_POINT('NONE',#1975);
#1616=CIRCLE('',#1976,0.6);
#1617=LINE('',#1977,#1978);
#1618=FILL_AREA_STYLE_COLOUR('',#1979);
#1619=VERTEX_POINT('NONE',#1980);
#1620=VERTEX_POINT('NONE',#1981);
#1621=CIRCLE('',#1982,1.75);
#1622=VERTEX_POINT('NONE',#1983);
#1623=LINE('',#1984,#1985);
#1624=VERTEX_POINT('NONE',#1986);
#1625=CIRCLE('',#1987,1.75);
#1626=LINE('',#1988,#1989);
#1627=FILL_AREA_STYLE_COLOUR('',#1990);
#1628=VERTEX_POINT('NONE',#1991);
#1629=VERTEX_POINT('NONE',#1992);
#1630=LINE('',#1993,#1994);
#1631=VERTEX_POINT('NONE',#1995);
#1632=LINE('',#1996,#1997);
#1633=VERTEX_POINT('NONE',#1998);
#1634=LINE('',#1999,#2000);
#1635=LINE('',#2001,#2002);
#1636=CIRCLE('',#2003,0.6);
#1637=CIRCLE('',#2004,0.6);
#1638=CIRCLE('',#2005,1.75);
#1639=CIRCLE('',#2006,0.6);
#1640=CIRCLE('',#2007,0.6);
#1641=FILL_AREA_STYLE_COLOUR('',#2008);
#1642=VERTEX_POINT('NONE',#2009);
#1643=LINE('',#2010,#2011);
#1644=VERTEX_POINT('NONE',#2012);
#1645=LINE('',#2013,#2014);
#1646=LINE('',#2015,#2016);
#1647=VERTEX_POINT('NONE',#2017);
#1648=VERTEX_POINT('NONE',#2018);
#1649=LINE('',#2019,#2020);
#1650=VERTEX_POINT('NONE',#2021);
#1651=LINE('',#2022,#2023);
#1652=VERTEX_POINT('NONE',#2024);
#1653=LINE('',#2025,#2026);
#1654=LINE('',#2027,#2028);
#1655=VERTEX_POINT('NONE',#2029);
#1656=VERTEX_POINT('NONE',#2030);
#1657=LINE('',#2031,#2032);
#1658=VERTEX_POINT('NONE',#2033);
#1659=LINE('',#2034,#2035);
#1660=VERTEX_POINT('NONE',#2036);
#1661=LINE('',#2037,#2038);
#1662=LINE('',#2039,#2040);
#1663=FILL_AREA_STYLE_COLOUR('',#2041);
#1664=VERTEX_POINT('NONE',#2042);
#1665=LINE('',#2043,#2044);
#1666=VERTEX_POINT('NONE',#2045);
#1667=LINE('',#2046,#2047);
#1668=LINE('',#2048,#2049);
#1669=VERTEX_POINT('NONE',#2050);
#1670=VERTEX_POINT('NONE',#2051);
#1671=LINE('',#2052,#2053);
#1672=VERTEX_POINT('NONE',#2054);
#1673=LINE('',#2055,#2056);
#1674=VERTEX_POINT('NONE',#2057);
#1675=LINE('',#2058,#2059);
#1676=LINE('',#2060,#2061);
#1677=VERTEX_POINT('NONE',#2062);
#1678=VERTEX_POINT('NONE',#2063);
#1679=LINE('',#2064,#2065);
#1680=VERTEX_POINT('NONE',#2066);
#1681=LINE('',#2067,#2068);
#1682=VERTEX_POINT('NONE',#2069);
#1683=LINE('',#2070,#2071);
#1684=LINE('',#2072,#2073);
#1685=FILL_AREA_STYLE_COLOUR('',#2074);
#1686=LINE('',#2075,#2076);
#1687=LINE('',#2077,#2078);
#1688=FILL_AREA_STYLE_COLOUR('',#2079);
#1689=FILL_AREA_STYLE_COLOUR('',#2080);
#1690=FILL_AREA_STYLE_COLOUR('',#2081);
#1691=VERTEX_POINT('NONE',#2082);
#1692=VERTEX_POINT('NONE',#2083);
#1693=LINE('',#2084,#2085);
#1694=VERTEX_POINT('NONE',#2086);
#1695=LINE('',#2087,#2088);
#1696=VERTEX_POINT('NONE',#2089);
#1697=LINE('',#2090,#2091);
#1698=LINE('',#2092,#2093);
#1699=FILL_AREA_STYLE_COLOUR('',#2094);
#1700=VERTEX_POINT('NONE',#2095);
#1701=LINE('',#2096,#2097);
#1702=VERTEX_POINT('NONE',#2098);
#1703=LINE('',#2099,#2100);
#1704=LINE('',#2101,#2102);
#1705=FILL_AREA_STYLE_COLOUR('',#2103);
#1706=LINE('',#2104,#2105);
#1707=LINE('',#2106,#2107);
#1708=FILL_AREA_STYLE_COLOUR('',#2108);
#1709=VERTEX_POINT('NONE',#2109);
#1710=LINE('',#2110,#2111);
#1711=VERTEX_POINT('NONE',#2112);
#1712=LINE('',#2113,#2114);
#1713=LINE('',#2115,#2116);
#1714=FILL_AREA_STYLE_COLOUR('',#2117);
#1715=VERTEX_POINT('NONE',#2118);
#1716=LINE('',#2119,#2120);
#1717=VERTEX_POINT('NONE',#2121);
#1718=LINE('',#2122,#2123);
#1719=LINE('',#2124,#2125);
#1720=FILL_AREA_STYLE_COLOUR('',#2126);
#1721=VERTEX_POINT('NONE',#2127);
#1722=LINE('',#2128,#2129);
#1723=VERTEX_POINT('NONE',#2130);
#1724=LINE('',#2131,#2132);
#1725=LINE('',#2133,#2134);
#1726=FILL_AREA_STYLE_COLOUR('',#2135);
#1727=VERTEX_POINT('NONE',#2136);
#1728=LINE('',#2137,#2138);
#1729=VERTEX_POINT('NONE',#2139);
#1730=LINE('',#2140,#2141);
#1731=LINE('',#2142,#2143);
#1732=FILL_AREA_STYLE_COLOUR('',#2144);
#1733=VERTEX_POINT('NONE',#2145);
#1734=LINE('',#2146,#2147);
#1735=VERTEX_POINT('NONE',#2148);
#1736=LINE('',#2149,#2150);
#1737=LINE('',#2151,#2152);
#1738=FILL_AREA_STYLE_COLOUR('',#2153);
#1739=LINE('',#2154,#2155);
#1740=LINE('',#2156,#2157);
#1741=FILL_AREA_STYLE_COLOUR('',#2158);
#1742=FILL_AREA_STYLE_COLOUR('',#2159);
#1743=FILL_AREA_STYLE_COLOUR('',#2160);
#1744=VERTEX_POINT('NONE',#2161);
#1745=LINE('',#2162,#2163);
#1746=VERTEX_POINT('NONE',#2164);
#1747=LINE('',#2165,#2166);
#1748=LINE('',#2167,#2168);
#1749=FILL_AREA_STYLE_COLOUR('',#2169);
#1750=VERTEX_POINT('NONE',#2170);
#1751=LINE('',#2171,#2172);
#1752=VERTEX_POINT('NONE',#2173);
#1753=LINE('',#2174,#2175);
#1754=LINE('',#2176,#2177);
#1755=FILL_AREA_STYLE_COLOUR('',#2178);
#1756=VERTEX_POINT('NONE',#2179);
#1757=LINE('',#2180,#2181);
#1758=VERTEX_POINT('NONE',#2182);
#1759=LINE('',#2183,#2184);
#1760=LINE('',#2185,#2186);
#1761=FILL_AREA_STYLE_COLOUR('',#2187);
#1762=VERTEX_POINT('NONE',#2188);
#1763=LINE('',#2189,#2190);
#1764=VERTEX_POINT('NONE',#2191);
#1765=LINE('',#2192,#2193);
#1766=LINE('',#2194,#2195);
#1767=FILL_AREA_STYLE_COLOUR('',#2196);
#1768=VERTEX_POINT('NONE',#2197);
#1769=LINE('',#2198,#2199);
#1770=VERTEX_POINT('NONE',#2200);
#1771=LINE('',#2201,#2202);
#1772=LINE('',#2203,#2204);
#1773=FILL_AREA_STYLE_COLOUR('',#2205);
#1774=VERTEX_POINT('NONE',#2206);
#1775=LINE('',#2207,#2208);
#1776=VERTEX_POINT('NONE',#2209);
#1777=LINE('',#2210,#2211);
#1778=LINE('',#2212,#2213);
#1779=FILL_AREA_STYLE_COLOUR('',#2214);
#1780=VERTEX_POINT('NONE',#2215);
#1781=LINE('',#2216,#2217);
#1782=VERTEX_POINT('NONE',#2218);
#1783=LINE('',#2219,#2220);
#1784=LINE('',#2221,#2222);
#1785=FILL_AREA_STYLE_COLOUR('',#2223);
#1786=VERTEX_POINT('NONE',#2224);
#1787=LINE('',#2225,#2226);
#1788=VERTEX_POINT('NONE',#2227);
#1789=LINE('',#2228,#2229);
#1790=LINE('',#2230,#2231);
#1791=FILL_AREA_STYLE_COLOUR('',#2232);
#1792=LINE('',#2233,#2234);
#1793=LINE('',#2235,#2236);
#1794=FILL_AREA_STYLE_COLOUR('',#2237);
#1795=FILL_AREA_STYLE_COLOUR('',#2238);
#1796=FILL_AREA_STYLE_COLOUR('',#2239);
#1797=VERTEX_POINT('NONE',#2240);
#1798=VERTEX_POINT('NONE',#2241);
#1799=LINE('',#2242,#2243);
#1800=VERTEX_POINT('NONE',#2244);
#1801=LINE('',#2245,#2246);
#1802=VERTEX_POINT('NONE',#2247);
#1803=LINE('',#2248,#2249);
#1804=LINE('',#2250,#2251);
#1805=FILL_AREA_STYLE_COLOUR('',#2252);
#1806=VERTEX_POINT('NONE',#2253);
#1807=LINE('',#2254,#2255);
#1808=VERTEX_POINT('NONE',#2256);
#1809=LINE('',#2257,#2258);
#1810=LINE('',#2259,#2260);
#1811=FILL_AREA_STYLE_COLOUR('',#2261);
#1812=VERTEX_POINT('NONE',#2262);
#1813=LINE('',#2263,#2264);
#1814=VERTEX_POINT('NONE',#2265);
#1815=LINE('',#2266,#2267);
#1816=LINE('',#2268,#2269);
#1817=FILL_AREA_STYLE_COLOUR('',#2270);
#1818=VERTEX_POINT('NONE',#2271);
#1819=LINE('',#2272,#2273);
#1820=VERTEX_POINT('NONE',#2274);
#1821=LINE('',#2275,#2276);
#1822=LINE('',#2277,#2278);
#1823=FILL_AREA_STYLE_COLOUR('',#2279);
#1824=VERTEX_POINT('NONE',#2280);
#1825=LINE('',#2281,#2282);
#1826=VERTEX_POINT('NONE',#2283);
#1827=LINE('',#2284,#2285);
#1828=LINE('',#2286,#2287);
#1829=FILL_AREA_STYLE_COLOUR('',#2288);
#1830=VERTEX_POINT('NONE',#2289);
#1831=LINE('',#2290,#2291);
#1832=VERTEX_POINT('NONE',#2292);
#1833=LINE('',#2293,#2294);
#1834=LINE('',#2295,#2296);
#1835=FILL_AREA_STYLE_COLOUR('',#2297);
#1836=LINE('',#2298,#2299);
#1837=LINE('',#2300,#2301);
#1838=FILL_AREA_STYLE_COLOUR('',#2302);
#1839=VERTEX_POINT('NONE',#2303);
#1840=LINE('',#2304,#2305);
#1841=VERTEX_POINT('NONE',#2306);
#1842=LINE('',#2307,#2308);
#1843=LINE('',#2309,#2310);
#1844=FILL_AREA_STYLE_COLOUR('',#2311);
#1845=LINE('',#2312,#2313);
#1846=LINE('',#2314,#2315);
#1847=FILL_AREA_STYLE_COLOUR('',#2316);
#1848=FILL_AREA_STYLE_COLOUR('',#2317);
#1849=FILL_AREA_STYLE_COLOUR('',#2318);
#1850=VERTEX_POINT('NONE',#2319);
#1851=LINE('',#2320,#2321);
#1852=VERTEX_POINT('NONE',#2322);
#1853=LINE('',#2323,#2324);
#1854=LINE('',#2325,#2326);
#1855=FILL_AREA_STYLE_COLOUR('',#2327);
#1856=VERTEX_POINT('NONE',#2328);
#1857=LINE('',#2329,#2330);
#1858=VERTEX_POINT('NONE',#2331);
#1859=LINE('',#2332,#2333);
#1860=LINE('',#2334,#2335);
#1861=FILL_AREA_STYLE_COLOUR('',#2336);
#1862=VERTEX_POINT('NONE',#2337);
#1863=LINE('',#2338,#2339);
#1864=VERTEX_POINT('NONE',#2340);
#1865=LINE('',#2341,#2342);
#1866=LINE('',#2343,#2344);
#1867=FILL_AREA_STYLE_COLOUR('',#2345);
#1868=VERTEX_POINT('NONE',#2346);
#1869=LINE('',#2347,#2348);
#1870=VERTEX_POINT('NONE',#2349);
#1871=LINE('',#2350,#2351);
#1872=LINE('',#2352,#2353);
#1873=FILL_AREA_STYLE_COLOUR('',#2354);
#1874=VERTEX_POINT('NONE',#2355);
#1875=LINE('',#2356,#2357);
#1876=VERTEX_POINT('NONE',#2358);
#1877=LINE('',#2359,#2360);
#1878=LINE('',#2361,#2362);
#1879=FILL_AREA_STYLE_COLOUR('',#2363);
#1880=VERTEX_POINT('NONE',#2364);
#1881=LINE('',#2365,#2366);
#1882=VERTEX_POINT('NONE',#2367);
#1883=LINE('',#2368,#2369);
#1884=LINE('',#2370,#2371);
#1885=FILL_AREA_STYLE_COLOUR('',#2372);
#1886=VERTEX_POINT('NONE',#2373);
#1887=LINE('',#2374,#2375);
#1888=VERTEX_POINT('NONE',#2376);
#1889=LINE('',#2377,#2378);
#1890=LINE('',#2379,#2380);
#1891=FILL_AREA_STYLE_COLOUR('',#2381);
#1892=VERTEX_POINT('NONE',#2382);
#1893=LINE('',#2383,#2384);
#1894=VERTEX_POINT('NONE',#2385);
#1895=LINE('',#2386,#2387);
#1896=LINE('',#2388,#2389);
#1897=FILL_AREA_STYLE_COLOUR('',#2390);
#1898=LINE('',#2391,#2392);
#1899=LINE('',#2393,#2394);
#1900=FILL_AREA_STYLE_COLOUR('',#2395);
#1901=FILL_AREA_STYLE_COLOUR('',#2396);
#1902=FILL_AREA_STYLE_COLOUR('',#2397);
#1903=CIRCLE('',#2398,1.75);
#1904=FILL_AREA_STYLE_COLOUR('',#2399);
#1905=FILL_AREA_STYLE_COLOUR('',#2400);
#1906=CIRCLE('',#2401,0.6);
#1907=FILL_AREA_STYLE_COLOUR('',#2402);
#1908=FILL_AREA_STYLE_COLOUR('',#2403);
#1909=CIRCLE('',#2404,0.6);
#1910=FILL_AREA_STYLE_COLOUR('',#2405);
#1911=FILL_AREA_STYLE_COLOUR('',#2406);
#1912=CIRCLE('',#2407,0.6);
#1913=FILL_AREA_STYLE_COLOUR('',#2408);
#1914=FILL_AREA_STYLE_COLOUR('',#2409);
#1915=CIRCLE('',#2410,0.6);
#1916=FILL_AREA_STYLE_COLOUR('',#2411);
#1917=FILL_AREA_STYLE_COLOUR('',#2412);
#1918=COLOUR_RGB('',0.854901969432831,0.831372559070587,0.69803923368454);
#1919=CARTESIAN_POINT('',(-1.23300612710954E-015,3.3,-1.75));
#1920=CARTESIAN_POINT('',(1.07277520585173E-016,3.3,1.75));
#1921=AXIS2_PLACEMENT_3D('',#2413,#2414,#2415);
#1922=CARTESIAN_POINT('',(-1.40911961441989E-016,5.0,1.75));
#1923=CARTESIAN_POINT('',(1.07277520585173E-016,3.3,1.75));
#1924=VECTOR('',#2416,1000.0);
#1925=CARTESIAN_POINT('',(-1.4811956091367E-015,5.0,-1.75));
#1926=AXIS2_PLACEMENT_3D('',#2417,#2418,#2419);
#1927=CARTESIAN_POINT('',(-1.23300612710954E-015,3.3,-1.75));
#1928=VECTOR('',#2420,1000.0);
#1929=COLOUR_RGB('',0.854901969432831,0.831372559070587,0.69803923368454);
#1930=AXIS2_PLACEMENT_3D('',#2421,#2422,#2423);
#1931=AXIS2_PLACEMENT_3D('',#2424,#2425,#2426);
#1932=COLOUR_RGB('',0.854901969432831,0.831372559070587,0.69803923368454);
#1933=COLOUR_RGB('',0.854901969432831,0.831372559070587,0.69803923368454);
#1934=COLOUR_RGB('',0.854901969432831,0.831372559070587,0.69803923368454);
#1935=COLOUR_RGB('',0.0,0.0,0.0);
#1936=CARTESIAN_POINT('',(1.55,3.9,-2.15));
#1937=CARTESIAN_POINT('',(2.75,3.9,-2.15));
#1938=AXIS2_PLACEMENT_3D('',#2427,#2428,#2429);
#1939=CARTESIAN_POINT('',(1.55,3.4,-2.15));
#1940=CARTESIAN_POINT('',(1.55,3.9,-2.15));
#1941=VECTOR('',#2430,1000.0);
#1942=CARTESIAN_POINT('',(2.75,3.4,-2.15));
#1943=AXIS2_PLACEMENT_3D('',#2431,#2432,#2433);
#1944=CARTESIAN_POINT('',(2.75,3.9,-2.15));
#1945=VECTOR('',#2434,1000.0);
#1946=COLOUR_RGB('',0.0,0.0,0.0);
#1947=CARTESIAN_POINT('',(-2.75,3.9,-2.15));
#1948=CARTESIAN_POINT('',(-1.55,3.9,-2.15));
#1949=AXIS2_PLACEMENT_3D('',#2435,#2436,#2437);
#1950=CARTESIAN_POINT('',(-2.75,3.4,-2.15));
#1951=CARTESIAN_POINT('',(-2.75,3.9,-2.15));
#1952=VECTOR('',#2438,1000.0);
#1953=CARTESIAN_POINT('',(-1.55,3.4,-2.15));
#1954=AXIS2_PLACEMENT_3D('',#2439,#2440,#2441);
#1955=CARTESIAN_POINT('',(-1.55,3.9,-2.15));
#1956=VECTOR('',#2442,1000.0);
#1957=COLOUR_RGB('',0.0,0.0,0.0);
#1958=CARTESIAN_POINT('',(-2.75,3.9,2.15));
#1959=CARTESIAN_POINT('',(-1.55,3.9,2.15));
#1960=AXIS2_PLACEMENT_3D('',#2443,#2444,#2445);
#1961=CARTESIAN_POINT('',(-2.75,3.4,2.15));
#1962=CARTESIAN_POINT('',(-2.75,3.9,2.15));
#1963=VECTOR('',#2446,1000.0);
#1964=CARTESIAN_POINT('',(-1.55,3.4,2.15));
#1965=AXIS2_PLACEMENT_3D('',#2447,#2448,#2449);
#1966=CARTESIAN_POINT('',(-1.55,3.9,2.15));
#1967=VECTOR('',#2450,1000.0);
#1968=COLOUR_RGB('',0.0,0.0,0.0);
#1969=CARTESIAN_POINT('',(1.55,3.9,2.15));
#1970=CARTESIAN_POINT('',(2.75,3.9,2.15));
#1971=AXIS2_PLACEMENT_3D('',#2451,#2452,#2453);
#1972=CARTESIAN_POINT('',(1.55,3.4,2.15));
#1973=CARTESIAN_POINT('',(1.55,3.9,2.15));
#1974=VECTOR('',#2454,1000.0);
#1975=CARTESIAN_POINT('',(2.75,3.4,2.15));
#1976=AXIS2_PLACEMENT_3D('',#2455,#2456,#2457);
#1977=CARTESIAN_POINT('',(2.75,3.9,2.15));
#1978=VECTOR('',#2458,1000.0);
#1979=COLOUR_RGB('',0.749019622802734,0.749019622802734,0.749019622802734);
#1980=CARTESIAN_POINT('',(1.75,1.7,2.14313189850787E-016));
#1981=CARTESIAN_POINT('',(-1.75,1.7,0.0));
#1982=AXIS2_PLACEMENT_3D('',#2459,#2460,#2461);
#1983=CARTESIAN_POINT('',(1.75,3.4,2.14313189850787E-016));
#1984=CARTESIAN_POINT('',(1.75,1.7,2.14313189850787E-016));
#1985=VECTOR('',#2462,1000.0);
#1986=CARTESIAN_POINT('',(-1.75,3.4,0.0));
#1987=AXIS2_PLACEMENT_3D('',#2463,#2464,#2465);
#1988=CARTESIAN_POINT('',(-1.75,1.7,0.0));
#1989=VECTOR('',#2466,1000.0);
#1990=COLOUR_RGB('',0.749019622802734,0.749019622802734,0.749019622802734);
#1991=CARTESIAN_POINT('',(3.0,3.4,-3.0));
#1992=CARTESIAN_POINT('',(-3.0,3.4,-3.0));
#1993=CARTESIAN_POINT('',(-3.0,3.4,-3.0));
#1994=VECTOR('',#2467,1000.0);
#1995=CARTESIAN_POINT('',(-3.0,3.4,3.0));
#1996=CARTESIAN_POINT('',(-3.0,3.4,3.0));
#1997=VECTOR('',#2468,1000.0);
#1998=CARTESIAN_POINT('',(3.0,3.4,3.0));
#1999=CARTESIAN_POINT('',(-3.0,3.4,3.0));
#2000=VECTOR('',#2469,1000.0);
#2001=CARTESIAN_POINT('',(3.0,3.4,3.0));
#2002=VECTOR('',#2470,1000.0);
#2003=AXIS2_PLACEMENT_3D('',#2471,#2472,#2473);
#2004=AXIS2_PLACEMENT_3D('',#2474,#2475,#2476);
#2005=AXIS2_PLACEMENT_3D('',#2477,#2478,#2479);
#2006=AXIS2_PLACEMENT_3D('',#2480,#2481,#2482);
#2007=AXIS2_PLACEMENT_3D('',#2483,#2484,#2485);
#2008=COLOUR_RGB('',0.0,0.0,0.0);
#2009=CARTESIAN_POINT('',(3.0,7.34763812293426E-016,-3.0));
#2010=CARTESIAN_POINT('',(3.0,3.4,-3.0));
#2011=VECTOR('',#2486,1000.0);
#2012=CARTESIAN_POINT('',(3.0,7.34763812293426E-016,3.0));
#2013=CARTESIAN_POINT('',(3.0,3.4,3.0));
#2014=VECTOR('',#2487,1000.0);
#2015=CARTESIAN_POINT('',(3.0,7.34763812293426E-016,3.0));
#2016=VECTOR('',#2488,1000.0);
#2017=CARTESIAN_POINT('',(3.0,1.3,2.6));
#2018=CARTESIAN_POINT('',(3.0,1.0,2.6));
#2019=CARTESIAN_POINT('',(3.0,1.3,2.6));
#2020=VECTOR('',#2489,1000.0);
#2021=CARTESIAN_POINT('',(3.0,1.3,1.9));
#2022=CARTESIAN_POINT('',(3.0,1.3,2.6));
#2023=VECTOR('',#2490,1000.0);
#2024=CARTESIAN_POINT('',(3.0,1.0,1.9));
#2025=CARTESIAN_POINT('',(3.0,1.3,1.9));
#2026=VECTOR('',#2491,1000.0);
#2027=CARTESIAN_POINT('',(3.0,1.0,2.6));
#2028=VECTOR('',#2492,1000.0);
#2029=CARTESIAN_POINT('',(3.0,1.3,-2.6));
#2030=CARTESIAN_POINT('',(3.0,1.0,-2.6));
#2031=CARTESIAN_POINT('',(3.0,1.3,-2.6));
#2032=VECTOR('',#2493,1000.0);
#2033=CARTESIAN_POINT('',(3.0,1.0,-1.9));
#2034=CARTESIAN_POINT('',(3.0,1.0,-2.6));
#2035=VECTOR('',#2494,1000.0);
#2036=CARTESIAN_POINT('',(3.0,1.3,-1.9));
#2037=CARTESIAN_POINT('',(3.0,1.3,-1.9));
#2038=VECTOR('',#2495,1000.0);
#2039=CARTESIAN_POINT('',(3.0,1.3,-2.6));
#2040=VECTOR('',#2496,1000.0);
#2041=COLOUR_RGB('',0.0,0.0,0.0);
#2042=CARTESIAN_POINT('',(-3.0,0.0,-3.0));
#2043=CARTESIAN_POINT('',(-3.0,3.4,-3.0));
#2044=VECTOR('',#2497,1000.0);
#2045=CARTESIAN_POINT('',(-3.0,0.0,3.0));
#2046=CARTESIAN_POINT('',(-3.0,0.0,3.0));
#2047=VECTOR('',#2498,1000.0);
#2048=CARTESIAN_POINT('',(-3.0,3.4,3.0));
#2049=VECTOR('',#2499,1000.0);
#2050=CARTESIAN_POINT('',(-3.0,1.0,2.6));
#2051=CARTESIAN_POINT('',(-3.0,1.3,2.6));
#2052=CARTESIAN_POINT('',(-3.0,1.3,2.6));
#2053=VECTOR('',#2500,1000.0);
#2054=CARTESIAN_POINT('',(-3.0,1.0,1.9));
#2055=CARTESIAN_POINT('',(-3.0,1.0,2.6));
#2056=VECTOR('',#2501,1000.0);
#2057=CARTESIAN_POINT('',(-3.0,1.3,1.9));
#2058=CARTESIAN_POINT('',(-3.0,1.3,1.9));
#2059=VECTOR('',#2502,1000.0);
#2060=CARTESIAN_POINT('',(-3.0,1.3,2.6));
#2061=VECTOR('',#2503,1000.0);
#2062=CARTESIAN_POINT('',(-3.0,1.0,-2.6));
#2063=CARTESIAN_POINT('',(-3.0,1.3,-2.6));
#2064=CARTESIAN_POINT('',(-3.0,1.3,-2.6));
#2065=VECTOR('',#2504,1000.0);
#2066=CARTESIAN_POINT('',(-3.0,1.3,-1.9));
#2067=CARTESIAN_POINT('',(-3.0,1.3,-2.6));
#2068=VECTOR('',#2505,1000.0);
#2069=CARTESIAN_POINT('',(-3.0,1.0,-1.9));
#2070=CARTESIAN_POINT('',(-3.0,1.3,-1.9));
#2071=VECTOR('',#2506,1000.0);
#2072=CARTESIAN_POINT('',(-3.0,1.0,-2.6));
#2073=VECTOR('',#2507,1000.0);
#2074=COLOUR_RGB('',0.0,0.0,0.0);
#2075=CARTESIAN_POINT('',(-3.0,0.0,-3.0));
#2076=VECTOR('',#2508,1000.0);
#2077=CARTESIAN_POINT('',(-3.0,0.0,3.0));
#2078=VECTOR('',#2509,1000.0);
#2079=COLOUR_RGB('',0.0,0.0,0.0);
#2080=COLOUR_RGB('',0.0,0.0,0.0);
#2081=COLOUR_RGB('',0.749019622802734,0.749019622802734,0.749019622802734);
#2082=CARTESIAN_POINT('',(-3.1,-2.62774498863674,1.9));
#2083=CARTESIAN_POINT('',(-3.53803292663774,-1.77114726543404,1.9));
#2084=CARTESIAN_POINT('',(-3.53803292663774,-1.77114726543404,1.9));
#2085=VECTOR('',#2510,1000.0);
#2086=CARTESIAN_POINT('',(-3.53803292663774,-1.77114726543404,2.6));
#2087=CARTESIAN_POINT('',(-3.53803292663774,-1.77114726543404,2.6));
#2088=VECTOR('',#2511,1000.0);
#2089=CARTESIAN_POINT('',(-3.1,-2.62774498863674,2.6));
#2090=CARTESIAN_POINT('',(-3.53803292663774,-1.77114726543404,2.6));
#2091=VECTOR('',#2512,1000.0);
#2092=CARTESIAN_POINT('',(-3.1,-2.62774498863674,2.6));
#2093=VECTOR('',#2513,1000.0);
#2094=COLOUR_RGB('',0.749019622802734,0.749019622802734,0.749019622802734);
#2095=CARTESIAN_POINT('',(-3.0850569313264,1.0,1.9));
#2096=CARTESIAN_POINT('',(-3.0850569313264,1.0,1.9));
#2097=VECTOR('',#2514,1000.0);
#2098=CARTESIAN_POINT('',(-3.0850569313264,1.0,2.6));
#2099=CARTESIAN_POINT('',(-3.0850569313264,1.0,2.6));
#2100=VECTOR('',#2515,1000.0);
#2101=CARTESIAN_POINT('',(-3.0850569313264,1.0,2.6));
#2102=VECTOR('',#2516,1000.0);
#2103=COLOUR_RGB('',0.749019622802734,0.749019622802734,0.749019622802734);
#2104=CARTESIAN_POINT('',(-3.0,1.0,1.9));
#2105=VECTOR('',#2517,1000.0);
#2106=CARTESIAN_POINT('',(-3.0,1.0,2.6));
#2107=VECTOR('',#2518,1000.0);
#2108=COLOUR_RGB('',0.749019622802734,0.749019622802734,0.749019622802734);
#2109=CARTESIAN_POINT('',(-3.34,1.3,1.9));
#2110=CARTESIAN_POINT('',(-3.0,1.3,1.9));
#2111=VECTOR('',#2519,1000.0);
#2112=CARTESIAN_POINT('',(-3.34,1.3,2.6));
#2113=CARTESIAN_POINT('',(-3.34,1.3,2.6));
#2114=VECTOR('',#2520,1000.0);
#2115=CARTESIAN_POINT('',(-3.0,1.3,2.6));
#2116=VECTOR('',#2521,1000.0);
#2117=COLOUR_RGB('',0.749019622802734,0.749019622802734,0.749019622802734);
#2118=CARTESIAN_POINT('',(-3.85,-1.82,1.9));
#2119=CARTESIAN_POINT('',(-3.34,1.3,1.9));
#2120=VECTOR('',#2522,1000.0);
#2121=CARTESIAN_POINT('',(-3.85,-1.82,2.6));
#2122=CARTESIAN_POINT('',(-3.85,-1.82,2.6));
#2123=VECTOR('',#2523,1000.0);
#2124=CARTESIAN_POINT('',(-3.34,1.3,2.6));
#2125=VECTOR('',#2524,1000.0);
#2126=COLOUR_RGB('',0.749019622802734,0.749019622802734,0.749019622802734);
#2127=CARTESIAN_POINT('',(-3.4,-2.7,1.9));
#2128=CARTESIAN_POINT('',(-3.85,-1.82,1.9));
#2129=VECTOR('',#2525,1000.0);
#2130=CARTESIAN_POINT('',(-3.4,-2.7,2.6));
#2131=CARTESIAN_POINT('',(-3.4,-2.7,2.6));
#2132=VECTOR('',#2526,1000.0);
#2133=CARTESIAN_POINT('',(-3.85,-1.82,2.6));
#2134=VECTOR('',#2527,1000.0);
#2135=COLOUR_RGB('',0.749019622802734,0.749019622802734,0.749019622802734);
#2136=CARTESIAN_POINT('',(-3.4,-3.5,1.9));
#2137=CARTESIAN_POINT('',(-3.4,-2.7,1.9));
#2138=VECTOR('',#2528,1000.0);
#2139=CARTESIAN_POINT('',(-3.4,-3.5,2.6));
#2140=CARTESIAN_POINT('',(-3.4,-3.5,2.6));
#2141=VECTOR('',#2529,1000.0);
#2142=CARTESIAN_POINT('',(-3.4,-2.7,2.6));
#2143=VECTOR('',#2530,1000.0);
#2144=COLOUR_RGB('',0.749019622802734,0.749019622802734,0.749019622802734);
#2145=CARTESIAN_POINT('',(-3.1,-3.5,1.9));
#2146=CARTESIAN_POINT('',(-3.4,-3.5,1.9));
#2147=VECTOR('',#2531,1000.0);
#2148=CARTESIAN_POINT('',(-3.1,-3.5,2.6));
#2149=CARTESIAN_POINT('',(-3.1,-3.5,2.6));
#2150=VECTOR('',#2532,1000.0);
#2151=CARTESIAN_POINT('',(-3.4,-3.5,2.6));
#2152=VECTOR('',#2533,1000.0);
#2153=COLOUR_RGB('',0.749019622802734,0.749019622802734,0.749019622802734);
#2154=CARTESIAN_POINT('',(-3.1,-2.62774498863674,1.9));
#2155=VECTOR('',#2534,1000.0);
#2156=CARTESIAN_POINT('',(-3.1,-2.62774498863674,2.6));
#2157=VECTOR('',#2535,1000.0);
#2158=COLOUR_RGB('',0.749019622802734,0.749019622802734,0.749019622802734);
#2159=COLOUR_RGB('',0.749019622802734,0.749019622802734,0.749019622802734);
#2160=COLOUR_RGB('',0.749019622802734,0.749019622802734,0.749019622802734);
#2161=CARTESIAN_POINT('',(3.34,1.3,1.9));
#2162=CARTESIAN_POINT('',(3.0,1.3,1.9));
#2163=VECTOR('',#2536,1000.0);
#2164=CARTESIAN_POINT('',(3.34,1.3,2.6));
#2165=CARTESIAN_POINT('',(3.0,1.3,2.6));
#2166=VECTOR('',#2537,1000.0);
#2167=CARTESIAN_POINT('',(3.34,1.3,2.6));
#2168=VECTOR('',#2538,1000.0);
#2169=COLOUR_RGB('',0.749019622802734,0.749019622802734,0.749019622802734);
#2170=CARTESIAN_POINT('',(3.0850569313264,1.0,1.9));
#2171=CARTESIAN_POINT('',(3.0,1.0,1.9));
#2172=VECTOR('',#2539,1000.0);
#2173=CARTESIAN_POINT('',(3.0850569313264,1.0,2.6));
#2174=CARTESIAN_POINT('',(3.0850569313264,1.0,2.6));
#2175=VECTOR('',#2540,1000.0);
#2176=CARTESIAN_POINT('',(3.0,1.0,2.6));
#2177=VECTOR('',#2541,1000.0);
#2178=COLOUR_RGB('',0.749019622802734,0.749019622802734,0.749019622802734);
#2179=CARTESIAN_POINT('',(3.53803292663774,-1.77114726543404,1.9));
#2180=CARTESIAN_POINT('',(3.0850569313264,1.0,1.9));
#2181=VECTOR('',#2542,1000.0);
#2182=CARTESIAN_POINT('',(3.53803292663774,-1.77114726543404,2.6));
#2183=CARTESIAN_POINT('',(3.53803292663774,-1.77114726543404,2.6));
#2184=VECTOR('',#2543,1000.0);
#2185=CARTESIAN_POINT('',(3.0850569313264,1.0,2.6));
#2186=VECTOR('',#2544,1000.0);
#2187=COLOUR_RGB('',0.749019622802734,0.749019622802734,0.749019622802734);
#2188=CARTESIAN_POINT('',(3.1,-2.62774498863674,1.9));
#2189=CARTESIAN_POINT('',(3.53803292663774,-1.77114726543404,1.9));
#2190=VECTOR('',#2545,1000.0);
#2191=CARTESIAN_POINT('',(3.1,-2.62774498863674,2.6));
#2192=CARTESIAN_POINT('',(3.1,-2.62774498863674,2.6));
#2193=VECTOR('',#2546,1000.0);
#2194=CARTESIAN_POINT('',(3.53803292663774,-1.77114726543404,2.6));
#2195=VECTOR('',#2547,1000.0);
#2196=COLOUR_RGB('',0.749019622802734,0.749019622802734,0.749019622802734);
#2197=CARTESIAN_POINT('',(3.1,-3.5,1.9));
#2198=CARTESIAN_POINT('',(3.1,-2.62774498863674,1.9));
#2199=VECTOR('',#2548,1000.0);
#2200=CARTESIAN_POINT('',(3.1,-3.5,2.6));
#2201=CARTESIAN_POINT('',(3.1,-3.5,2.6));
#2202=VECTOR('',#2549,1000.0);
#2203=CARTESIAN_POINT('',(3.1,-2.62774498863674,2.6));
#2204=VECTOR('',#2550,1000.0);
#2205=COLOUR_RGB('',0.749019622802734,0.749019622802734,0.749019622802734);
#2206=CARTESIAN_POINT('',(3.4,-3.5,1.9));
#2207=CARTESIAN_POINT('',(3.4,-3.5,1.9));
#2208=VECTOR('',#2551,1000.0);
#2209=CARTESIAN_POINT('',(3.4,-3.5,2.6));
#2210=CARTESIAN_POINT('',(3.4,-3.5,2.6));
#2211=VECTOR('',#2552,1000.0);
#2212=CARTESIAN_POINT('',(3.4,-3.5,2.6));
#2213=VECTOR('',#2553,1000.0);
#2214=COLOUR_RGB('',0.749019622802734,0.749019622802734,0.749019622802734);
#2215=CARTESIAN_POINT('',(3.4,-2.7,1.9));
#2216=CARTESIAN_POINT('',(3.4,-2.7,1.9));
#2217=VECTOR('',#2554,1000.0);
#2218=CARTESIAN_POINT('',(3.4,-2.7,2.6));
#2219=CARTESIAN_POINT('',(3.4,-2.7,2.6));
#2220=VECTOR('',#2555,1000.0);
#2221=CARTESIAN_POINT('',(3.4,-2.7,2.6));
#2222=VECTOR('',#2556,1000.0);
#2223=COLOUR_RGB('',0.749019622802734,0.749019622802734,0.749019622802734);
#2224=CARTESIAN_POINT('',(3.85,-1.82,1.9));
#2225=CARTESIAN_POINT('',(3.85,-1.82,1.9));
#2226=VECTOR('',#2557,1000.0);
#2227=CARTESIAN_POINT('',(3.85,-1.82,2.6));
#2228=CARTESIAN_POINT('',(3.85,-1.82,2.6));
#2229=VECTOR('',#2558,1000.0);
#2230=CARTESIAN_POINT('',(3.85,-1.82,2.6));
#2231=VECTOR('',#2559,1000.0);
#2232=COLOUR_RGB('',0.749019622802734,0.749019622802734,0.749019622802734);
#2233=CARTESIAN_POINT('',(3.34,1.3,1.9));
#2234=VECTOR('',#2560,1000.0);
#2235=CARTESIAN_POINT('',(3.34,1.3,2.6));
#2236=VECTOR('',#2561,1000.0);
#2237=COLOUR_RGB('',0.749019622802734,0.749019622802734,0.749019622802734);
#2238=COLOUR_RGB('',0.749019622802734,0.749019622802734,0.749019622802734);
#2239=COLOUR_RGB('',0.749019622802734,0.749019622802734,0.749019622802734);
#2240=CARTESIAN_POINT('',(-3.1,-2.62774498863674,-1.9));
#2241=CARTESIAN_POINT('',(-3.53803292663774,-1.77114726543404,-1.9));
#2242=CARTESIAN_POINT('',(-3.53803292663774,-1.77114726543404,-1.9));
#2243=VECTOR('',#2562,1000.0);
#2244=CARTESIAN_POINT('',(-3.1,-2.62774498863674,-2.6));
#2245=CARTESIAN_POINT('',(-3.1,-2.62774498863674,-2.6));
#2246=VECTOR('',#2563,1000.0);
#2247=CARTESIAN_POINT('',(-3.53803292663774,-1.77114726543404,-2.6));
#2248=CARTESIAN_POINT('',(-3.53803292663774,-1.77114726543404,-2.6));
#2249=VECTOR('',#2564,1000.0);
#2250=CARTESIAN_POINT('',(-3.53803292663774,-1.77114726543404,-2.6));
#2251=VECTOR('',#2565,1000.0);
#2252=COLOUR_RGB('',0.749019622802734,0.749019622802734,0.749019622802734);
#2253=CARTESIAN_POINT('',(-3.1,-3.5,-1.9));
#2254=CARTESIAN_POINT('',(-3.1,-2.62774498863674,-1.9));
#2255=VECTOR('',#2566,1000.0);
#2256=CARTESIAN_POINT('',(-3.1,-3.5,-2.6));
#2257=CARTESIAN_POINT('',(-3.1,-3.5,-2.6));
#2258=VECTOR('',#2567,1000.0);
#2259=CARTESIAN_POINT('',(-3.1,-2.62774498863674,-2.6));
#2260=VECTOR('',#2568,1000.0);
#2261=COLOUR_RGB('',0.749019622802734,0.749019622802734,0.749019622802734);
#2262=CARTESIAN_POINT('',(-3.4,-3.5,-1.9));
#2263=CARTESIAN_POINT('',(-3.4,-3.5,-1.9));
#2264=VECTOR('',#2569,1000.0);
#2265=CARTESIAN_POINT('',(-3.4,-3.5,-2.6));
#2266=CARTESIAN_POINT('',(-3.4,-3.5,-2.6));
#2267=VECTOR('',#2570,1000.0);
#2268=CARTESIAN_POINT('',(-3.4,-3.5,-2.6));
#2269=VECTOR('',#2571,1000.0);
#2270=COLOUR_RGB('',0.749019622802734,0.749019622802734,0.749019622802734);
#2271=CARTESIAN_POINT('',(-3.4,-2.7,-1.9));
#2272=CARTESIAN_POINT('',(-3.4,-2.7,-1.9));
#2273=VECTOR('',#2572,1000.0);
#2274=CARTESIAN_POINT('',(-3.4,-2.7,-2.6));
#2275=CARTESIAN_POINT('',(-3.4,-2.7,-2.6));
#2276=VECTOR('',#2573,1000.0);
#2277=CARTESIAN_POINT('',(-3.4,-2.7,-2.6));
#2278=VECTOR('',#2574,1000.0);
#2279=COLOUR_RGB('',0.749019622802734,0.749019622802734,0.749019622802734);
#2280=CARTESIAN_POINT('',(-3.85,-1.82,-1.9));
#2281=CARTESIAN_POINT('',(-3.85,-1.82,-1.9));
#2282=VECTOR('',#2575,1000.0);
#2283=CARTESIAN_POINT('',(-3.85,-1.82,-2.6));
#2284=CARTESIAN_POINT('',(-3.85,-1.82,-2.6));
#2285=VECTOR('',#2576,1000.0);
#2286=CARTESIAN_POINT('',(-3.85,-1.82,-2.6));
#2287=VECTOR('',#2577,1000.0);
#2288=COLOUR_RGB('',0.749019622802734,0.749019622802734,0.749019622802734);
#2289=CARTESIAN_POINT('',(-3.34,1.3,-1.9));
#2290=CARTESIAN_POINT('',(-3.34,1.3,-1.9));
#2291=VECTOR('',#2578,1000.0);
#2292=CARTESIAN_POINT('',(-3.34,1.3,-2.6));
#2293=CARTESIAN_POINT('',(-3.34,1.3,-2.6));
#2294=VECTOR('',#2579,1000.0);
#2295=CARTESIAN_POINT('',(-3.34,1.3,-2.6));
#2296=VECTOR('',#2580,1000.0);
#2297=COLOUR_RGB('',0.749019622802734,0.749019622802734,0.749019622802734);
#2298=CARTESIAN_POINT('',(-3.0,1.3,-1.9));
#2299=VECTOR('',#2581,1000.0);
#2300=CARTESIAN_POINT('',(-3.0,1.3,-2.6));
#2301=VECTOR('',#2582,1000.0);
#2302=COLOUR_RGB('',0.749019622802734,0.749019622802734,0.749019622802734);
#2303=CARTESIAN_POINT('',(-3.0850569313264,1.0,-1.9));
#2304=CARTESIAN_POINT('',(-3.0,1.0,-1.9));
#2305=VECTOR('',#2583,1000.0);
#2306=CARTESIAN_POINT('',(-3.0850569313264,1.0,-2.6));
#2307=CARTESIAN_POINT('',(-3.0850569313264,1.0,-2.6));
#2308=VECTOR('',#2584,1000.0);
#2309=CARTESIAN_POINT('',(-3.0,1.0,-2.6));
#2310=VECTOR('',#2585,1000.0);
#2311=COLOUR_RGB('',0.749019622802734,0.749019622802734,0.749019622802734);
#2312=CARTESIAN_POINT('',(-3.0850569313264,1.0,-1.9));
#2313=VECTOR('',#2586,1000.0);
#2314=CARTESIAN_POINT('',(-3.0850569313264,1.0,-2.6));
#2315=VECTOR('',#2587,1000.0);
#2316=COLOUR_RGB('',0.749019622802734,0.749019622802734,0.749019622802734);
#2317=COLOUR_RGB('',0.749019622802734,0.749019622802734,0.749019622802734);
#2318=COLOUR_RGB('',0.749019622802734,0.749019622802734,0.749019622802734);
#2319=CARTESIAN_POINT('',(3.34,1.3,-1.9));
#2320=CARTESIAN_POINT('',(3.0,1.3,-1.9));
#2321=VECTOR('',#2588,1000.0);
#2322=CARTESIAN_POINT('',(3.34,1.3,-2.6));
#2323=CARTESIAN_POINT('',(3.34,1.3,-2.6));
#2324=VECTOR('',#2589,1000.0);
#2325=CARTESIAN_POINT('',(3.0,1.3,-2.6));
#2326=VECTOR('',#2590,1000.0);
#2327=COLOUR_RGB('',0.749019622802734,0.749019622802734,0.749019622802734);
#2328=CARTESIAN_POINT('',(3.85,-1.82,-1.9));
#2329=CARTESIAN_POINT('',(3.34,1.3,-1.9));
#2330=VECTOR('',#2591,1000.0);
#2331=CARTESIAN_POINT('',(3.85,-1.82,-2.6));
#2332=CARTESIAN_POINT('',(3.85,-1.82,-2.6));
#2333=VECTOR('',#2592,1000.0);
#2334=CARTESIAN_POINT('',(3.34,1.3,-2.6));
#2335=VECTOR('',#2593,1000.0);
#2336=COLOUR_RGB('',0.749019622802734,0.749019622802734,0.749019622802734);
#2337=CARTESIAN_POINT('',(3.4,-2.7,-1.9));
#2338=CARTESIAN_POINT('',(3.85,-1.82,-1.9));
#2339=VECTOR('',#2594,1000.0);
#2340=CARTESIAN_POINT('',(3.4,-2.7,-2.6));
#2341=CARTESIAN_POINT('',(3.4,-2.7,-2.6));
#2342=VECTOR('',#2595,1000.0);
#2343=CARTESIAN_POINT('',(3.85,-1.82,-2.6));
#2344=VECTOR('',#2596,1000.0);
#2345=COLOUR_RGB('',0.749019622802734,0.749019622802734,0.749019622802734);
#2346=CARTESIAN_POINT('',(3.4,-3.5,-1.9));
#2347=CARTESIAN_POINT('',(3.4,-2.7,-1.9));
#2348=VECTOR('',#2597,1000.0);
#2349=CARTESIAN_POINT('',(3.4,-3.5,-2.6));
#2350=CARTESIAN_POINT('',(3.4,-3.5,-2.6));
#2351=VECTOR('',#2598,1000.0);
#2352=CARTESIAN_POINT('',(3.4,-2.7,-2.6));
#2353=VECTOR('',#2599,1000.0);
#2354=COLOUR_RGB('',0.749019622802734,0.749019622802734,0.749019622802734);
#2355=CARTESIAN_POINT('',(3.1,-3.5,-1.9));
#2356=CARTESIAN_POINT('',(3.4,-3.5,-1.9));
#2357=VECTOR('',#2600,1000.0);
#2358=CARTESIAN_POINT('',(3.1,-3.5,-2.6));
#2359=CARTESIAN_POINT('',(3.1,-3.5,-2.6));
#2360=VECTOR('',#2601,1000.0);
#2361=CARTESIAN_POINT('',(3.4,-3.5,-2.6));
#2362=VECTOR('',#2602,1000.0);
#2363=COLOUR_RGB('',0.749019622802734,0.749019622802734,0.749019622802734);
#2364=CARTESIAN_POINT('',(3.1,-2.62774498863674,-1.9));
#2365=CARTESIAN_POINT('',(3.1,-2.62774498863674,-1.9));
#2366=VECTOR('',#2603,1000.0);
#2367=CARTESIAN_POINT('',(3.1,-2.62774498863674,-2.6));
#2368=CARTESIAN_POINT('',(3.1,-2.62774498863674,-2.6));
#2369=VECTOR('',#2604,1000.0);
#2370=CARTESIAN_POINT('',(3.1,-2.62774498863674,-2.6));
#2371=VECTOR('',#2605,1000.0);
#2372=COLOUR_RGB('',0.749019622802734,0.749019622802734,0.749019622802734);
#2373=CARTESIAN_POINT('',(3.53803292663774,-1.77114726543404,-1.9));
#2374=CARTESIAN_POINT('',(3.53803292663774,-1.77114726543404,-1.9));
#2375=VECTOR('',#2606,1000.0);
#2376=CARTESIAN_POINT('',(3.53803292663774,-1.77114726543404,-2.6));
#2377=CARTESIAN_POINT('',(3.53803292663774,-1.77114726543404,-2.6));
#2378=VECTOR('',#2607,1000.0);
#2379=CARTESIAN_POINT('',(3.53803292663774,-1.77114726543404,-2.6));
#2380=VECTOR('',#2608,1000.0);
#2381=COLOUR_RGB('',0.749019622802734,0.749019622802734,0.749019622802734);
#2382=CARTESIAN_POINT('',(3.0850569313264,1.0,-1.9));
#2383=CARTESIAN_POINT('',(3.0850569313264,1.0,-1.9));
#2384=VECTOR('',#2609,1000.0);
#2385=CARTESIAN_POINT('',(3.0850569313264,1.0,-2.6));
#2386=CARTESIAN_POINT('',(3.0850569313264,1.0,-2.6));
#2387=VECTOR('',#2610,1000.0);
#2388=CARTESIAN_POINT('',(3.0850569313264,1.0,-2.6));
#2389=VECTOR('',#2611,1000.0);
#2390=COLOUR_RGB('',0.749019622802734,0.749019622802734,0.749019622802734);
#2391=CARTESIAN_POINT('',(3.0,1.0,-1.9));
#2392=VECTOR('',#2612,1000.0);
#2393=CARTESIAN_POINT('',(3.0,1.0,-2.6));
#2394=VECTOR('',#2613,1000.0);
#2395=COLOUR_RGB('',0.749019622802734,0.749019622802734,0.749019622802734);
#2396=COLOUR_RGB('',0.749019622802734,0.749019622802734,0.749019622802734);
#2397=COLOUR_RGB('',0.749019622802734,0.749019622802734,0.749019622802734);
#2398=AXIS2_PLACEMENT_3D('',#2614,#2615,#2616);
#2399=COLOUR_RGB('',0.749019622802734,0.749019622802734,0.749019622802734);
#2400=COLOUR_RGB('',0.0,0.0,0.0);
#2401=AXIS2_PLACEMENT_3D('',#2617,#2618,#2619);
#2402=COLOUR_RGB('',0.0,0.0,0.0);
#2403=COLOUR_RGB('',0.0,0.0,0.0);
#2404=AXIS2_PLACEMENT_3D('',#2620,#2621,#2622);
#2405=COLOUR_RGB('',0.0,0.0,0.0);
#2406=COLOUR_RGB('',0.0,0.0,0.0);
#2407=AXIS2_PLACEMENT_3D('',#2623,#2624,#2625);
#2408=COLOUR_RGB('',0.0,0.0,0.0);
#2409=COLOUR_RGB('',0.0,0.0,0.0);
#2410=AXIS2_PLACEMENT_3D('',#2626,#2627,#2628);
#2411=COLOUR_RGB('',0.0,0.0,0.0);
#2412=COLOUR_RGB('',0.749019622802734,0.749019622802734,0.749019622802734);
#2413=CARTESIAN_POINT('',(-4.55707708336789E-016,3.3,-1.4186097556905E-016));
#2414=DIRECTION('',(-1.45993812957154E-016,1.0,-5.30009617210366E-017));
#2415=DIRECTION('',(-4.44170525012999E-016,-5.30009617210367E-017,-1.0));
#2416=DIRECTION('',(-1.45993812957154E-016,1.0,-5.30009617210366E-017));
#2417=CARTESIAN_POINT('',(-7.03897190363951E-016,5.0,-2.31962610494812E-016));
#2418=DIRECTION('',(-1.45993812957154E-016,1.0,-5.30009617210366E-017));
#2419=DIRECTION('',(-4.44170525012999E-016,-5.30009617210367E-017,-1.0));
#2420=DIRECTION('',(-1.45993812957154E-016,1.0,-5.30009617210366E-017));
#2421=CARTESIAN_POINT('',(-4.55707708336789E-016,3.3,-1.4186097556905E-016));
#2422=DIRECTION('',(-1.45993812957154E-016,1.0,-5.30009617210366E-017));
#2423=DIRECTION('',(-4.44170525012999E-016,-5.30009617210367E-017,-1.0));
#2424=CARTESIAN_POINT('',(-7.03897190363951E-016,5.0,-2.31962610494812E-016));
#2425=DIRECTION('',(-1.45993812957154E-016,1.0,-5.30009617210366E-017));
#2426=DIRECTION('',(-4.44170525012999E-016,-5.30009617210367E-017,-1.0));
#2427=CARTESIAN_POINT('',(2.15,3.9,-2.15));
#2428=DIRECTION('',(0.0,1.0,-0.0));
#2429=DIRECTION('',(-1.0,0.0,0.0));
#2430=DIRECTION('',(1.44560289664734E-016,-1.0,0.0));
#2431=CARTESIAN_POINT('',(2.15,3.4,-2.15));
#2432=DIRECTION('',(-0.0,1.0,0.0));
#2433=DIRECTION('',(1.0,0.0,0.0));
#2434=DIRECTION('',(1.44560289664734E-016,-1.0,0.0));
#2435=CARTESIAN_POINT('',(-2.15,3.9,-2.15));
#2436=DIRECTION('',(0.0,1.0,-0.0));
#2437=DIRECTION('',(-1.0,0.0,0.0));
#2438=DIRECTION('',(1.44560289664734E-016,-1.0,0.0));
#2439=CARTESIAN_POINT('',(-2.15,3.4,-2.15));
#2440=DIRECTION('',(-0.0,1.0,0.0));
#2441=DIRECTION('',(1.0,0.0,0.0));
#2442=DIRECTION('',(1.44560289664734E-016,-1.0,0.0));
#2443=CARTESIAN_POINT('',(-2.15,3.9,2.15));
#2444=DIRECTION('',(0.0,1.0,-0.0));
#2445=DIRECTION('',(-1.0,0.0,0.0));
#2446=DIRECTION('',(1.44560289664734E-016,-1.0,0.0));
#2447=CARTESIAN_POINT('',(-2.15,3.4,2.15));
#2448=DIRECTION('',(-0.0,1.0,0.0));
#2449=DIRECTION('',(1.0,0.0,0.0));
#2450=DIRECTION('',(1.44560289664734E-016,-1.0,0.0));
#2451=CARTESIAN_POINT('',(2.15,3.9,2.15));
#2452=DIRECTION('',(0.0,1.0,-0.0));
#2453=DIRECTION('',(-1.0,0.0,0.0));
#2454=DIRECTION('',(1.44560289664734E-016,-1.0,0.0));
#2455=CARTESIAN_POINT('',(2.15,3.4,2.15));
#2456=DIRECTION('',(-0.0,1.0,0.0));
#2457=DIRECTION('',(1.0,0.0,0.0));
#2458=DIRECTION('',(1.44560289664734E-016,-1.0,0.0));
#2459=CARTESIAN_POINT('',(-2.45752492430047E-016,1.7,0.0));
#2460=DIRECTION('',(-1.23908819712629E-016,1.0,0.0));
#2461=DIRECTION('',(-1.0,-1.23908819712629E-016,0.0));
#2462=DIRECTION('',(-1.44560289664734E-016,1.0,0.0));
#2463=CARTESIAN_POINT('',(-4.91504984860095E-016,3.4,0.0));
#2464=DIRECTION('',(-2.47817639425258E-016,1.0,0.0));
#2465=DIRECTION('',(-1.0,-2.47817639425258E-016,0.0));
#2466=DIRECTION('',(-1.44560289664734E-016,1.0,0.0));
#2467=DIRECTION('',(-1.0,-1.44560289664734E-016,0.0));
#2468=DIRECTION('',(0.0,0.0,-1.0));
#2469=DIRECTION('',(-1.0,-1.44560289664734E-016,0.0));
#2470=DIRECTION('',(0.0,0.0,-1.0));
#2471=CARTESIAN_POINT('',(-2.15,3.4,-2.15));
#2472=DIRECTION('',(-0.0,1.0,0.0));
#2473=DIRECTION('',(1.0,0.0,0.0));
#2474=CARTESIAN_POINT('',(2.15,3.4,2.15));
#2475=DIRECTION('',(-0.0,1.0,0.0));
#2476=DIRECTION('',(1.0,0.0,0.0));
#2477=CARTESIAN_POINT('',(-4.91504984860095E-016,3.4,0.0));
#2478=DIRECTION('',(-2.47817639425258E-016,1.0,0.0));
#2479=DIRECTION('',(-1.0,-2.47817639425258E-016,0.0));
#2480=CARTESIAN_POINT('',(-2.15,3.4,2.15));
#2481=DIRECTION('',(-0.0,1.0,0.0));
#2482=DIRECTION('',(1.0,0.0,0.0));
#2483=CARTESIAN_POINT('',(2.15,3.4,-2.15));
#2484=DIRECTION('',(-0.0,1.0,0.0));
#2485=DIRECTION('',(1.0,0.0,0.0));
#2486=DIRECTION('',(-1.020425574104E-015,1.0,0.0));
#2487=DIRECTION('',(-1.020425574104E-015,1.0,0.0));
#2488=DIRECTION('',(0.0,0.0,-1.0));
#2489=DIRECTION('',(0.0,-1.0,0.0));
#2490=DIRECTION('',(0.0,0.0,-1.0));
#2491=DIRECTION('',(0.0,-1.0,0.0));
#2492=DIRECTION('',(0.0,0.0,-1.0));
#2493=DIRECTION('',(0.0,-1.0,0.0));
#2494=DIRECTION('',(0.0,0.0,1.0));
#2495=DIRECTION('',(0.0,-1.0,0.0));
#2496=DIRECTION('',(0.0,0.0,1.0));
#2497=DIRECTION('',(0.0,-1.0,0.0));
#2498=DIRECTION('',(0.0,0.0,-1.0));
#2499=DIRECTION('',(0.0,-1.0,0.0));
#2500=DIRECTION('',(0.0,1.0,0.0));
#2501=DIRECTION('',(0.0,0.0,-1.0));
#2502=DIRECTION('',(0.0,1.0,0.0));
#2503=DIRECTION('',(0.0,0.0,-1.0));
#2504=DIRECTION('',(0.0,1.0,0.0));
#2505=DIRECTION('',(0.0,0.0,1.0));
#2506=DIRECTION('',(0.0,1.0,0.0));
#2507=DIRECTION('',(0.0,0.0,1.0));
#2508=DIRECTION('',(1.0,1.22460635382238E-016,0.0));
#2509=DIRECTION('',(1.0,1.22460635382238E-016,0.0));
#2510=DIRECTION('',(-0.455289315866724,0.890343551028259,0.0));
#2511=DIRECTION('',(0.0,0.0,-1.0));
#2512=DIRECTION('',(-0.455289315866724,0.890343551028259,0.0));
#2513=DIRECTION('',(0.0,0.0,-1.0));
#2514=DIRECTION('',(0.161320529915927,0.98690206536801,0.0));
#2515=DIRECTION('',(0.0,0.0,-1.0));
#2516=DIRECTION('',(0.161320529915927,0.98690206536801,0.0));
#2517=DIRECTION('',(1.0,0.0,0.0));
#2518=DIRECTION('',(1.0,0.0,0.0));
#2519=DIRECTION('',(-1.0,0.0,0.0));
#2520=DIRECTION('',(0.0,0.0,-1.0));
#2521=DIRECTION('',(-1.0,0.0,0.0));
#2522=DIRECTION('',(-0.161320529915927,-0.98690206536801,0.0));
#2523=DIRECTION('',(0.0,0.0,-1.0));
#2524=DIRECTION('',(-0.161320529915927,-0.98690206536801,0.0));
#2525=DIRECTION('',(0.455289315866724,-0.890343551028259,0.0));
#2526=DIRECTION('',(0.0,0.0,-1.0));
#2527=DIRECTION('',(0.455289315866724,-0.890343551028259,0.0));
#2528=DIRECTION('',(-2.16840434497101E-015,-1.0,0.0));
#2529=DIRECTION('',(0.0,0.0,-1.0));
#2530=DIRECTION('',(-2.16840434497101E-015,-1.0,0.0));
#2531=DIRECTION('',(1.0,-2.89120579329468E-015,0.0));
#2532=DIRECTION('',(0.0,0.0,-1.0));
#2533=DIRECTION('',(1.0,-2.89120579329468E-015,0.0));
#2534=DIRECTION('',(1.98878017710162E-015,1.0,0.0));
#2535=DIRECTION('',(1.98878017710162E-015,1.0,0.0));
#2536=DIRECTION('',(-1.0,0.0,0.0));
#2537=DIRECTION('',(-1.0,0.0,0.0));
#2538=DIRECTION('',(0.0,0.0,-1.0));
#2539=DIRECTION('',(1.0,0.0,0.0));
#2540=DIRECTION('',(0.0,0.0,-1.0));
#2541=DIRECTION('',(1.0,0.0,0.0));
#2542=DIRECTION('',(0.161320529915927,-0.98690206536801,0.0));
#2543=DIRECTION('',(0.0,0.0,-1.0));
#2544=DIRECTION('',(0.161320529915927,-0.98690206536801,0.0));
#2545=DIRECTION('',(-0.455289315866724,-0.890343551028259,0.0));
#2546=DIRECTION('',(0.0,0.0,-1.0));
#2547=DIRECTION('',(-0.455289315866724,-0.890343551028259,0.0));
#2548=DIRECTION('',(1.98878017710162E-015,-1.0,0.0));
#2549=DIRECTION('',(0.0,0.0,-1.0));
#2550=DIRECTION('',(1.98878017710162E-015,-1.0,0.0));
#2551=DIRECTION('',(1.0,2.89120579329468E-015,0.0));
#2552=DIRECTION('',(0.0,0.0,-1.0));
#2553=DIRECTION('',(1.0,2.89120579329468E-015,0.0));
#2554=DIRECTION('',(-2.16840434497101E-015,1.0,0.0));
#2555=DIRECTION('',(0.0,0.0,-1.0));
#2556=DIRECTION('',(-2.16840434497101E-015,1.0,0.0));
#2557=DIRECTION('',(0.455289315866724,0.890343551028259,0.0));
#2558=DIRECTION('',(0.0,0.0,-1.0));
#2559=DIRECTION('',(0.455289315866724,0.890343551028259,0.0));
#2560=DIRECTION('',(-0.161320529915927,0.98690206536801,0.0));
#2561=DIRECTION('',(-0.161320529915927,0.98690206536801,0.0));
#2562=DIRECTION('',(-0.455289315866724,0.890343551028259,0.0));
#2563=DIRECTION('',(0.0,0.0,1.0));
#2564=DIRECTION('',(-0.455289315866724,0.890343551028259,0.0));
#2565=DIRECTION('',(0.0,0.0,1.0));
#2566=DIRECTION('',(1.98878017710162E-015,1.0,0.0));
#2567=DIRECTION('',(0.0,0.0,1.0));
#2568=DIRECTION('',(1.98878017710162E-015,1.0,0.0));
#2569=DIRECTION('',(1.0,-2.89120579329468E-015,0.0));
#2570=DIRECTION('',(0.0,0.0,1.0));
#2571=DIRECTION('',(1.0,-2.89120579329468E-015,0.0));
#2572=DIRECTION('',(-2.16840434497101E-015,-1.0,0.0));
#2573=DIRECTION('',(0.0,0.0,1.0));
#2574=DIRECTION('',(-2.16840434497101E-015,-1.0,0.0));
#2575=DIRECTION('',(0.455289315866724,-0.890343551028259,0.0));
#2576=DIRECTION('',(0.0,0.0,1.0));
#2577=DIRECTION('',(0.455289315866724,-0.890343551028259,0.0));
#2578=DIRECTION('',(-0.161320529915927,-0.98690206536801,0.0));
#2579=DIRECTION('',(0.0,0.0,1.0));
#2580=DIRECTION('',(-0.161320529915927,-0.98690206536801,0.0));
#2581=DIRECTION('',(-1.0,0.0,0.0));
#2582=DIRECTION('',(-1.0,0.0,0.0));
#2583=DIRECTION('',(1.0,0.0,0.0));
#2584=DIRECTION('',(0.0,0.0,1.0));
#2585=DIRECTION('',(1.0,0.0,0.0));
#2586=DIRECTION('',(0.161320529915927,0.98690206536801,0.0));
#2587=DIRECTION('',(0.161320529915927,0.98690206536801,0.0));
#2588=DIRECTION('',(-1.0,0.0,0.0));
#2589=DIRECTION('',(0.0,0.0,1.0));
#2590=DIRECTION('',(-1.0,0.0,0.0));
#2591=DIRECTION('',(-0.161320529915927,0.98690206536801,0.0));
#2592=DIRECTION('',(0.0,0.0,1.0));
#2593=DIRECTION('',(-0.161320529915927,0.98690206536801,0.0));
#2594=DIRECTION('',(0.455289315866724,0.890343551028259,0.0));
#2595=DIRECTION('',(0.0,0.0,1.0));
#2596=DIRECTION('',(0.455289315866724,0.890343551028259,0.0));
#2597=DIRECTION('',(-2.16840434497101E-015,1.0,0.0));
#2598=DIRECTION('',(0.0,0.0,1.0));
#2599=DIRECTION('',(-2.16840434497101E-015,1.0,0.0));
#2600=DIRECTION('',(1.0,2.89120579329468E-015,0.0));
#2601=DIRECTION('',(0.0,0.0,1.0));
#2602=DIRECTION('',(1.0,2.89120579329468E-015,0.0));
#2603=DIRECTION('',(1.98878017710162E-015,-1.0,0.0));
#2604=DIRECTION('',(0.0,0.0,1.0));
#2605=DIRECTION('',(1.98878017710162E-015,-1.0,0.0));
#2606=DIRECTION('',(-0.455289315866724,-0.890343551028259,0.0));
#2607=DIRECTION('',(0.0,0.0,1.0));
#2608=DIRECTION('',(-0.455289315866724,-0.890343551028259,0.0));
#2609=DIRECTION('',(0.161320529915927,-0.98690206536801,0.0));
#2610=DIRECTION('',(0.0,0.0,1.0));
#2611=DIRECTION('',(0.161320529915927,-0.98690206536801,0.0));
#2612=DIRECTION('',(1.0,0.0,0.0));
#2613=DIRECTION('',(1.0,0.0,0.0));
#2614=CARTESIAN_POINT('',(-2.45752492430047E-016,1.7,0.0));
#2615=DIRECTION('',(-1.23908819712629E-016,1.0,0.0));
#2616=DIRECTION('',(-1.0,-1.23908819712629E-016,0.0));
#2617=CARTESIAN_POINT('',(2.15,3.9,2.15));
#2618=DIRECTION('',(0.0,1.0,-0.0));
#2619=DIRECTION('',(-1.0,0.0,0.0));
#2620=CARTESIAN_POINT('',(-2.15,3.9,2.15));
#2621=DIRECTION('',(0.0,1.0,-0.0));
#2622=DIRECTION('',(-1.0,0.0,0.0));
#2623=CARTESIAN_POINT('',(-2.15,3.9,-2.15));
#2624=DIRECTION('',(0.0,1.0,-0.0));
#2625=DIRECTION('',(-1.0,0.0,0.0));
#2626=CARTESIAN_POINT('',(2.15,3.9,-2.15));
#2627=DIRECTION('',(0.0,1.0,-0.0));
#2628=DIRECTION('',(-1.0,0.0,0.0));
#2629=PRESENTATION_LAYER_ASSIGNMENT('NONE','',(#112,#132,#116,#232,#236,#242,#130,#126,#228,#244,#230,#134,#120,#118,#128,#234,#238,#240,#114));
ENDSEC;
END-ISO-10303-21;
