ISO-10303-21;
HEADER;
FILE_DESCRIPTION (( 'STEP AP214' ),
    '1' );
FILE_NAME ('PKM22EPPH4001-B0.STEP',
    '2020-07-16T20:05:12',
    ( '' ),
    ( '' ),
    'SwSTEP 2.0',
    'SolidWorks 2017',
    '' );
FILE_SCHEMA (( 'AUTOMOTIVE_DESIGN' ));
ENDSEC;

DATA;
#1 = EDGE_CURVE ( 'NONE', #763, #1235, #3151, .T. ) ;
#2 = DIRECTION ( 'NONE',  ( 0.0000000000000000000, 0.0000000000000000000, -1.000000000000000000 ) ) ;
#3 = LINE ( 'NONE', #2276, #1171 ) ;
#4 = DIRECTION ( 'NONE',  ( -0.0000000000000000000, -1.000000000000000000, -0.0000000000000000000 ) ) ;
#5 = CARTESIAN_POINT ( 'NONE',  ( 5.400000000000000400, -2.499999999999995100, -0.02211432248042806800 ) ) ;
#6 = CARTESIAN_POINT ( 'NONE',  ( -4.666666666666666100, -2.499999999999999600, 0.03157139793297723800 ) ) ;
#7 = VERTEX_POINT ( 'NONE', #4186 ) ;
#8 = EDGE_CURVE ( 'NONE', #1919, #3114, #1283, .T. ) ;
#9 = CARTESIAN_POINT ( 'NONE',  ( 5.000000000000000000, 0.2499999999999958900, 0.0000000000000000000 ) ) ;
#10 = ORIENTED_EDGE ( 'NONE', *, *, #3422, .T. ) ;
#11 = VERTEX_POINT ( 'NONE', #2498 ) ;
#12 = FILL_AREA_STYLE ('',( #736 ) ) ;
#13 = EDGE_CURVE ( 'NONE', #2257, #233, #60, .T. ) ;
#14 = ORIENTED_EDGE ( 'NONE', *, *, #2871, .T. ) ;
#15 = FILL_AREA_STYLE_COLOUR ( '', #2803 ) ;
#16 = CARTESIAN_POINT ( 'NONE',  ( 0.0000000000000000000, 2.199999999999999700, 0.0000000000000000000 ) ) ;
#17 = ADVANCED_FACE ( 'NONE', ( #4370 ), #2486, .F. ) ;
#18 = ORIENTED_EDGE ( 'NONE', *, *, #737, .F. ) ;
#19 = CARTESIAN_POINT ( 'NONE',  ( 5.259807621135332000, -2.000000000000000000, -0.1499999999999998600 ) ) ;
#20 = AXIS2_PLACEMENT_3D ( 'NONE', #72, #2641, #4316 ) ;
#21 = DIRECTION ( 'NONE',  ( 0.7071067811865471300, 0.0000000000000000000, 0.7071067811865479100 ) ) ;
#22 = ORIENTED_EDGE ( 'NONE', *, *, #1805, .F. ) ;
#23 = ORIENTED_EDGE ( 'NONE', *, *, #1855, .F. ) ;
#24 = CARTESIAN_POINT ( 'NONE',  ( 0.0000000000000000000, 1.700000000000000000, 0.0000000000000000000 ) ) ;
#25 = LINE ( 'NONE', #359, #2071 ) ;
#26 = CIRCLE ( 'NONE', #2277, 11.00000000000000200 ) ;
#27 = EDGE_LOOP ( 'NONE', ( #1872, #260, #3231, #617, #1124 ) ) ;
#28 = ORIENTED_EDGE ( 'NONE', *, *, #4034, .T. ) ;
#29 = VECTOR ( 'NONE', #3736, 999.9999999999998900 ) ;
#30 = FACE_OUTER_BOUND ( 'NONE', #1086, .T. ) ;
#31 = DIRECTION ( 'NONE',  ( -0.6272021151201147000, 0.0000000000000000000, -0.7788565380022527400 ) ) ;
#32 = ORIENTED_EDGE ( 'NONE', *, *, #2474, .F. ) ;
#33 = PLANE ( 'NONE',  #3997 ) ;
#34 = ORIENTED_EDGE ( 'NONE', *, *, #906, .F. ) ;
#35 = DIRECTION ( 'NONE',  ( 0.0000000000000000000, -1.000000000000000000, 0.0000000000000000000 ) ) ;
#36 = CARTESIAN_POINT ( 'NONE',  ( 4.610453368585334400, -2.499999999999999600, -0.03509526478046411100 ) ) ;
#37 = CIRCLE ( 'NONE', #3915, 10.30000000000000400 ) ;
#38 = EDGE_CURVE ( 'NONE', #1133, #869, #1466, .T. ) ;
#39 = DIRECTION ( 'NONE',  ( 0.0000000000000000000, -1.000000000000000000, 0.0000000000000000000 ) ) ;
#40 = ORIENTED_EDGE ( 'NONE', *, *, #507, .F. ) ;
#41 = CARTESIAN_POINT ( 'NONE',  ( 0.4500000000000002300, 2.100000000000000100, -10.99079160024427000 ) ) ;
#42 = CARTESIAN_POINT ( 'NONE',  ( -4.633333333333332900, -2.499999999999999600, 0.004728537726275048500 ) ) ;
#43 = ADVANCED_FACE ( 'NONE', ( #2052 ), #3937, .F. ) ;
#44 = EDGE_CURVE ( 'NONE', #2186, #3742, #509, .T. ) ;
#45 = DIRECTION ( 'NONE',  ( 0.0000000000000000000, 0.0000000000000000000, 1.000000000000000000 ) ) ;
#46 = FACE_OUTER_BOUND ( 'NONE', #2191, .T. ) ;
#47 = DIRECTION ( 'NONE',  ( -0.0000000000000000000, -1.000000000000000000, -0.0000000000000000000 ) ) ;
#48 = DIRECTION ( 'NONE',  ( 0.0000000000000000000, 1.000000000000000000, 0.0000000000000000000 ) ) ;
#49 = AXIS2_PLACEMENT_3D ( 'NONE', #2406, #3132, #295 ) ;
#50 = FACE_OUTER_BOUND ( 'NONE', #4014, .T. ) ;
#51 = AXIS2_PLACEMENT_3D ( 'NONE', #2797, #2858, #89 ) ;
#52 = B_SPLINE_SURFACE_WITH_KNOTS ( 'NONE', 3, 1, ( 
 ( #302, #3125 ),
 ( #1387, #2873 ),
 ( #2123, #431 ),
 ( #1834, #2892 ),
 ( #2492, #416 ),
 ( #54, #2159 ),
 ( #3233, #2822 ),
 ( #6, #3839 ),
 ( #42, #365 ),
 ( #746, #1503 ) ),
 .UNSPECIFIED., .F., .F., .F.,
 ( 4, 2, 2, 2, 4 ),
 ( 2, 2 ),
 ( 0.0000000000000000000, 0.2499999999999998900, 0.5000000000000000000, 0.7499999999999998900, 1.000000000000000000 ),
 ( 0.0000000000000000000, 1.000000000000000000 ),
 .UNSPECIFIED. ) ;
#53 = LINE ( 'NONE', #1494, #163 ) ;
#54 = CARTESIAN_POINT ( 'NONE',  ( -4.766666666666666600, -2.499999999999999600, 0.1120999785530838500 ) ) ;
#55 = EDGE_LOOP ( 'NONE', ( #2786, #685, #2275, #4008 ) ) ;
#56 = AXIS2_PLACEMENT_3D ( 'NONE', #4414, #4388, #4100 ) ;
#57 = CARTESIAN_POINT ( 'NONE',  ( 4.653589838486224700, -0.0000000000000000000, -0.1999999999999997600 ) ) ;
#58 = ORIENTED_EDGE ( 'NONE', *, *, #1995, .T. ) ;
#59 = LINE ( 'NONE', #2148, #2756 ) ;
#60 = LINE ( 'NONE', #19, #3416 ) ;
#61 = EDGE_CURVE ( 'NONE', #4345, #4267, #2218, .T. ) ;
#62 =( NAMED_UNIT ( * ) PLANE_ANGLE_UNIT ( ) SI_UNIT ( $, .RADIAN. ) );
#63 = CARTESIAN_POINT ( 'NONE',  ( 0.7500000000000002200, 2.199999999999999700, -10.27265788391690500 ) ) ;
#64 = ADVANCED_FACE ( 'NONE', ( #3315 ), #2591, .F. ) ;
#65 = ORIENTED_EDGE ( 'NONE', *, *, #1509, .T. ) ;
#66 = ORIENTED_EDGE ( 'NONE', *, *, #3709, .T. ) ;
#67 = ORIENTED_EDGE ( 'NONE', *, *, #4020, .T. ) ;
#68 = DIRECTION ( 'NONE',  ( 0.0000000000000000000, 1.000000000000000000, 0.0000000000000000000 ) ) ;
#69 = EDGE_CURVE ( 'NONE', #202, #2105, #282, .T. ) ;
#70 = ORIENTED_EDGE ( 'NONE', *, *, #3050, .F. ) ;
#71 = DIRECTION ( 'NONE',  ( -0.0000000000000000000, 1.000000000000000000, -0.0000000000000000000 ) ) ;
#72 = CARTESIAN_POINT ( 'NONE',  ( 0.0000000000000000000, 1.700000000000000000, 0.0000000000000000000 ) ) ;
#73 = CARTESIAN_POINT ( 'NONE',  ( 0.0000000000000000000, -27.64995667241114700, 0.0000000000000000000 ) ) ;
#74 = ORIENTED_EDGE ( 'NONE', *, *, #936, .T. ) ;
#75 = DIRECTION ( 'NONE',  ( 0.0000000000000000000, 0.0000000000000000000, 1.000000000000000000 ) ) ;
#76 = VERTEX_POINT ( 'NONE', #788 ) ;
#77 = EDGE_LOOP ( 'NONE', ( #2460, #179 ) ) ;
#78 = DIRECTION ( 'NONE',  ( -0.1523750297134238400, 0.9834178836110700800, -0.09834183501316605400 ) ) ;
#79 = CARTESIAN_POINT ( 'NONE',  ( -5.288675134594813100, -1.999999999999999600, 0.1000000000000000600 ) ) ;
#80 = CYLINDRICAL_SURFACE ( 'NONE', #291, 0.5999999999999998700 ) ;
#81 = ORIENTED_EDGE ( 'NONE', *, *, #2843, .F. ) ;
#82 = AXIS2_PLACEMENT_3D ( 'NONE', #1334, #3814, #2076 ) ;
#83 = DIRECTION ( 'NONE',  ( -0.0000000000000000000, -1.000000000000000000, -0.0000000000000000000 ) ) ;
#84 = AXIS2_PLACEMENT_3D ( 'NONE', #4386, #1946, #4355 ) ;
#85 = CARTESIAN_POINT ( 'NONE',  ( -4.740192378864668900, -2.000000000000000000, -0.1500000000000002200 ) ) ;
#86 = CIRCLE ( 'NONE', #1002, 10.20000000000000300 ) ;
#87 = VECTOR ( 'NONE', #2516, 1000.000000000000000 ) ;
#88 = ORIENTED_EDGE ( 'NONE', *, *, #3367, .T. ) ;
#89 = DIRECTION ( 'NONE',  ( 0.0000000000000000000, 0.0000000000000000000, 1.000000000000000000 ) ) ;
#90 = ADVANCED_FACE ( 'NONE', ( #1231 ), #3912, .T. ) ;
#91 = DIRECTION ( 'NONE',  ( 0.1004684548135146700, 0.9373834448049354100, -0.3334941783495136100 ) ) ;
#92 = FACE_OUTER_BOUND ( 'NONE', #2893, .T. ) ;
#93 = CARTESIAN_POINT ( 'NONE',  ( -5.346410161513775300, -2.000000000000000000, -0.1999999999999997100 ) ) ;
#94 = EDGE_CURVE ( 'NONE', #3992, #198, #3466, .T. ) ;
#95 = ORIENTED_EDGE ( 'NONE', *, *, #1889, .T. ) ;
#96 = EDGE_LOOP ( 'NONE', ( #3395, #963 ) ) ;
#97 = DIRECTION ( 'NONE',  ( -0.7071067811865479100, 0.0000000000000000000, -0.7071067811865471300 ) ) ;
#98 = VECTOR ( 'NONE', #1563, 1000.000000000000100 ) ;
#99 = CARTESIAN_POINT ( 'NONE',  ( 5.000000000000000000, 0.0000000000000000000, 0.0000000000000000000 ) ) ;
#100 = ORIENTED_EDGE ( 'NONE', *, *, #3208, .F. ) ;
#101 = EDGE_CURVE ( 'NONE', #2676, #981, #173, .T. ) ;
#102 = CARTESIAN_POINT ( 'NONE',  ( 0.0000000000000000000, 1.700000000000000200, 0.0000000000000000000 ) ) ;
#103 = AXIS2_PLACEMENT_3D ( 'NONE', #141, #2649, #531 ) ;
#104 = ORIENTED_EDGE ( 'NONE', *, *, #3655, .T. ) ;
#105 = CARTESIAN_POINT ( 'NONE',  ( -5.000000000000000000, -6.500000000000000000, 0.1716066501072228100 ) ) ;
#106 = LINE ( 'NONE', #3573, #783 ) ;
#107 = DIRECTION ( 'NONE',  ( -0.0000000000000000000, -1.000000000000000000, -0.0000000000000000000 ) ) ;
#108 = DIRECTION ( 'NONE',  ( -0.0000000000000000000, -1.000000000000000000, -0.0000000000000000000 ) ) ;
#109 = DIRECTION ( 'NONE',  ( 0.0000000000000000000, 0.0000000000000000000, 1.000000000000000000 ) ) ;
#110 = DIRECTION ( 'NONE',  ( 0.0000000000000000000, 0.0000000000000000000, 1.000000000000000000 ) ) ;
#111 = AXIS2_PLACEMENT_3D ( 'NONE', #2353, #4061, #977 ) ;
#112 = AXIS2_PLACEMENT_3D ( 'NONE', #2693, #3046, #3715 ) ;
#113 = ADVANCED_FACE ( 'NONE', ( #3885 ), #799, .F. ) ;
#114 = VECTOR ( 'NONE', #2286, 1000.000000000000000 ) ;
#115 = CARTESIAN_POINT ( 'NONE',  ( 5.337279788487988300, -2.500000000000000400, -0.09999997628065321300 ) ) ;
#116 = CIRCLE ( 'NONE', #642, 0.3999999999999999700 ) ;
#117 = EDGE_LOOP ( 'NONE', ( #327, #2523, #3475, #3635 ) ) ;
#118 = CARTESIAN_POINT ( 'NONE',  ( -5.288675134594814000, -2.000000000000000000, -0.1666666666666669100 ) ) ;
#119 = EDGE_LOOP ( 'NONE', ( #2702, #2109, #386, #1597, #1914 ) ) ;
#120 = EDGE_CURVE ( 'NONE', #863, #3785, #893, .T. ) ;
#121 = CARTESIAN_POINT ( 'NONE',  ( -5.230940107675850800, -2.000000000000000000, 0.1999999999999999800 ) ) ;
#122 = ORIENTED_EDGE ( 'NONE', *, *, #4079, .F. ) ;
#123 = CARTESIAN_POINT ( 'NONE',  ( 0.0000000000000000000, 1.200000000000000000, 0.0000000000000000000 ) ) ;
#124 = DIRECTION ( 'NONE',  ( 0.0000000000000000000, 1.000000000000000000, 0.0000000000000000000 ) ) ;
#125 = DIRECTION ( 'NONE',  ( 0.0000000000000000000, 1.000000000000000000, 0.0000000000000000000 ) ) ;
#126 = EDGE_CURVE ( 'NONE', #7, #2264, #4480, .T. ) ;
#127 = EDGE_LOOP ( 'NONE', ( #2339, #477, #3565, #2348 ) ) ;
#128 = ORIENTED_EDGE ( 'NONE', *, *, #629, .F. ) ;
#129 = ADVANCED_FACE ( 'NONE', ( #3678 ), #1926, .F. ) ;
#130 = CARTESIAN_POINT ( 'NONE',  ( 0.0000000000000000000, 6.200000000000001100, 2.000000000000000000 ) ) ;
#131 = VERTEX_POINT ( 'NONE', #488 ) ;
#132 = AXIS2_PLACEMENT_3D ( 'NONE', #4037, #1989, #2315 ) ;
#133 = AXIS2_PLACEMENT_3D ( 'NONE', #9, #3172, #3156 ) ;
#134 = CARTESIAN_POINT ( 'NONE',  ( 4.599999999999999600, -5.807179676972451100, -0.02211432248042713100 ) ) ;
#135 = VECTOR ( 'NONE', #1192, 1000.000000000000000 ) ;
#136 = FACE_OUTER_BOUND ( 'NONE', #2057, .T. ) ;
#137 = VERTEX_POINT ( 'NONE', #3095 ) ;
#138 = CARTESIAN_POINT ( 'NONE',  ( 0.0000000000000000000, 1.200000000000000000, 0.0000000000000000000 ) ) ;
#139 = EDGE_LOOP ( 'NONE', ( #3546, #476, #264, #803, #2483, #1698 ) ) ;
#140 = ADVANCED_BREP_SHAPE_REPRESENTATION ( 'PKM22EPPH4001-B0', ( #962, #1312, #2115, #948 ), #2918 ) ;
#141 = CARTESIAN_POINT ( 'NONE',  ( 0.0000000000000000000, 1.200000000000000000, 0.0000000000000000000 ) ) ;
#142 = CARTESIAN_POINT ( 'NONE',  ( 0.0000000000000000000, 1.199999999999999700, 5.000000000000000000 ) ) ;
#143 = VECTOR ( 'NONE', #2402, 1000.000000000000000 ) ;
#144 = CIRCLE ( 'NONE', #4091, 11.00000000000000000 ) ;
#145 = ORIENTED_EDGE ( 'NONE', *, *, #3743, .F. ) ;
#146 = VECTOR ( 'NONE', #888, 1000.000000000000000 ) ;
#147 = DIRECTION ( 'NONE',  ( -0.0000000000000000000, 1.000000000000000000, -0.0000000000000000000 ) ) ;
#148 = VERTEX_POINT ( 'NONE', #672 ) ;
#149 = DIRECTION ( 'NONE',  ( -0.7788565380022514100, 0.0000000000000000000, 0.6272021151201162500 ) ) ;
#150 = FACE_OUTER_BOUND ( 'NONE', #2311, .T. ) ;
#151 = EDGE_CURVE ( 'NONE', #1628, #2423, #2554, .T. ) ;
#152 = CARTESIAN_POINT ( 'NONE',  ( 5.379093262829329100, -2.499999999999999600, -0.04807620708050230200 ) ) ;
#153 = CARTESIAN_POINT ( 'NONE',  ( -0.4499999999999990100, 1.800000000000000000, -5.006520979597778400E-017 ) ) ;
#154 = LINE ( 'NONE', #2719, #3721 ) ;
#155 = ADVANCED_FACE ( 'NONE', ( #1633 ), #2600, .F. ) ;
#156 = EDGE_CURVE ( 'NONE', #2865, #230, #1004, .T. ) ;
#157 = LINE ( 'NONE', #2944, #2859 ) ;
#158 = DIRECTION ( 'NONE',  ( 0.0000000000000000000, -1.000000000000000000, 0.0000000000000000000 ) ) ;
#159 = DIRECTION ( 'NONE',  ( -0.0000000000000000000, 1.000000000000000000, -0.0000000000000000000 ) ) ;
#160 = DIRECTION ( 'NONE',  ( 0.0000000000000000000, -1.000000000000000000, 0.0000000000000000000 ) ) ;
#161 = ORIENTED_EDGE ( 'NONE', *, *, #2556, .T. ) ;
#162 = ORIENTED_EDGE ( 'NONE', *, *, #2843, .T. ) ;
#163 = VECTOR ( 'NONE', #1539, 1000.000000000000000 ) ;
#164 = AXIS2_PLACEMENT_3D ( 'NONE', #2388, #4136, #2810 ) ;
#165 = DIRECTION ( 'NONE',  ( 0.0000000000000000000, -1.000000000000000000, 0.0000000000000000000 ) ) ;
#166 = DIRECTION ( 'NONE',  ( 0.0000000000000000000, -1.000000000000000000, 0.0000000000000000000 ) ) ;
#167 = CARTESIAN_POINT ( 'NONE',  ( 5.000000000000000000, -6.500000000000000000, 0.1716066501072228100 ) ) ;
#168 = CARTESIAN_POINT ( 'NONE',  ( -5.057735026918964000, -2.000000000000000400, 0.3999999999999999100 ) ) ;
#169 = FACE_OUTER_BOUND ( 'NONE', #637, .T. ) ;
#170 = DIRECTION ( 'NONE',  ( 0.0000000000000000000, -0.0000000000000000000, -1.000000000000000000 ) ) ;
#171 = AXIS2_PLACEMENT_3D ( 'NONE', #2319, #894, #2302 ) ;
#172 = ORIENTED_EDGE ( 'NONE', *, *, #1388, .T. ) ;
#173 = LINE ( 'NONE', #2869, #2759 ) ;
#174 = CARTESIAN_POINT ( 'NONE',  ( 0.0000000000000000000, 1.700000000000000000, 0.0000000000000000000 ) ) ;
#175 = VERTEX_POINT ( 'NONE', #3816 ) ;
#176 = ORIENTED_EDGE ( 'NONE', *, *, #930, .F. ) ;
#177 = CARTESIAN_POINT ( 'NONE',  ( 5.400000000000000400, -13.89442718039230100, -0.02211432248042713100 ) ) ;
#178 = ADVANCED_FACE ( 'NONE', ( #4426 ), #1519, .F. ) ;
#179 = ORIENTED_EDGE ( 'NONE', *, *, #1880, .F. ) ;
#180 = DIRECTION ( 'NONE',  ( 0.0000000000000000000, 0.0000000000000000000, 1.000000000000000000 ) ) ;
#181 = DIRECTION ( 'NONE',  ( 0.0000000000000000000, -1.000000000000000000, 0.0000000000000000000 ) ) ;
#182 = DIRECTION ( 'NONE',  ( -0.0000000000000000000, 1.000000000000000000, -0.0000000000000000000 ) ) ;
#183 = ORIENTED_EDGE ( 'NONE', *, *, #4383, .T. ) ;
#184 = EDGE_LOOP ( 'NONE', ( #2020, #1303, #276, #3906 ) ) ;
#185 = EDGE_CURVE ( 'NONE', #2585, #2611, #3675, .T. ) ;
#186 = DIRECTION ( 'NONE',  ( 0.0000000000000000000, 0.0000000000000000000, 1.000000000000000000 ) ) ;
#187 = CARTESIAN_POINT ( 'NONE',  ( 7.067977854924515100, 2.199999999999999700, 7.492241923636521900 ) ) ;
#188 = VERTEX_POINT ( 'NONE', #4492 ) ;
#189 = DIRECTION ( 'NONE',  ( -0.0000000000000000000, -1.000000000000000000, -0.0000000000000000000 ) ) ;
#190 = EDGE_CURVE ( 'NONE', #294, #3683, #1579, .T. ) ;
#191 = ORIENTED_EDGE ( 'NONE', *, *, #3812, .T. ) ;
#192 = CARTESIAN_POINT ( 'NONE',  ( 0.0000000000000000000, 1.700000000000000200, 0.0000000000000000000 ) ) ;
#193 = DIRECTION ( 'NONE',  ( 0.0000000000000000000, -0.0000000000000000000, -1.000000000000000000 ) ) ;
#194 = FACE_OUTER_BOUND ( 'NONE', #1645, .T. ) ;
#195 = CARTESIAN_POINT ( 'NONE',  ( 0.0000000000000000000, 2.199999999999999700, 0.0000000000000000000 ) ) ;
#196 = FACE_OUTER_BOUND ( 'NONE', #2080, .T. ) ;
#197 = DIRECTION ( 'NONE',  ( 0.0000000000000000000, 0.0000000000000000000, 1.000000000000000000 ) ) ;
#198 = VERTEX_POINT ( 'NONE', #3174 ) ;
#199 = AXIS2_PLACEMENT_3D ( 'NONE', #1152, #2547, #776 ) ;
#200 = AXIS2_PLACEMENT_3D ( 'NONE', #3959, #125, #1900 ) ;
#201 = DIRECTION ( 'NONE',  ( 0.7071067811865431300, 0.0000000000000000000, 0.7071067811865517900 ) ) ;
#202 = VERTEX_POINT ( 'NONE', #2062 ) ;
#203 = CARTESIAN_POINT ( 'NONE',  ( 4.740192378864668900, -2.000000000000000000, -0.1500000000000002200 ) ) ;
#204 = VECTOR ( 'NONE', #149, 999.9999999999998900 ) ;
#205 = CARTESIAN_POINT ( 'NONE',  ( 4.907248166813617200, -1.999999999999999600, 0.2902366863905324600 ) ) ;
#206 = ORIENTED_EDGE ( 'NONE', *, *, #496, .T. ) ;
#207 = DIRECTION ( 'NONE',  ( 0.0000000000000000000, -1.000000000000000000, 0.0000000000000000000 ) ) ;
#208 = FACE_OUTER_BOUND ( 'NONE', #4312, .T. ) ;
#209 = DIRECTION ( 'NONE',  ( -0.0000000000000000000, 1.000000000000000000, -0.0000000000000000000 ) ) ;
#210 = PLANE ( 'NONE',  #132 ) ;
#211 = VECTOR ( 'NONE', #2060, 1000.000000000000100 ) ;
#212 = DIRECTION ( 'NONE',  ( -1.000000000000000000, 0.0000000000000000000, -1.112560217688397700E-016 ) ) ;
#213 = DIRECTION ( 'NONE',  ( 0.3894282690011275400, 0.8660254037844378200, -0.3136010575600582400 ) ) ;
#214 = EDGE_CURVE ( 'NONE', #3992, #11, #3517, .T. ) ;
#215 = LINE ( 'NONE', #1359, #880 ) ;
#216 = CARTESIAN_POINT ( 'NONE',  ( -7.599388812201220300, 1.700000000000000200, 7.952942202794568900 ) ) ;
#217 = CARTESIAN_POINT ( 'NONE',  ( 0.7173438846426170000, 1.956992484427045200, 10.27513961753526500 ) ) ;
#218 = FACE_BOUND ( 'NONE', #3792, .T. ) ;
#219 = EDGE_CURVE ( 'NONE', #1185, #2224, #59, .T. ) ;
#220 = CARTESIAN_POINT ( 'NONE',  ( -7.599388812201220300, 7.664080173772339000, 7.952942202794568900 ) ) ;
#221 =( NAMED_UNIT ( * ) PLANE_ANGLE_UNIT ( ) SI_UNIT ( $, .RADIAN. ) );
#222 = VECTOR ( 'NONE', #4193, 1000.000000000000100 ) ;
#223 = CARTESIAN_POINT ( 'NONE',  ( -5.337279788487988300, -13.89442718039230100, -0.09999997628065321300 ) ) ;
#224 = MECHANICAL_DESIGN_GEOMETRIC_PRESENTATION_REPRESENTATION (  '', ( #3604 ), #3038 ) ;
#225 = CIRCLE ( 'NONE', #3540, 10.30000000000000600 ) ;
#226 = CARTESIAN_POINT ( 'NONE',  ( -5.400000000000000400, -2.499999999999995100, -0.02211432248042806800 ) ) ;
#227 = CARTESIAN_POINT ( 'NONE',  ( -7.563149311035942000, 2.199999999999999700, 7.987413379747950500 ) ) ;
#228 = CARTESIAN_POINT ( 'NONE',  ( -7.952942202794572400, 1.200000000000000000, -7.599388812201216800 ) ) ;
#229 = CARTESIAN_POINT ( 'NONE',  ( 0.7500000000000001100, 1.700000000000000200, -10.17238909991158600 ) ) ;
#230 = VERTEX_POINT ( 'NONE', #3193 ) ;
#231 = ORIENTED_EDGE ( 'NONE', *, *, #4363, .F. ) ;
#232 = CARTESIAN_POINT ( 'NONE',  ( 4.943786701918664800, -2.499999999999999600, 0.1263388790425741300 ) ) ;
#233 = VERTEX_POINT ( 'NONE', #2127 ) ;
#234 = CARTESIAN_POINT ( 'NONE',  ( 5.000000000000000000, -2.000000000000000000, 0.0000000000000000000 ) ) ;
#235 = CARTESIAN_POINT ( 'NONE',  ( 5.166666666666667000, -2.499999999999999600, 0.1657856989664887600 ) ) ;
#236 = ORIENTED_EDGE ( 'NONE', *, *, #3946, .T. ) ;
#237 = DIRECTION ( 'NONE',  ( 0.7788565380022514100, 0.0000000000000000000, -0.6272021151201161400 ) ) ;
#238 = EDGE_CURVE ( 'NONE', #3121, #2703, #1845, .T. ) ;
#239 = ORIENTED_EDGE ( 'NONE', *, *, #1478, .F. ) ;
#240 = DIRECTION ( 'NONE',  ( -0.0000000000000000000, 1.000000000000000000, -0.0000000000000000000 ) ) ;
#241 = VERTEX_POINT ( 'NONE', #1804 ) ;
#242 = CIRCLE ( 'NONE', #1672, 11.00000000000000000 ) ;
#243 = EDGE_CURVE ( 'NONE', #2585, #3121, #2927, .T. ) ;
#244 = CARTESIAN_POINT ( 'NONE',  ( 4.803253456715333800, -2.499999999999999600, 0.01316945138095671300 ) ) ;
#245 = ORIENTED_EDGE ( 'NONE', *, *, #101, .F. ) ;
#246 = DIRECTION ( 'NONE',  ( -0.0000000000000000000, -1.000000000000000000, -0.0000000000000000000 ) ) ;
#247 = ADVANCED_FACE ( 'NONE', ( #3780 ), #1939, .F. ) ;
#248 = LINE ( 'NONE', #344, #4276 ) ;
#249 = CARTESIAN_POINT ( 'NONE',  ( 7.067977854924515100, 1.200000000000000000, -7.492241923636524500 ) ) ;
#250 = FACE_OUTER_BOUND ( 'NONE', #4321, .T. ) ;
#251 = VERTEX_POINT ( 'NONE', #1790 ) ;
#252 = EDGE_LOOP ( 'NONE', ( #3611, #1395, #457, #2563 ) ) ;
#253 = CARTESIAN_POINT ( 'NONE',  ( 0.0000000000000000000, 1.200000000000000000, 0.0000000000000000000 ) ) ;
#254 = EDGE_CURVE ( 'NONE', #3834, #2427, #890, .T. ) ;
#255 = LINE ( 'NONE', #1297, #29 ) ;
#256 = LINE ( 'NONE', #2202, #1485 ) ;
#257 = CARTESIAN_POINT ( 'NONE',  ( -4.718541743770058100, -2.000000000000000000, -0.1125000000000002700 ) ) ;
#258 = ORIENTED_EDGE ( 'NONE', *, *, #4052, .F. ) ;
#259 = CARTESIAN_POINT ( 'NONE',  ( 7.952942202794572400, 1.700000000000000200, 7.599388812201216800 ) ) ;
#260 = ORIENTED_EDGE ( 'NONE', *, *, #3309, .T. ) ;
#261 = FACE_OUTER_BOUND ( 'NONE', #2452, .T. ) ;
#262 = DIRECTION ( 'NONE',  ( 0.3894282690011264300, 0.8660254037844376000, -0.3136010575600600700 ) ) ;
#263 = AXIS2_PLACEMENT_3D ( 'NONE', #655, #1375, #2064 ) ;
#264 = ORIENTED_EDGE ( 'NONE', *, *, #3671, .T. ) ;
#265 = CARTESIAN_POINT ( 'NONE',  ( 4.662720211512012500, -5.807179676972451100, -0.09999997628065304700 ) ) ;
#266 = CARTESIAN_POINT ( 'NONE',  ( -0.8000000000000002700, 1.200000000000000000, 10.97087052152198100 ) ) ;
#267 = CIRCLE ( 'NONE', #1058, 1.750000000000000000 ) ;
#268 = CYLINDRICAL_SURFACE ( 'NONE', #2183, 0.5999999999999998700 ) ;
#269 = EDGE_CURVE ( 'NONE', #869, #3567, #2868, .T. ) ;
#270 = CARTESIAN_POINT ( 'NONE',  ( -7.492241923636447300, 2.199999999999999700, 7.067977854924594200 ) ) ;
#271 = DIRECTION ( 'NONE',  ( 0.6272021151201162500, 0.0000000000000000000, -0.7788565380022514100 ) ) ;
#272 = DIRECTION ( 'NONE',  ( -0.0000000000000000000, -1.000000000000000000, -0.0000000000000000000 ) ) ;
#273 = LINE ( 'NONE', #3359, #4143 ) ;
#274 = CARTESIAN_POINT ( 'NONE',  ( 7.952942202794572400, 7.664080173772339000, 7.599388812201216800 ) ) ;
#275 = EDGE_CURVE ( 'NONE', #4409, #3188, #3, .T. ) ;
#276 = ORIENTED_EDGE ( 'NONE', *, *, #731, .F. ) ;
#277 = VECTOR ( 'NONE', #1988, 1000.000000000000000 ) ;
#278 = FACE_OUTER_BOUND ( 'NONE', #764, .T. ) ;
#279 = EDGE_CURVE ( 'NONE', #131, #1925, #4099, .T. ) ;
#280 = DIRECTION ( 'NONE',  ( -0.6272021151201175900, 0.0000000000000000000, 0.7788565380022504100 ) ) ;
#281 = PLANE ( 'NONE',  #3128 ) ;
#282 = CIRCLE ( 'NONE', #2851, 11.00000000000000000 ) ;
#283 = CARTESIAN_POINT ( 'NONE',  ( -4.769059892324148300, -1.999999999999999600, 0.1999999999999998400 ) ) ;
#284 = AXIS2_PLACEMENT_3D ( 'NONE', #572, #557, #3767 ) ;
#285 = VERTEX_POINT ( 'NONE', #249 ) ;
#286 = CARTESIAN_POINT ( 'NONE',  ( 4.740192378864668900, -2.000000000000000000, -0.1499999999999999700 ) ) ;
#287 = ORIENTED_EDGE ( 'NONE', *, *, #404, .F. ) ;
#288 = CARTESIAN_POINT ( 'NONE',  ( -5.346410161513775300, -2.000000000000000000, -0.1999999999999997100 ) ) ;
#289 = VERTEX_POINT ( 'NONE', #595 ) ;
#290 = CARTESIAN_POINT ( 'NONE',  ( 5.000000000000000000, 0.2499999999999958900, 0.0000000000000000000 ) ) ;
#291 = AXIS2_PLACEMENT_3D ( 'NONE', #1205, #159, #1577 ) ;
#292 = CARTESIAN_POINT ( 'NONE',  ( 4.866666666666667100, -2.499999999999999600, 0.1926285591731905800 ) ) ;
#293 = ORIENTED_EDGE ( 'NONE', *, *, #3505, .T. ) ;
#294 = VERTEX_POINT ( 'NONE', #3988 ) ;
#295 = DIRECTION ( 'NONE',  ( 0.0000000000000000000, 0.0000000000000000000, 1.000000000000000000 ) ) ;
#296 = PLANE ( 'NONE',  #4465 ) ;
#297 = VERTEX_POINT ( 'NONE', #2378 ) ;
#298 = EDGE_CURVE ( 'NONE', #4394, #4117, #506, .T. ) ;
#299 = CARTESIAN_POINT ( 'NONE',  ( 5.000000000000000000, 0.0000000000000000000, 0.0000000000000000000 ) ) ;
#300 = B_SPLINE_CURVE_WITH_KNOTS ( 'NONE', 3,
 ( #3257, #1868, #2963, #1215, #4307, #854 ),
 .UNSPECIFIED., .F., .F.,
 ( 4, 2, 4 ),
 ( 0.0000000000000000000, 0.0002344883131762673400, 0.0004689766263525346900 ),
 .UNSPECIFIED. ) ;
#301 = CIRCLE ( 'NONE', #1098, 0.2999999999999999300 ) ;
#302 = CARTESIAN_POINT ( 'NONE',  ( -5.000000000000000900, -2.500000000000000000, 0.2999999999999997700 ) ) ;
#303 = CLOSED_SHELL ( 'NONE', ( #1699, #4361, #2292, #3319, #1547, #2219, #508, #722, #1901, #1776, #2485, #1350, #1505, #3980, #4310, #3631, #2201, #2174, #1574, #486, #4384, #4248, #369, #2575, #2552, #3516, #1844, #951, #1797, #1824, #1595, #3610, #4205, #2860, #836, #3842, #2013, #530, #1157, #600, #3213, #3534, #1428, #129, #2662, #1135, #113, #1944, #1475, #1924, #1062, #463, #155, #3280, #247, #1116, #2930, #1407, #4416, #3561, #2618, #693, #342, #1725, #3931, #814, #3143, #90, #3192, #3667, #3384, #748, #3692, #4049, #2459, #1251, #3911, #3449, #3581, #441, #4266, #2505, #3473, #3345, #2833, #4112, #2908, #3258, #856, #398, #2082, #1179, #2153, #1090, #1042, #3236, #3888, #1230, #2954, #4226, #17, #4184, #2269 ) ) ;
#304 = DIRECTION ( 'NONE',  ( 0.1004684548135146700, 0.9373834448049354100, -0.3334941783495137800 ) ) ;
#305 = CARTESIAN_POINT ( 'NONE',  ( -0.7500000000000002200, 2.199999999999999700, 10.27265788391690100 ) ) ;
#306 = CIRCLE ( 'NONE', #3795, 11.00000000000000200 ) ;
#307 = EDGE_CURVE ( 'NONE', #241, #2356, #225, .T. ) ;
#308 = CARTESIAN_POINT ( 'NONE',  ( -4.626794919243112100, -2.250000000000000400, -0.1110571612402134600 ) ) ;
#309 = LINE ( 'NONE', #223, #1081 ) ;
#310 = CARTESIAN_POINT ( 'NONE',  ( -0.5292210486150495900, 2.100000000000000100, -10.28670078589167500 ) ) ;
#311 = ORIENTED_EDGE ( 'NONE', *, *, #3470, .F. ) ;
#312 = ORIENTED_EDGE ( 'NONE', *, *, #69, .T. ) ;
#313 = FACE_OUTER_BOUND ( 'NONE', #452, .T. ) ;
#314 = ORIENTED_EDGE ( 'NONE', *, *, #3616, .F. ) ;
#315 = DIRECTION ( 'NONE',  ( 0.0000000000000000000, 1.000000000000000000, 0.0000000000000000000 ) ) ;
#316 = AXIS2_PLACEMENT_3D ( 'NONE', #433, #71, #1467 ) ;
#317 = CARTESIAN_POINT ( 'NONE',  ( -4.974262826712912800, -6.500000000000000000, 0.1508808697673941800 ) ) ;
#318 = VECTOR ( 'NONE', #625, 1000.000000000000100 ) ;
#319 = AXIS2_PLACEMENT_3D ( 'NONE', #153, #2626, #3342 ) ;
#320 = VECTOR ( 'NONE', #1097, 1000.000000000000000 ) ;
#321 = ADVANCED_FACE ( 'NONE', ( #278 ), #2042, .F. ) ;
#322 = DIRECTION ( 'NONE',  ( 1.112560217688397700E-016, -0.0000000000000000000, 1.000000000000000000 ) ) ;
#323 = DIRECTION ( 'NONE',  ( 0.0000000000000000000, 0.0000000000000000000, -1.000000000000000000 ) ) ;
#324 = LINE ( 'NONE', #1051, #3138 ) ;
#325 = EDGE_CURVE ( 'NONE', #4261, #1095, #3832, .T. ) ;
#326 = FACE_BOUND ( 'NONE', #2030, .T. ) ;
#327 = ORIENTED_EDGE ( 'NONE', *, *, #275, .T. ) ;
#328 = CARTESIAN_POINT ( 'NONE',  ( -0.7499999999999990000, 1.700000000000000000, 8.344201632662972700E-017 ) ) ;
#329 = DIRECTION ( 'NONE',  ( -0.0000000000000000000, -1.000000000000000000, -0.0000000000000000000 ) ) ;
#330 = VECTOR ( 'NONE', #653, 1000.000000000000200 ) ;
#331 = B_SPLINE_CURVE_WITH_KNOTS ( 'NONE', 3,
 ( #4149, #310, #671, #3129, #2798, #3177 ),
 .UNSPECIFIED., .F., .F.,
 ( 4, 2, 4 ),
 ( 0.0000000000000000000, 0.0002345114084196066100, 0.0004690228168392132200 ),
 .UNSPECIFIED. ) ;
#332 = DIRECTION ( 'NONE',  ( -0.0000000000000000000, 1.000000000000000000, -0.0000000000000000000 ) ) ;
#333 = CARTESIAN_POINT ( 'NONE',  ( 7.987413379747868800, 2.199999999999999700, -7.563149311036029100 ) ) ;
#334 = EDGE_CURVE ( 'NONE', #2105, #1685, #2707, .T. ) ;
#335 = ORIENTED_EDGE ( 'NONE', *, *, #2294, .F. ) ;
#336 = ORIENTED_EDGE ( 'NONE', *, *, #1654, .T. ) ;
#337 = CARTESIAN_POINT ( 'NONE',  ( -7.987413379747868800, 2.199999999999999700, -7.563149311036029100 ) ) ;
#338 = AXIS2_PLACEMENT_3D ( 'NONE', #4305, #107, #1992 ) ;
#339 = ORIENTED_EDGE ( 'NONE', *, *, #2069, .T. ) ;
#340 = ORIENTED_EDGE ( 'NONE', *, *, #2083, .T. ) ;
#341 = DIRECTION ( 'NONE',  ( -0.7071067811865472400, 0.0000000000000000000, -0.7071067811865479100 ) ) ;
#342 = ADVANCED_FACE ( 'NONE', ( #1942 ), #4152, .F. ) ;
#343 = ORIENTED_EDGE ( 'NONE', *, *, #4292, .T. ) ;
#344 = CARTESIAN_POINT ( 'NONE',  ( 7.987413379747868800, 2.199999999999999700, -7.563149311036029100 ) ) ;
#345 = CARTESIAN_POINT ( 'NONE',  ( -5.000000000000000000, -2.000000000000000000, 0.0000000000000000000 ) ) ;
#346 = PRESENTATION_LAYER_ASSIGNMENT (  '', '', ( #3575 ) ) ;
#347 = EDGE_LOOP ( 'NONE', ( #34, #758, #2801, #1647 ) ) ;
#348 = CARTESIAN_POINT ( 'NONE',  ( 7.599388812201220300, 1.200000000000000000, -7.952942202794568900 ) ) ;
#349 = CARTESIAN_POINT ( 'NONE',  ( 7.987413379747872400, 1.200000000000000000, 7.563149311036023700 ) ) ;
#350 = DIRECTION ( 'NONE',  ( -0.0000000000000000000, 1.000000000000000000, -0.0000000000000000000 ) ) ;
#351 = ORIENTED_EDGE ( 'NONE', *, *, #2333, .F. ) ;
#352 = CARTESIAN_POINT ( 'NONE',  ( 7.387099156879100900, -27.64995667241114700, -7.033545766285744300 ) ) ;
#353 = LINE ( 'NONE', #965, #3955 ) ;
#354 = ORIENTED_EDGE ( 'NONE', *, *, #1634, .T. ) ;
#355 = CARTESIAN_POINT ( 'NONE',  ( -0.7499999999999990000, 1.700000000000000000, -8.344201632662972700E-017 ) ) ;
#356 = CARTESIAN_POINT ( 'NONE',  ( 0.7499999999999990000, 1.700000000000000000, -8.344201632662972700E-017 ) ) ;
#357 = FACE_OUTER_BOUND ( 'NONE', #139, .T. ) ;
#358 = CIRCLE ( 'NONE', #883, 10.30000000000000200 ) ;
#359 = CARTESIAN_POINT ( 'NONE',  ( 4.740192378864668900, -0.0000000000000000000, -0.1499999999999999700 ) ) ;
#360 = EDGE_CURVE ( 'NONE', #2750, #4238, #1117, .T. ) ;
#361 = VERTEX_POINT ( 'NONE', #3877 ) ;
#362 = EDGE_LOOP ( 'NONE', ( #2336, #2177, #2814, #640 ) ) ;
#363 = DIRECTION ( 'NONE',  ( 1.112560217688397700E-016, 0.0000000000000000000, -1.000000000000000000 ) ) ;
#364 = VECTOR ( 'NONE', #1338, 1000.000000000000000 ) ;
#365 = CARTESIAN_POINT ( 'NONE',  ( -4.624722325026742600, -2.000000000000000000, -0.1499999999999998000 ) ) ;
#366 = CIRCLE ( 'NONE', #800, 10.20000000000000300 ) ;
#367 = EDGE_LOOP ( 'NONE', ( #2510, #100, #1538, #3255 ) ) ;
#368 = DIRECTION ( 'NONE',  ( 0.0000000000000000000, -1.000000000000000000, 0.0000000000000000000 ) ) ;
#369 = ADVANCED_FACE ( 'NONE', ( #1056 ), #4209, .T. ) ;
#370 = CARTESIAN_POINT ( 'NONE',  ( -4.662720211512012500, -5.807179676972451100, -0.09999997628065304700 ) ) ;
#371 = EDGE_LOOP ( 'NONE', ( #1013, #4510, #403, #3967 ) ) ;
#372 = CARTESIAN_POINT ( 'NONE',  ( -4.653589838486224700, -2.000000000000000000, -0.1999999999999998400 ) ) ;
#373 = EDGE_CURVE ( 'NONE', #1628, #1445, #2660, .T. ) ;
#374 = DIRECTION ( 'NONE',  ( 0.0000000000000000000, 1.000000000000000000, 0.0000000000000000000 ) ) ;
#375 = VECTOR ( 'NONE', #3365, 1000.000000000000000 ) ;
#376 = ORIENTED_EDGE ( 'NONE', *, *, #3569, .T. ) ;
#377 = DIRECTION ( 'NONE',  ( 0.0000000000000000000, -0.0000000000000000000, -1.000000000000000000 ) ) ;
#378 = LINE ( 'NONE', #4235, #2203 ) ;
#379 = CARTESIAN_POINT ( 'NONE',  ( -5.346410161513775300, -0.0000000000000000000, -0.1999999999999997600 ) ) ;
#380 = PLANE ( 'NONE',  #1462 ) ;
#381 = AXIS2_PLACEMENT_3D ( 'NONE', #1596, #1273, #2761 ) ;
#382 = STYLED_ITEM ( 'NONE', ( #1780 ), #962 ) ;
#383 = CARTESIAN_POINT ( 'NONE',  ( 5.346410161513775300, -0.0000000000000000000, -0.1999999999999997600 ) ) ;
#384 = DIRECTION ( 'NONE',  ( 0.0000000000000000000, -0.0000000000000000000, -1.000000000000000000 ) ) ;
#385 = VECTOR ( 'NONE', #2035, 1000.000000000000000 ) ;
#386 = ORIENTED_EDGE ( 'NONE', *, *, #1855, .T. ) ;
#387 = AXIS2_PLACEMENT_3D ( 'NONE', #2266, #2314, #4315 ) ;
#388 = DIRECTION ( 'NONE',  ( -0.7071067811865512400, 0.0000000000000000000, -0.7071067811865439100 ) ) ;
#389 = EDGE_LOOP ( 'NONE', ( #2058, #1655, #191, #3705, #2999, #1945 ) ) ;
#390 = FACE_OUTER_BOUND ( 'NONE', #412, .T. ) ;
#391 = CARTESIAN_POINT ( 'NONE',  ( -4.652266842926676000, -2.499999999999999600, -0.08701903398061487700 ) ) ;
#392 = EDGE_LOOP ( 'NONE', ( #3824, #2372 ) ) ;
#393 = CIRCLE ( 'NONE', #3212, 10.30000000000000200 ) ;
#394 = DIRECTION ( 'NONE',  ( 0.0000000000000000000, 1.000000000000000000, 0.0000000000000000000 ) ) ;
#395 = EDGE_CURVE ( 'NONE', #574, #1663, #3568, .T. ) ;
#396 = CARTESIAN_POINT ( 'NONE',  ( 0.0000000000000000000, 1.199999999999999700, -4.400000000000000400 ) ) ;
#397 = CARTESIAN_POINT ( 'NONE',  ( 4.740192378864668900, 0.0000000000000000000, -0.1500000000000002200 ) ) ;
#398 = ADVANCED_FACE ( 'NONE', ( #1895 ), #3559, .F. ) ;
#399 = LINE ( 'NONE', #1213, #1343 ) ;
#400 = DIRECTION ( 'NONE',  ( 1.112560217688397700E-016, 0.0000000000000000000, 1.000000000000000000 ) ) ;
#401 = CARTESIAN_POINT ( 'NONE',  ( -0.8000000000000002700, 2.199999999999999700, 10.26888504171704300 ) ) ;
#402 = DIRECTION ( 'NONE',  ( 0.0000000000000000000, 0.0000000000000000000, 1.000000000000000000 ) ) ;
#403 = ORIENTED_EDGE ( 'NONE', *, *, #1156, .F. ) ;
#404 = EDGE_CURVE ( 'NONE', #2763, #3837, #1460, .T. ) ;
#405 = ORIENTED_EDGE ( 'NONE', *, *, #3510, .T. ) ;
#406 = CARTESIAN_POINT ( 'NONE',  ( -5.400000000000000400, -5.807179676972452900, -0.02211432248042713100 ) ) ;
#407 =( LENGTH_UNIT ( ) NAMED_UNIT ( * ) SI_UNIT ( .MILLI., .METRE. ) );
#408 = VERTEX_POINT ( 'NONE', #2180 ) ;
#409 = CARTESIAN_POINT ( 'NONE',  ( 5.347733157073323100, -2.499999999999999600, -0.08701903398061552900 ) ) ;
#410 = CARTESIAN_POINT ( 'NONE',  ( 7.952942202794572400, 7.664080173772339000, -7.599388812201216800 ) ) ;
#411 = CARTESIAN_POINT ( 'NONE',  ( 0.0000000000000000000, 6.200000000000001100, 0.0000000000000000000 ) ) ;
#412 = EDGE_LOOP ( 'NONE', ( #2782, #634, #4000, #122 ) ) ;
#413 = ORIENTED_EDGE ( 'NONE', *, *, #3588, .T. ) ;
#414 = CARTESIAN_POINT ( 'NONE',  ( 0.0000000000000000000, 2.199999999999999700, 0.0000000000000000000 ) ) ;
#415 = AXIS2_PLACEMENT_3D ( 'NONE', #3153, #39, #384 ) ;
#416 = CARTESIAN_POINT ( 'NONE',  ( -4.692079856432201300, -2.000000000000000000, 0.2666666666666670500 ) ) ;
#417 = EDGE_LOOP ( 'NONE', ( #1418, #3082, #3383, #529 ) ) ;
#418 = ADVANCED_FACE ( 'NONE', ( #1679 ), #2800, .F. ) ;
#419 = CYLINDRICAL_SURFACE ( 'NONE', #2894, 11.00000000000000000 ) ;
#420 = ORIENTED_EDGE ( 'NONE', *, *, #38, .F. ) ;
#421 = EDGE_CURVE ( 'NONE', #1175, #3756, #2161, .T. ) ;
#422 = ORIENTED_EDGE ( 'NONE', *, *, #1678, .F. ) ;
#423 = CIRCLE ( 'NONE', #3354, 11.00000000000000200 ) ;
#424 = FACE_OUTER_BOUND ( 'NONE', #1783, .T. ) ;
#425 = VERTEX_POINT ( 'NONE', #451 ) ;
#426 = ORIENTED_EDGE ( 'NONE', *, *, #360, .F. ) ;
#427 = FACE_OUTER_BOUND ( 'NONE', #1361, .T. ) ;
#428 = EDGE_CURVE ( 'NONE', #11, #2118, #399, .T. ) ;
#429 = CARTESIAN_POINT ( 'NONE',  ( 0.0000000000000000000, 2.199999999999999700, 0.0000000000000000000 ) ) ;
#430 = ORIENTED_EDGE ( 'NONE', *, *, #2925, .T. ) ;
#431 = CARTESIAN_POINT ( 'NONE',  ( -4.876330889084826500, -2.000000000000000400, 0.3869822485207103400 ) ) ;
#432 = CIRCLE ( 'NONE', #1402, 10.30000000000000200 ) ;
#433 = CARTESIAN_POINT ( 'NONE',  ( 0.0000000000000000000, 2.199999999999999700, 0.0000000000000000000 ) ) ;
#434 = EDGE_CURVE ( 'NONE', #4340, #1095, #4367, .T. ) ;
#435 = VECTOR ( 'NONE', #1018, 1000.000000000000000 ) ;
#436 = CARTESIAN_POINT ( 'NONE',  ( 0.4499999999999990100, 2.100000000000000100, 5.006520979597778400E-017 ) ) ;
#437 = CARTESIAN_POINT ( 'NONE',  ( -5.309173139447324300, -2.499999999999999600, -0.07736609074833217200 ) ) ;
#438 = AXIS2_PLACEMENT_3D ( 'NONE', #2635, #158, #3330 ) ;
#439 = FACE_OUTER_BOUND ( 'NONE', #4003, .T. ) ;
#440 = AXIS2_PLACEMENT_3D ( 'NONE', #1719, #3145, #3437 ) ;
#441 = ADVANCED_FACE ( 'NONE', ( #169 ), #4274, .F. ) ;
#442 = EDGE_LOOP ( 'NONE', ( #647, #1164 ) ) ;
#443 = CIRCLE ( 'NONE', #3515, 1.000000000000000900 ) ;
#444 = CARTESIAN_POINT ( 'NONE',  ( 5.346410161513775300, -2.000000000000000000, -0.1999999999999997100 ) ) ;
#445 = ORIENTED_EDGE ( 'NONE', *, *, #2595, .T. ) ;
#446 = EDGE_CURVE ( 'NONE', #4515, #1562, #2811, .T. ) ;
#447 = ORIENTED_EDGE ( 'NONE', *, *, #3169, .T. ) ;
#448 = FACE_OUTER_BOUND ( 'NONE', #2240, .T. ) ;
#449 = DIRECTION ( 'NONE',  ( 0.0000000000000000000, 1.000000000000000000, 0.0000000000000000000 ) ) ;
#450 = DIRECTION ( 'NONE',  ( 0.0000000000000000000, 0.0000000000000000000, 1.000000000000000000 ) ) ;
#451 = CARTESIAN_POINT ( 'NONE',  ( 7.492241923636441900, 1.200000000000000000, -7.067977854924602200 ) ) ;
#452 = EDGE_LOOP ( 'NONE', ( #2533, #831, #1073, #1490 ) ) ;
#453 = DIRECTION ( 'NONE',  ( 0.0000000000000000000, 1.000000000000000000, 0.0000000000000000000 ) ) ;
#454 = ORIENTED_EDGE ( 'NONE', *, *, #2047, .T. ) ;
#455 = EDGE_CURVE ( 'NONE', #539, #3642, #840, .T. ) ;
#456 = DIRECTION ( 'NONE',  ( 0.0000000000000000000, 0.0000000000000000000, 1.000000000000000000 ) ) ;
#457 = ORIENTED_EDGE ( 'NONE', *, *, #518, .F. ) ;
#458 = CARTESIAN_POINT ( 'NONE',  ( -0.5292183358957183200, 2.100000000001521500, 10.28670090452185300 ) ) ;
#459 = EDGE_LOOP ( 'NONE', ( #3673, #2251, #1807, #66 ) ) ;
#460 = DIRECTION ( 'NONE',  ( -0.0000000000000000000, 1.000000000000000000, -0.0000000000000000000 ) ) ;
#461 = EDGE_CURVE ( 'NONE', #1562, #865, #116, .T. ) ;
#462 = CARTESIAN_POINT ( 'NONE',  ( -7.952942202794572400, 1.700000000000000200, -7.599388812201216800 ) ) ;
#463 = ADVANCED_FACE ( 'NONE', ( #3462 ), #2497, .T. ) ;
#464 = EDGE_LOOP ( 'NONE', ( #4219, #4051, #953, #2216, #3962, #2767 ) ) ;
#465 = CARTESIAN_POINT ( 'NONE',  ( 0.0000000000000000000, 2.199999999999999700, 0.0000000000000000000 ) ) ;
#466 = AXIS2_PLACEMENT_3D ( 'NONE', #2766, #1717, #3066 ) ;
#467 = VERTEX_POINT ( 'NONE', #1224 ) ;
#468 = CARTESIAN_POINT ( 'NONE',  ( 7.492241923636447300, 2.199999999999999700, 7.067977854924594200 ) ) ;
#469 = DIRECTION ( 'NONE',  ( -0.6272021151201162500, 0.0000000000000000000, -0.7788565380022514100 ) ) ;
#470 = DIRECTION ( 'NONE',  ( -0.6272021151201179200, 0.0000000000000000000, 0.7788565380022500800 ) ) ;
#471 = FACE_OUTER_BOUND ( 'NONE', #4259, .T. ) ;
#472 = EDGE_LOOP ( 'NONE', ( #339, #4467 ) ) ;
#473 = VECTOR ( 'NONE', #1568, 1000.000000000000100 ) ;
#474 = CARTESIAN_POINT ( 'NONE',  ( 0.0000000000000000000, 8.200000000000001100, 0.0000000000000000000 ) ) ;
#475 = LINE ( 'NONE', #3582, #3597 ) ;
#476 = ORIENTED_EDGE ( 'NONE', *, *, #518, .T. ) ;
#477 = ORIENTED_EDGE ( 'NONE', *, *, #3081, .T. ) ;
#478 = LINE ( 'NONE', #1309, #1659 ) ;
#479 = DIRECTION ( 'NONE',  ( 0.0000000000000000000, 1.000000000000000000, 0.0000000000000000000 ) ) ;
#480 = VECTOR ( 'NONE', #4518, 1000.000000000000000 ) ;
#481 = EDGE_CURVE ( 'NONE', #2171, #131, #1997, .T. ) ;
#482 = VERTEX_POINT ( 'NONE', #4374 ) ;
#483 = CARTESIAN_POINT ( 'NONE',  ( 4.740192378864668900, -2.000000000000000000, -0.1500000000000003300 ) ) ;
#484 = LINE ( 'NONE', #2983, #2586 ) ;
#485 = CARTESIAN_POINT ( 'NONE',  ( -5.112426596162669600, -2.499999999999999600, 0.08107110797792599400 ) ) ;
#486 = ADVANCED_FACE ( 'NONE', ( #949 ), #1275, .T. ) ;
#487 = EDGE_LOOP ( 'NONE', ( #3039, #1209, #3949, #287 ) ) ;
#488 = CARTESIAN_POINT ( 'NONE',  ( -7.033545766285747900, 1.700000000000000200, 7.387099156879095600 ) ) ;
#489 = DIRECTION ( 'NONE',  ( 0.0000000000000000000, 0.0000000000000000000, 1.000000000000000000 ) ) ;
#490 = EDGE_CURVE ( 'NONE', #4530, #1242, #4306, .T. ) ;
#491 = FACE_OUTER_BOUND ( 'NONE', #3328, .T. ) ;
#492 = CARTESIAN_POINT ( 'NONE',  ( -7.952942202794572400, 1.700000000000000200, 7.599388812201216800 ) ) ;
#493 = PLANE ( 'NONE',  #200 ) ;
#494 = DIRECTION ( 'NONE',  ( -0.7071067811865472400, 0.0000000000000000000, -0.7071067811865479100 ) ) ;
#495 = TOROIDAL_SURFACE ( 'NONE', #2574, 9.999999999999998200, 1.000000000000000000 ) ;
#496 = EDGE_CURVE ( 'NONE', #3240, #3224, #615, .T. ) ;
#497 = LINE ( 'NONE', #308, #1107 ) ;
#498 = CARTESIAN_POINT ( 'NONE',  ( 5.400000000000000400, -2.500000000000000000, -0.02211432248042714100 ) ) ;
#499 = CARTESIAN_POINT ( 'NONE',  ( 0.7999999999999994900, 2.199999999999999700, 10.26888504171704300 ) ) ;
#500 = DIRECTION ( 'NONE',  ( 0.0000000000000000000, 1.000000000000000000, 0.0000000000000000000 ) ) ;
#501 = AXIS2_PLACEMENT_3D ( 'NONE', #2318, #4403, #193 ) ;
#502 = AXIS2_PLACEMENT_3D ( 'NONE', #102, #1578, #3628 ) ;
#503 = VECTOR ( 'NONE', #1373, 1000.000000000000000 ) ;
#504 = DIRECTION ( 'NONE',  ( 0.0000000000000000000, 0.0000000000000000000, -1.000000000000000000 ) ) ;
#505 = CARTESIAN_POINT ( 'NONE',  ( -5.000000000000000000, -4.949747468305832700, -1.750000000000000000 ) ) ;
#506 = CIRCLE ( 'NONE', #3320, 2.000000000000000000 ) ;
#507 = EDGE_CURVE ( 'NONE', #1397, #175, #4208, .T. ) ;
#508 = ADVANCED_FACE ( 'NONE', ( #734 ), #1892, .T. ) ;
#509 = CIRCLE ( 'NONE', #3032, 11.00000000000000400 ) ;
#510 = CARTESIAN_POINT ( 'NONE',  ( -5.389546631414664700, -2.499999999999999600, -0.03509526478046466600 ) ) ;
#511 = ORIENTED_EDGE ( 'NONE', *, *, #718, .F. ) ;
#512 = CARTESIAN_POINT ( 'NONE',  ( 5.317542648054295100, -2.000000000000000000, -0.1833333333333333800 ) ) ;
#513 = EDGE_CURVE ( 'NONE', #2118, #3329, #2157, .T. ) ;
#514 = DIRECTION ( 'NONE',  ( 0.0000000000000000000, 0.0000000000000000000, -1.000000000000000000 ) ) ;
#515 = EDGE_LOOP ( 'NONE', ( #682, #58, #769, #1403 ) ) ;
#516 = DIRECTION ( 'NONE',  ( 1.112560217688397700E-016, 0.0000000000000000000, 1.000000000000000000 ) ) ;
#517 = CARTESIAN_POINT ( 'NONE',  ( -0.7999999999999928300, 1.200000000000000000, -10.26888504171704700 ) ) ;
#518 = EDGE_CURVE ( 'NONE', #2075, #1886, #3307, .T. ) ;
#519 = ORIENTED_EDGE ( 'NONE', *, *, #4357, .T. ) ;
#520 = PLANE ( 'NONE',  #3998 ) ;
#521 = VERTEX_POINT ( 'NONE', #4060 ) ;
#522 = CARTESIAN_POINT ( 'NONE',  ( 5.230940107675850800, -2.000000000000000000, 0.1999999999999999800 ) ) ;
#523 = VERTEX_POINT ( 'NONE', #228 ) ;
#524 = AXIS2_PLACEMENT_3D ( 'NONE', #4377, #2326, #947 ) ;
#525 = CARTESIAN_POINT ( 'NONE',  ( -5.000000000000000000, -2.000000000000000000, 0.0000000000000000000 ) ) ;
#526 = CONICAL_SURFACE ( 'NONE', #587, 1.750000000000000000, 0.7853981633974539400 ) ;
#527 = LINE ( 'NONE', #2404, #3060 ) ;
#528 = DIRECTION ( 'NONE',  ( -0.7071067811865431300, 0.0000000000000000000, 0.7071067811865517900 ) ) ;
#529 = ORIENTED_EDGE ( 'NONE', *, *, #120, .T. ) ;
#530 = ADVANCED_FACE ( 'NONE', ( #2045 ), #2699, .F. ) ;
#531 = DIRECTION ( 'NONE',  ( 0.0000000000000000000, -0.0000000000000000000, 1.000000000000000000 ) ) ;
#532 = FACE_OUTER_BOUND ( 'NONE', #902, .T. ) ;
#533 = VECTOR ( 'NONE', #1449, 1000.000000000000200 ) ;
#534 = ORIENTED_EDGE ( 'NONE', *, *, #3452, .F. ) ;
#535 = DIRECTION ( 'NONE',  ( 0.0000000000000000000, 0.0000000000000000000, -1.000000000000000000 ) ) ;
#536 = ORIENTED_EDGE ( 'NONE', *, *, #684, .F. ) ;
#537 = FACE_OUTER_BOUND ( 'NONE', #1984, .T. ) ;
#538 = DIRECTION ( 'NONE',  ( -0.6272021151201161400, 0.0000000000000000000, -0.7788565380022514100 ) ) ;
#539 = VERTEX_POINT ( 'NONE', #1617 ) ;
#540 = CARTESIAN_POINT ( 'NONE',  ( -7.952942202794572400, 7.664080173772339000, 7.599388812201216800 ) ) ;
#541 = LINE ( 'NONE', #940, #2643 ) ;
#542 = CARTESIAN_POINT ( 'NONE',  ( 5.028106649040667600, -2.499999999999999600, 0.1489727645748982800 ) ) ;
#543 = EDGE_CURVE ( 'NONE', #4238, #1919, #1111, .T. ) ;
#544 = VECTOR ( 'NONE', #2385, 1000.000000000000000 ) ;
#545 = EDGE_CURVE ( 'NONE', #175, #1109, #3206, .T. ) ;
#546 = CIRCLE ( 'NONE', #4338, 11.00000000000000000 ) ;
#547 = CARTESIAN_POINT ( 'NONE',  ( -7.067977854924515100, 2.199999999999999700, -7.492241923636524500 ) ) ;
#548 = CARTESIAN_POINT ( 'NONE',  ( 7.033545766285747900, -27.64995667241114700, -7.387099156879095600 ) ) ;
#549 = CARTESIAN_POINT ( 'NONE',  ( 7.563149311035939300, 2.199999999999999700, -7.987413379747954100 ) ) ;
#550 = CYLINDRICAL_SURFACE ( 'NONE', #3881, 10.30000000000000200 ) ;
#551 = AXIS2_PLACEMENT_3D ( 'NONE', #4160, #2125, #3496 ) ;
#552 = DIRECTION ( 'NONE',  ( 0.0000000000000000000, 0.0000000000000000000, -1.000000000000000000 ) ) ;
#553 = CARTESIAN_POINT ( 'NONE',  ( 5.288675134594813100, -1.999999999999999600, 0.1000000000000000600 ) ) ;
#554 = ORIENTED_EDGE ( 'NONE', *, *, #2223, .T. ) ;
#555 = DIRECTION ( 'NONE',  ( 0.0000000000000000000, 0.9685760823212571400, 0.2487174556704964700 ) ) ;
#556 = LINE ( 'NONE', #3107, #503 ) ;
#557 = DIRECTION ( 'NONE',  ( 0.0000000000000000000, 1.000000000000000000, 0.0000000000000000000 ) ) ;
#558 = AXIS2_PLACEMENT_3D ( 'NONE', #1537, #4275, #2226 ) ;
#559 = ORIENTED_EDGE ( 'NONE', *, *, #3081, .F. ) ;
#560 = CARTESIAN_POINT ( 'NONE',  ( 0.0000000000000000000, 1.700000000000000000, 0.0000000000000000000 ) ) ;
#561 = CARTESIAN_POINT ( 'NONE',  ( -4.599999999999999600, -6.500000000000000000, -0.02211432248042713100 ) ) ;
#562 = CARTESIAN_POINT ( 'NONE',  ( 0.7174479638881365900, 1.956810304126641600, -10.27513210296802100 ) ) ;
#563 = ORIENTED_EDGE ( 'NONE', *, *, #3261, .T. ) ;
#564 = CARTESIAN_POINT ( 'NONE',  ( 4.653589838486224700, -2.000000000000000000, -0.1999999999999997600 ) ) ;
#565 = EDGE_CURVE ( 'NONE', #1070, #1761, #2705, .T. ) ;
#566 = EDGE_LOOP ( 'NONE', ( #1704, #258, #3288, #901, #3341 ) ) ;
#567 = PLANE ( 'NONE',  #171 ) ;
#568 = CARTESIAN_POINT ( 'NONE',  ( 5.400000000000000400, -5.807179676972452900, -0.02211432248042713100 ) ) ;
#569 = CARTESIAN_POINT ( 'NONE',  ( -0.7500000000000002200, 2.199999999999999700, -10.27265788391690500 ) ) ;
#570 = VERTEX_POINT ( 'NONE', #3357 ) ;
#571 = EDGE_CURVE ( 'NONE', #2827, #2422, #2332, .T. ) ;
#572 = CARTESIAN_POINT ( 'NONE',  ( 0.0000000000000000000, 1.200000000000000000, 0.0000000000000000000 ) ) ;
#573 = ORIENTED_EDGE ( 'NONE', *, *, #4086, .T. ) ;
#574 = VERTEX_POINT ( 'NONE', #167 ) ;
#575 = ORIENTED_EDGE ( 'NONE', *, *, #4012, .T. ) ;
#576 = DIRECTION ( 'NONE',  ( 0.7788565380022526300, 0.0000000000000000000, -0.6272021151201147000 ) ) ;
#577 = CARTESIAN_POINT ( 'NONE',  ( 7.347880794884117800E-017, -4.949747468305832700, -5.599999999999999600 ) ) ;
#578 = EDGE_CURVE ( 'NONE', #3756, #2422, #1222, .T. ) ;
#579 = LINE ( 'NONE', #1977, #4011 ) ;
#580 = EDGE_LOOP ( 'NONE', ( #3019, #67, #1969, #1298, #1479, #1523, #980, #922, #1426, #1639, #3621, #4282, #793, #2665, #1322, #3648 ) ) ;
#581 = DIRECTION ( 'NONE',  ( 3.088958970452706500E-016, -0.0000000000000000000, -1.000000000000000000 ) ) ;
#582 = CYLINDRICAL_SURFACE ( 'NONE', #4113, 11.00000000000000000 ) ;
#583 = DIRECTION ( 'NONE',  ( -0.7788565380022507400, 0.0000000000000000000, 0.6272021151201170300 ) ) ;
#584 = CIRCLE ( 'NONE', #3326, 1.500000000000001300 ) ;
#585 = CARTESIAN_POINT ( 'NONE',  ( -5.400000000000000400, -13.89442718039230100, -0.02211432248042713100 ) ) ;
#586 = ORIENTED_EDGE ( 'NONE', *, *, #3702, .T. ) ;
#587 = AXIS2_PLACEMENT_3D ( 'NONE', #4010, #182, #1276 ) ;
#588 = DIRECTION ( 'NONE',  ( 0.0000000000000000000, 1.000000000000000000, 0.0000000000000000000 ) ) ;
#589 = ORIENTED_EDGE ( 'NONE', *, *, #737, .T. ) ;
#590 = DIRECTION ( 'NONE',  ( 0.0000000000000000000, 1.000000000000000000, 0.0000000000000000000 ) ) ;
#591 = FACE_OUTER_BOUND ( 'NONE', #1439, .T. ) ;
#592 = DIRECTION ( 'NONE',  ( 0.7071067811865479100, 0.0000000000000000000, -0.7071067811865471300 ) ) ;
#593 = ORIENTED_EDGE ( 'NONE', *, *, #279, .T. ) ;
#594 = ORIENTED_EDGE ( 'NONE', *, *, #3731, .F. ) ;
#595 = CARTESIAN_POINT ( 'NONE',  ( 0.7500000000000011100, 1.800000000000000500, 10.97440203382398700 ) ) ;
#596 = LINE ( 'NONE', #1187, #4187 ) ;
#597 = ORIENTED_EDGE ( 'NONE', *, *, #543, .F. ) ;
#598 = CARTESIAN_POINT ( 'NONE',  ( 5.259807621135332000, -2.000000000000000000, -0.1499999999999998600 ) ) ;
#599 = FACE_OUTER_BOUND ( 'NONE', #1731, .T. ) ;
#600 = ADVANCED_FACE ( 'NONE', ( #946 ), #4151, .F. ) ;
#601 = CARTESIAN_POINT ( 'NONE',  ( 5.337279788487988300, -5.807179676972452900, -0.09999997628065317200 ) ) ;
#602 = EDGE_CURVE ( 'NONE', #865, #2820, #4047, .T. ) ;
#603 = VECTOR ( 'NONE', #1158, 1000.000000000000000 ) ;
#604 = EDGE_LOOP ( 'NONE', ( #3491, #1469, #1746, #104, #3268 ) ) ;
#605 = CARTESIAN_POINT ( 'NONE',  ( 0.4500000000000002300, 1.800000000000000500, -10.97440203382398500 ) ) ;
#606 = DIRECTION ( 'NONE',  ( 0.0000000000000000000, 0.0000000000000000000, -1.000000000000000000 ) ) ;
#607 = CARTESIAN_POINT ( 'NONE',  ( -5.259807621135332000, -0.0000000000000000000, -0.1499999999999998600 ) ) ;
#608 = SURFACE_STYLE_FILL_AREA ( #3938 ) ;
#609 = EDGE_CURVE ( 'NONE', #1235, #2250, #1676, .T. ) ;
#610 = CARTESIAN_POINT ( 'NONE',  ( 7.599388812201220300, 1.200000000000000000, 7.952942202794568900 ) ) ;
#611 = CARTESIAN_POINT ( 'NONE',  ( 5.000000000000000000, 0.0000000000000000000, 0.3999999999999999700 ) ) ;
#612 = CYLINDRICAL_SURFACE ( 'NONE', #1333, 0.5999999999999998700 ) ;
#613 = CARTESIAN_POINT ( 'NONE',  ( -0.7999999999999928300, 2.199999999999999700, -10.26888504171704700 ) ) ;
#614 = PRESENTATION_LAYER_ASSIGNMENT (  '', '', ( #382 ) ) ;
#615 = LINE ( 'NONE', #4044, #2984 ) ;
#616 = CARTESIAN_POINT ( 'NONE',  ( 0.8000000000000008200, 2.199999999999999700, -10.97087052152198400 ) ) ;
#617 = ORIENTED_EDGE ( 'NONE', *, *, #1072, .T. ) ;
#618 = EDGE_LOOP ( 'NONE', ( #3290, #3808, #2653, #1902, #4455, #1857 ) ) ;
#619 = VECTOR ( 'NONE', #4, 1000.000000000000000 ) ;
#620 = CARTESIAN_POINT ( 'NONE',  ( -0.4500000000000002300, 2.100000000000000100, 10.99079160024427000 ) ) ;
#621 = AXIS2_PLACEMENT_3D ( 'NONE', #3414, #3757, #3058 ) ;
#622 = ORIENTED_EDGE ( 'NONE', *, *, #2026, .F. ) ;
#623 = DIRECTION ( 'NONE',  ( 0.0000000000000000000, 0.0000000000000000000, 1.000000000000000000 ) ) ;
#624 = DIRECTION ( 'NONE',  ( 1.112560217688397700E-016, -0.0000000000000000000, 1.000000000000000000 ) ) ;
#625 = DIRECTION ( 'NONE',  ( 0.7071067811865479100, 0.0000000000000000000, -0.7071067811865470200 ) ) ;
#626 = ORIENTED_EDGE ( 'NONE', *, *, #44, .F. ) ;
#627 = EDGE_LOOP ( 'NONE', ( #1594, #2014, #2470, #2214 ) ) ;
#628 = CARTESIAN_POINT ( 'NONE',  ( 7.492241923636442800, 1.700000000000000000, -7.067977854924598600 ) ) ;
#629 = EDGE_CURVE ( 'NONE', #3339, #3170, #1456, .T. ) ;
#630 = ORIENTED_EDGE ( 'NONE', *, *, #1850, .T. ) ;
#631 = DIRECTION ( 'NONE',  ( -0.0000000000000000000, -1.000000000000000000, -0.0000000000000000000 ) ) ;
#632 = ORIENTED_EDGE ( 'NONE', *, *, #2754, .T. ) ;
#633 = PLANE ( 'NONE',  #1642 ) ;
#634 = ORIENTED_EDGE ( 'NONE', *, *, #3510, .F. ) ;
#635 = EDGE_CURVE ( 'NONE', #289, #1067, #556, .T. ) ;
#636 =( LENGTH_UNIT ( ) NAMED_UNIT ( * ) SI_UNIT ( .MILLI., .METRE. ) );
#637 = EDGE_LOOP ( 'NONE', ( #3201, #2986, #2569, #3199, #1400, #3963 ) ) ;
#638 = CYLINDRICAL_SURFACE ( 'NONE', #1278, 10.30000000000000400 ) ;
#639 = LINE ( 'NONE', #270, #2462 ) ;
#640 = ORIENTED_EDGE ( 'NONE', *, *, #2175, .T. ) ;
#641 = CARTESIAN_POINT ( 'NONE',  ( 5.266666666666665700, -2.499999999999999600, 0.08525711834638204100 ) ) ;
#642 = AXIS2_PLACEMENT_3D ( 'NONE', #3027, #181, #932 ) ;
#643 = CIRCLE ( 'NONE', #3037, 10.30000000000000200 ) ;
#644 = VECTOR ( 'NONE', #3528, 1000.000000000000000 ) ;
#645 = CARTESIAN_POINT ( 'NONE',  ( 0.7999999999999993800, 2.199999999999999700, 10.97087052152198100 ) ) ;
#646 = ORIENTED_EDGE ( 'NONE', *, *, #238, .T. ) ;
#647 = ORIENTED_EDGE ( 'NONE', *, *, #490, .F. ) ;
#648 = VERTEX_POINT ( 'NONE', #3750 ) ;
#649 = CARTESIAN_POINT ( 'NONE',  ( 0.7500000000000002200, 6.400591189392937300, 10.97440203382398500 ) ) ;
#650 = LINE ( 'NONE', #3024, #375 ) ;
#651 = CARTESIAN_POINT ( 'NONE',  ( 5.000000000000000000, 0.0000000000000000000, 0.0000000000000000000 ) ) ;
#652 = ORIENTED_EDGE ( 'NONE', *, *, #4129, .T. ) ;
#653 = DIRECTION ( 'NONE',  ( 0.8660254037844399300, 0.0000000000000000000, 0.4999999999999978900 ) ) ;
#654 = DIRECTION ( 'NONE',  ( 1.000000000000000000, 0.0000000000000000000, 0.0000000000000000000 ) ) ;
#655 = CARTESIAN_POINT ( 'NONE',  ( 5.000000000000000000, 0.2499999999999958900, 0.0000000000000000000 ) ) ;
#656 = VECTOR ( 'NONE', #189, 1000.000000000000000 ) ;
#657 = CIRCLE ( 'NONE', #2792, 11.00000000000000200 ) ;
#658 = EDGE_CURVE ( 'NONE', #2416, #4135, #2922, .T. ) ;
#659 = DIRECTION ( 'NONE',  ( -0.0000000000000000000, -1.000000000000000000, -0.0000000000000000000 ) ) ;
#660 = DIRECTION ( 'NONE',  ( 0.7788565380022503000, 0.0000000000000000000, -0.6272021151201174800 ) ) ;
#661 = CARTESIAN_POINT ( 'NONE',  ( 5.366666666666667100, -2.499999999999999600, 0.004728537726275192400 ) ) ;
#662 = CARTESIAN_POINT ( 'NONE',  ( 0.0000000000000000000, 2.199999999999999700, 0.0000000000000000000 ) ) ;
#663 = VECTOR ( 'NONE', #4196, 1000.000000000000000 ) ;
#664 = B_SPLINE_CURVE_WITH_KNOTS ( 'NONE', 3,
 ( #1060, #4145, #3797, #691, #1753, #2456 ),
 .UNSPECIFIED., .F., .F.,
 ( 4, 2, 4 ),
 ( 5.421010862427522200E-020, 0.0002344882410830250500, 0.0004689764821660500500 ),
 .UNSPECIFIED. ) ;
#665 = CARTESIAN_POINT ( 'NONE',  ( 0.0000000000000000000, 2.199999999999999700, 0.0000000000000000000 ) ) ;
#666 = DIRECTION ( 'NONE',  ( 0.0000000000000000000, 1.000000000000000000, 0.0000000000000000000 ) ) ;
#667 = EDGE_CURVE ( 'NONE', #1890, #2953, #1517, .T. ) ;
#668 = VECTOR ( 'NONE', #341, 1000.000000000000000 ) ;
#669 = DIRECTION ( 'NONE',  ( 0.0000000000000000000, -1.000000000000000000, 0.0000000000000000000 ) ) ;
#670 = ORIENTED_EDGE ( 'NONE', *, *, #785, .F. ) ;
#671 = CARTESIAN_POINT ( 'NONE',  ( -0.6066424719246194000, 2.067549114765356900, -10.28226926898601500 ) ) ;
#672 = CARTESIAN_POINT ( 'NONE',  ( -5.000000000000000000, 0.0000000000000000000, -1.500000000000001300 ) ) ;
#673 = VECTOR ( 'NONE', #1007, 1000.000000000000000 ) ;
#674 = EDGE_CURVE ( 'NONE', #2818, #3713, #2270, .T. ) ;
#675 = DIRECTION ( 'NONE',  ( 0.0000000000000000000, 0.0000000000000000000, -1.000000000000000000 ) ) ;
#676 = ORIENTED_EDGE ( 'NONE', *, *, #1799, .F. ) ;
#677 = AXIS2_PLACEMENT_3D ( 'NONE', #4002, #1941, #4036 ) ;
#678 = ORIENTED_EDGE ( 'NONE', *, *, #219, .F. ) ;
#679 = UNCERTAINTY_MEASURE_WITH_UNIT (LENGTH_MEASURE( 1.000000000000000100E-005 ), #636, 'distance_accuracy_value', 'NONE');
#680 = CARTESIAN_POINT ( 'NONE',  ( -5.400000000000000400, -6.500000000000000000, -0.02211432248042713100 ) ) ;
#681 = ORIENTED_EDGE ( 'NONE', *, *, #1, .F. ) ;
#682 = ORIENTED_EDGE ( 'NONE', *, *, #2527, .F. ) ;
#683 = CARTESIAN_POINT ( 'NONE',  ( 0.7500000000000002200, 1.800000000000000000, 10.97440203382398500 ) ) ;
#684 = EDGE_CURVE ( 'NONE', #521, #2068, #4255, .T. ) ;
#685 = ORIENTED_EDGE ( 'NONE', *, *, #1290, .T. ) ;
#686 = EDGE_LOOP ( 'NONE', ( #1091, #1769, #2281, #3018, #1030 ) ) ;
#687 = ORIENTED_EDGE ( 'NONE', *, *, #2805, .T. ) ;
#688 = DIRECTION ( 'NONE',  ( 0.0000000000000000000, 0.0000000000000000000, -1.000000000000000000 ) ) ;
#689 = EDGE_CURVE ( 'NONE', #2676, #2171, #4098, .T. ) ;
#690 = CARTESIAN_POINT ( 'NONE',  ( 5.000000000000000000, -2.000000000000000000, 0.2999999999999998200 ) ) ;
#691 = CARTESIAN_POINT ( 'NONE',  ( -0.7173509165788896100, 1.956981416452917300, 10.97672457604045200 ) ) ;
#692 = ORIENTED_EDGE ( 'NONE', *, *, #434, .T. ) ;
#693 = ADVANCED_FACE ( 'NONE', ( #2443 ), #2722, .F. ) ;
#694 = LINE ( 'NONE', #328, #2357 ) ;
#695 = EDGE_CURVE ( 'NONE', #3139, #3859, #837, .T. ) ;
#696 = DIRECTION ( 'NONE',  ( 0.0000000000000000000, 0.0000000000000000000, 1.000000000000000000 ) ) ;
#697 = LINE ( 'NONE', #3244, #2898 ) ;
#698 = CARTESIAN_POINT ( 'NONE',  ( 5.000000000000000000, -2.000000000000000000, 0.0000000000000000000 ) ) ;
#699 = ORIENTED_EDGE ( 'NONE', *, *, #1936, .T. ) ;
#700 = ORIENTED_EDGE ( 'NONE', *, *, #1909, .F. ) ;
#701 = LINE ( 'NONE', #1396, #3436 ) ;
#702 = DIRECTION ( 'NONE',  ( 0.0000000000000000000, -1.000000000000000000, 0.0000000000000000000 ) ) ;
#703 = ORIENTED_EDGE ( 'NONE', *, *, #674, .T. ) ;
#704 = DIRECTION ( 'NONE',  ( 0.0000000000000000000, -1.000000000000000000, 0.0000000000000000000 ) ) ;
#705 = AXIS2_PLACEMENT_3D ( 'NONE', #3924, #3227, #3894 ) ;
#706 = CARTESIAN_POINT ( 'NONE',  ( 4.641813474341340400, -2.499999999999999600, -0.07403809168057690100 ) ) ;
#707 = CIRCLE ( 'NONE', #677, 10.20000000000000300 ) ;
#708 = CARTESIAN_POINT ( 'NONE',  ( -4.740192378864668900, -2.000000000000000000, -0.1499999999999999700 ) ) ;
#709 = ORIENTED_EDGE ( 'NONE', *, *, #1234, .T. ) ;
#710 = DIRECTION ( 'NONE',  ( 0.0000000000000000000, 0.0000000000000000000, 1.000000000000000000 ) ) ;
#711 = DIRECTION ( 'NONE',  ( -0.0000000000000000000, 1.000000000000000000, -0.0000000000000000000 ) ) ;
#712 = STYLED_ITEM ( 'NONE', ( #2063 ), #140 ) ;
#713 = CYLINDRICAL_SURFACE ( 'NONE', #2433, 1.750000000000000000 ) ;
#714 = DIRECTION ( 'NONE',  ( -0.7071067811865439100, 0.0000000000000000000, 0.7071067811865512400 ) ) ;
#715 = PLANE ( 'NONE',  #20 ) ;
#716 = CARTESIAN_POINT ( 'NONE',  ( 5.000000000000000000, -2.000000000000000000, 0.0000000000000000000 ) ) ;
#717 = LINE ( 'NONE', #2176, #829 ) ;
#718 = EDGE_CURVE ( 'NONE', #3785, #863, #1404, .T. ) ;
#719 = DIRECTION ( 'NONE',  ( -0.0000000000000000000, 1.000000000000000000, -0.0000000000000000000 ) ) ;
#720 = DIRECTION ( 'NONE',  ( 0.0000000000000000000, 0.0000000000000000000, 1.000000000000000000 ) ) ;
#721 = VECTOR ( 'NONE', #2882, 1000.000000000000000 ) ;
#722 = ADVANCED_FACE ( 'NONE', ( #3259 ), #3624, .T. ) ;
#723 = ORIENTED_EDGE ( 'NONE', *, *, #3286, .F. ) ;
#724 = CARTESIAN_POINT ( 'NONE',  ( -7.067977854924515100, 1.200000000000000000, -7.492241923636524500 ) ) ;
#725 = ORIENTED_EDGE ( 'NONE', *, *, #1080, .T. ) ;
#726 = DIRECTION ( 'NONE',  ( 0.0000000000000000000, 0.0000000000000000000, 1.000000000000000000 ) ) ;
#727 = EDGE_LOOP ( 'NONE', ( #4075, #968, #742, #1823 ) ) ;
#728 = CIRCLE ( 'NONE', #1586, 10.30000000000000200 ) ;
#729 = CARTESIAN_POINT ( 'NONE',  ( 0.6066509720926383000, 2.067544670381543000, -10.98339880700988800 ) ) ;
#730 = CARTESIAN_POINT ( 'NONE',  ( 4.599999999999999600, -2.499999999999999600, -0.02211432248042726300 ) ) ;
#731 = EDGE_CURVE ( 'NONE', #3329, #795, #393, .T. ) ;
#732 = DIRECTION ( 'NONE',  ( 0.0000000000000000000, 0.0000000000000000000, 1.000000000000000000 ) ) ;
#733 = CARTESIAN_POINT ( 'NONE',  ( -4.620906737170669100, -2.499999999999999600, -0.04807620708050146200 ) ) ;
#734 = FACE_OUTER_BOUND ( 'NONE', #855, .T. ) ;
#735 = DIRECTION ( 'NONE',  ( 0.0000000000000000000, 1.000000000000000000, 0.0000000000000000000 ) ) ;
#736 = FILL_AREA_STYLE_COLOUR ( '', #1488 ) ;
#737 = EDGE_CURVE ( 'NONE', #1890, #4409, #1786, .T. ) ;
#738 = PLANE ( 'NONE',  #1272 ) ;
#739 = ORIENTED_EDGE ( 'NONE', *, *, #4298, .T. ) ;
#740 = CARTESIAN_POINT ( 'NONE',  ( 0.0000000000000000000, 1.200000000000000000, 0.0000000000000000000 ) ) ;
#741 = ORIENTED_EDGE ( 'NONE', *, *, #3336, .T. ) ;
#742 = ORIENTED_EDGE ( 'NONE', *, *, #4012, .F. ) ;
#743 = CARTESIAN_POINT ( 'NONE',  ( 4.725758622134926600, -2.000000000000000000, -0.1583333333333341600 ) ) ;
#744 = AXIS2_PLACEMENT_3D ( 'NONE', #2621, #2231, #1153 ) ;
#745 = ORIENTED_EDGE ( 'NONE', *, *, #4451, .T. ) ;
#746 = CARTESIAN_POINT ( 'NONE',  ( -4.599999999999999600, -2.500000000000000000, -0.02211432248042712700 ) ) ;
#747 = CARTESIAN_POINT ( 'NONE',  ( -7.952942202794572400, 7.664080173772339000, 7.599388812201216800 ) ) ;
#748 = ADVANCED_FACE ( 'NONE', ( #3514 ), #2444, .T. ) ;
#749 = CARTESIAN_POINT ( 'NONE',  ( 0.0000000000000000000, 1.700000000000000000, 0.0000000000000000000 ) ) ;
#750 = ORIENTED_EDGE ( 'NONE', *, *, #2111, .T. ) ;
#751 = VERTEX_POINT ( 'NONE', #2147 ) ;
#752 = CARTESIAN_POINT ( 'NONE',  ( 0.0000000000000000000, 2.199999999999999700, -10.30000000000000600 ) ) ;
#753 = LINE ( 'NONE', #4458, #3431 ) ;
#754 = CIRCLE ( 'NONE', #1033, 11.00000000000000000 ) ;
#755 = CARTESIAN_POINT ( 'NONE',  ( 0.0000000000000000000, 1.700000000000000000, 0.0000000000000000000 ) ) ;
#756 = EDGE_CURVE ( 'NONE', #467, #4340, #3735, .T. ) ;
#757 = ORIENTED_EDGE ( 'NONE', *, *, #1638, .F. ) ;
#758 = ORIENTED_EDGE ( 'NONE', *, *, #4020, .F. ) ;
#759 = CARTESIAN_POINT ( 'NONE',  ( -4.999999999999999100, -2.500000000000002200, 0.1716066501072227600 ) ) ;
#760 = LINE ( 'NONE', #992, #1708 ) ;
#761 = DIRECTION ( 'NONE',  ( 0.0000000000000000000, 0.0000000000000000000, -1.000000000000000000 ) ) ;
#762 = ORIENTED_EDGE ( 'NONE', *, *, #3787, .T. ) ;
#763 = VERTEX_POINT ( 'NONE', #2476 ) ;
#764 = EDGE_LOOP ( 'NONE', ( #741, #917, #95, #2414 ) ) ;
#765 = EDGE_CURVE ( 'NONE', #865, #251, #2215, .T. ) ;
#766 = DIRECTION ( 'NONE',  ( 0.0000000000000000000, -0.0000000000000000000, -1.000000000000000000 ) ) ;
#767 = SURFACE_SIDE_STYLE ('',( #3327 ) ) ;
#768 = CYLINDRICAL_SURFACE ( 'NONE', #84, 10.30000000000000600 ) ;
#769 = ORIENTED_EDGE ( 'NONE', *, *, #4421, .T. ) ;
#770 = CARTESIAN_POINT ( 'NONE',  ( 5.274241377865072500, -2.000000000000000000, -0.1583333333333334600 ) ) ;
#771 = LINE ( 'NONE', #4109, #318 ) ;
#772 = DIRECTION ( 'NONE',  ( 0.0000000000000000000, 0.0000000000000000000, -1.000000000000000000 ) ) ;
#773 = ADVANCED_FACE ( 'NONE', ( #448 ), #3933, .T. ) ;
#774 = CARTESIAN_POINT ( 'NONE',  ( 5.000000000000000000, 0.2499999999999958900, 1.750000000000000000 ) ) ;
#775 = VECTOR ( 'NONE', #4420, 1000.000000000000100 ) ;
#776 = DIRECTION ( 'NONE',  ( 0.0000000000000000000, 0.0000000000000000000, -1.000000000000000000 ) ) ;
#777 = ORIENTED_EDGE ( 'NONE', *, *, #1144, .T. ) ;
#778 = DIRECTION ( 'NONE',  ( -0.6272021151201170300, 0.0000000000000000000, 0.7788565380022507400 ) ) ;
#779 = DIRECTION ( 'NONE',  ( 0.7071067811865443500, 0.0000000000000000000, 0.7071067811865506800 ) ) ;
#780 = LINE ( 'NONE', #683, #4096 ) ;
#781 = PRODUCT_CONTEXT ( 'NONE', #1471, 'mechanical' ) ;
#782 = ORIENTED_EDGE ( 'NONE', *, *, #1, .T. ) ;
#783 = VECTOR ( 'NONE', #109, 1000.000000000000000 ) ;
#784 = ORIENTED_EDGE ( 'NONE', *, *, #2805, .F. ) ;
#785 = EDGE_CURVE ( 'NONE', #2518, #1012, #2100, .T. ) ;
#786 = CARTESIAN_POINT ( 'NONE',  ( 7.347880794884119000E-017, 1.199999999999999700, 4.400000000000000400 ) ) ;
#787 = VECTOR ( 'NONE', #1508, 1000.000000000000100 ) ;
#788 = CARTESIAN_POINT ( 'NONE',  ( -7.033545766285747900, 1.199999999999999700, -7.387099156879095600 ) ) ;
#789 = DIRECTION ( 'NONE',  ( 0.7788565380022514100, 0.0000000000000000000, 0.6272021151201162500 ) ) ;
#790 = EDGE_LOOP ( 'NONE', ( #1366, #3023, #4032, #2059 ) ) ;
#791 = EDGE_CURVE ( 'NONE', #3460, #3154, #1281, .T. ) ;
#792 = ADVANCED_FACE ( 'NONE', ( #3041 ), #3985, .T. ) ;
#793 = ORIENTED_EDGE ( 'NONE', *, *, #2812, .T. ) ;
#794 = AXIS2_PLACEMENT_3D ( 'NONE', #2095, #669, #1730 ) ;
#795 = VERTEX_POINT ( 'NONE', #2160 ) ;
#796 = CARTESIAN_POINT ( 'NONE',  ( -7.987413379747872400, 1.200000000000000000, 7.563149311036023700 ) ) ;
#797 = SURFACE_SIDE_STYLE ('',( #608 ) ) ;
#798 = EDGE_LOOP ( 'NONE', ( #1236, #2405, #4040, #1686, #3669 ) ) ;
#799 = PLANE ( 'NONE',  #1549 ) ;
#800 = AXIS2_PLACEMENT_3D ( 'NONE', #1069, #2831, #2 ) ;
#801 = DIRECTION ( 'NONE',  ( 0.1523750297134238400, 0.9834178836110700800, -0.09834183501316605400 ) ) ;
#802 = ORIENTED_EDGE ( 'NONE', *, *, #2646, .T. ) ;
#803 = ORIENTED_EDGE ( 'NONE', *, *, #8, .F. ) ;
#804 = CARTESIAN_POINT ( 'NONE',  ( 5.400000000000000400, -5.807179676972452900, -0.02211432248042713100 ) ) ;
#805 = CIRCLE ( 'NONE', #859, 10.30000000000000200 ) ;
#806 = DIRECTION ( 'NONE',  ( -0.0000000000000000000, 1.000000000000000000, -0.0000000000000000000 ) ) ;
#807 = ORIENTED_EDGE ( 'NONE', *, *, #1321, .T. ) ;
#808 = EDGE_CURVE ( 'NONE', #4155, #1840, #3086, .T. ) ;
#809 = VERTEX_POINT ( 'NONE', #1836 ) ;
#810 = CARTESIAN_POINT ( 'NONE',  ( -5.000000000000000000, -2.000000000000000000, 0.0000000000000000000 ) ) ;
#811 = LINE ( 'NONE', #2914, #2577 ) ;
#812 = VECTOR ( 'NONE', #1419, 1000.000000000000000 ) ;
#813 = EDGE_LOOP ( 'NONE', ( #589, #3957, #3783, #3495 ) ) ;
#814 = ADVANCED_FACE ( 'NONE', ( #2606 ), #3918, .T. ) ;
#815 = ORIENTED_EDGE ( 'NONE', *, *, #1048, .F. ) ;
#816 = LINE ( 'NONE', #2751, #143 ) ;
#817 = EDGE_CURVE ( 'NONE', #4530, #1330, #2977, .T. ) ;
#818 = ORIENTED_EDGE ( 'NONE', *, *, #3874, .F. ) ;
#819 = DIRECTION ( 'NONE',  ( -0.7071067811865472400, 0.0000000000000000000, 0.7071067811865479100 ) ) ;
#820 = CARTESIAN_POINT ( 'NONE',  ( -7.952942202794572400, 7.664080173772339000, -7.599388812201216800 ) ) ;
#821 = FACE_OUTER_BOUND ( 'NONE', #2530, .T. ) ;
#822 = VERTEX_POINT ( 'NONE', #2173 ) ;
#823 = AXIS2_PLACEMENT_3D ( 'NONE', #4283, #3954, #2229 ) ;
#824 = LINE ( 'NONE', #3857, #1099 ) ;
#825 = DIRECTION ( 'NONE',  ( -0.3894282690011264300, 0.8660254037844376000, -0.3136010575600600700 ) ) ;
#826 = DIRECTION ( 'NONE',  ( 0.0000000000000000000, 0.0000000000000000000, 1.000000000000000000 ) ) ;
#827 = DIRECTION ( 'NONE',  ( 0.0000000000000000000, 0.0000000000000000000, 1.000000000000000000 ) ) ;
#828 = PLANE ( 'NONE',  #2519 ) ;
#829 = VECTOR ( 'NONE', #1065, 1000.000000000000000 ) ;
#830 = AXIS2_PLACEMENT_3D ( 'NONE', #1848, #166, #1237 ) ;
#831 = ORIENTED_EDGE ( 'NONE', *, *, #1598, .T. ) ;
#832 = LINE ( 'NONE', #3287, #3509 ) ;
#833 = DIRECTION ( 'NONE',  ( 1.112560217688397400E-016, 0.0000000000000000000, -1.000000000000000000 ) ) ;
#834 = VERTEX_POINT ( 'NONE', #57 ) ;
#835 = DIRECTION ( 'NONE',  ( 0.0000000000000000000, 0.0000000000000000000, 1.000000000000000000 ) ) ;
#836 = ADVANCED_FACE ( 'NONE', ( #2807 ), #612, .T. ) ;
#837 = CIRCLE ( 'NONE', #551, 11.00000000000000000 ) ;
#838 = DIRECTION ( 'NONE',  ( -0.0000000000000000000, 1.000000000000000000, -0.0000000000000000000 ) ) ;
#839 = CARTESIAN_POINT ( 'NONE',  ( -5.337279788487988300, -5.807179676972452900, -0.09999997628065317200 ) ) ;
#840 = CIRCLE ( 'NONE', #3845, 11.00000000000000000 ) ;
#841 = EDGE_CURVE ( 'NONE', #2395, #4394, #2495, .T. ) ;
#842 = CARTESIAN_POINT ( 'NONE',  ( -5.301827788656235700, -2.000000000000000400, 0.04171597633136105200 ) ) ;
#843 = CARTESIAN_POINT ( 'NONE',  ( 0.0000000000000000000, 2.199999999999999700, 0.0000000000000000000 ) ) ;
#844 = VERTEX_POINT ( 'NONE', #3930 ) ;
#845 = VERTEX_POINT ( 'NONE', #1207 ) ;
#846 = DIRECTION ( 'NONE',  ( -0.7071067811865472400, 0.0000000000000000000, -0.7071067811865479100 ) ) ;
#847 = EDGE_CURVE ( 'NONE', #2171, #1840, #728, .T. ) ;
#848 = ORIENTED_EDGE ( 'NONE', *, *, #2620, .T. ) ;
#849 = AXIS2_PLACEMENT_3D ( 'NONE', #1671, #1008, #1355 ) ;
#850 = AXIS2_PLACEMENT_3D ( 'NONE', #3379, #1287, #1656 ) ;
#851 = CARTESIAN_POINT ( 'NONE',  ( 0.0000000000000000000, 1.700000000000000200, 0.0000000000000000000 ) ) ;
#852 = VERTEX_POINT ( 'NONE', #2206 ) ;
#853 = DIRECTION ( 'NONE',  ( 0.0000000000000000000, -1.000000000000000000, 0.0000000000000000000 ) ) ;
#854 = CARTESIAN_POINT ( 'NONE',  ( -0.4500000000000002300, 2.100000000000000100, -10.99079160024427000 ) ) ;
#855 = EDGE_LOOP ( 'NONE', ( #4397, #4364, #3335, #351 ) ) ;
#856 = ADVANCED_FACE ( 'NONE', ( #2328 ), #738, .F. ) ;
#857 = ORIENTED_EDGE ( 'NONE', *, *, #2325, .F. ) ;
#858 = CARTESIAN_POINT ( 'NONE',  ( -7.033545766285747900, -27.64995667241114700, 7.387099156879095600 ) ) ;
#859 = AXIS2_PLACEMENT_3D ( 'NONE', #3686, #1958, #4372 ) ;
#860 = FACE_OUTER_BOUND ( 'NONE', #3533, .T. ) ;
#861 = DIRECTION ( 'NONE',  ( -0.7788565380022500800, 0.0000000000000000000, 0.6272021151201179200 ) ) ;
#862 = CYLINDRICAL_SURFACE ( 'NONE', #2854, 0.2999999999999998200 ) ;
#863 = VERTEX_POINT ( 'NONE', #396 ) ;
#864 = DIRECTION ( 'NONE',  ( 0.0000000000000000000, 0.0000000000000000000, 1.000000000000000000 ) ) ;
#865 = VERTEX_POINT ( 'NONE', #1810 ) ;
#866 = VECTOR ( 'NONE', #4435, 1000.000000000000000 ) ;
#867 = DIRECTION ( 'NONE',  ( 0.6272021151201170300, 0.0000000000000000000, 0.7788565380022507400 ) ) ;
#868 = LINE ( 'NONE', #4140, #3119 ) ;
#869 = VERTEX_POINT ( 'NONE', #4223 ) ;
#870 = ORIENTED_EDGE ( 'NONE', *, *, #2145, .F. ) ;
#871 = CARTESIAN_POINT ( 'NONE',  ( -5.375277674973259100, -2.000000000000000000, -0.1499999999999997700 ) ) ;
#872 = LINE ( 'NONE', #2642, #1379 ) ;
#873 = ORIENTED_EDGE ( 'NONE', *, *, #891, .T. ) ;
#874 = CARTESIAN_POINT ( 'NONE',  ( 0.0000000000000000000, 2.199999999999999700, 0.0000000000000000000 ) ) ;
#875 = EDGE_CURVE ( 'NONE', #4179, #467, #1399, .T. ) ;
#876 = LINE ( 'NONE', #4407, #2435 ) ;
#877 = ADVANCED_FACE ( 'NONE', ( #3034 ), #2853, .F. ) ;
#878 = AXIS2_PLACEMENT_3D ( 'NONE', #3127, #2478, #1408 ) ;
#879 = CARTESIAN_POINT ( 'NONE',  ( 4.662720211512012500, -13.89442718039230100, -0.09999997628065304700 ) ) ;
#880 = VECTOR ( 'NONE', #3833, 1000.000000000000000 ) ;
#881 = DIRECTION ( 'NONE',  ( 0.0000000000000000000, 0.0000000000000000000, -1.000000000000000000 ) ) ;
#882 = DIRECTION ( 'NONE',  ( -0.0000000000000000000, -1.000000000000000000, -0.0000000000000000000 ) ) ;
#883 = AXIS2_PLACEMENT_3D ( 'NONE', #3551, #1043, #1768 ) ;
#884 = AXIS2_PLACEMENT_3D ( 'NONE', #465, #806, #1160 ) ;
#885 = CIRCLE ( 'NONE', #705, 10.30000000000000200 ) ;
#886 = EDGE_LOOP ( 'NONE', ( #3927, #3970, #3061, #3519, #4314 ) ) ;
#887 = DIRECTION ( 'NONE',  ( 0.0000000000000000000, 0.0000000000000000000, -1.000000000000000000 ) ) ;
#888 = DIRECTION ( 'NONE',  ( -0.0000000000000000000, 1.000000000000000000, -0.0000000000000000000 ) ) ;
#889 = DIRECTION ( 'NONE',  ( 0.0000000000000000000, -1.000000000000000000, 0.0000000000000000000 ) ) ;
#890 = CIRCLE ( 'NONE', #1120, 10.30000000000000200 ) ;
#891 = EDGE_CURVE ( 'NONE', #294, #2065, #4472, .T. ) ;
#892 = ORIENTED_EDGE ( 'NONE', *, *, #1380, .T. ) ;
#893 = CIRCLE ( 'NONE', #1778, 0.5999999999999998700 ) ;
#894 = DIRECTION ( 'NONE',  ( 0.0000000000000000000, 1.000000000000000000, 0.0000000000000000000 ) ) ;
#895 = DIRECTION ( 'NONE',  ( 0.0000000000000000000, -1.000000000000000000, 0.0000000000000000000 ) ) ;
#896 = DIRECTION ( 'NONE',  ( 1.112560217688397400E-016, 0.0000000000000000000, 1.000000000000000000 ) ) ;
#897 = ORIENTED_EDGE ( 'NONE', *, *, #3077, .F. ) ;
#898 = ORIENTED_EDGE ( 'NONE', *, *, #3422, .F. ) ;
#899 = EDGE_CURVE ( 'NONE', #3756, #4082, #3728, .T. ) ;
#900 = DIRECTION ( 'NONE',  ( 0.0000000000000000000, -1.000000000000000000, 0.0000000000000000000 ) ) ;
#901 = ORIENTED_EDGE ( 'NONE', *, *, #4460, .F. ) ;
#902 = EDGE_LOOP ( 'NONE', ( #2514, #1277, #2295, #40 ) ) ;
#903 = DIRECTION ( 'NONE',  ( 0.0000000000000000000, 0.0000000000000000000, -1.000000000000000000 ) ) ;
#904 = DIRECTION ( 'NONE',  ( 0.0000000000000000000, -1.000000000000000000, 0.0000000000000000000 ) ) ;
#905 = DIRECTION ( 'NONE',  ( 0.0000000000000000000, 0.0000000000000000000, 1.000000000000000000 ) ) ;
#906 = EDGE_CURVE ( 'NONE', #1827, #4115, #443, .T. ) ;
#907 = ORIENTED_EDGE ( 'NONE', *, *, #334, .T. ) ;
#908 = CARTESIAN_POINT ( 'NONE',  ( -0.7999999999999962700, 2.199999999999999700, -10.97087052152198400 ) ) ;
#909 = ORIENTED_EDGE ( 'NONE', *, *, #3790, .T. ) ;
#910 = CARTESIAN_POINT ( 'NONE',  ( 7.492241923636447300, 2.199999999999999700, 7.067977854924594200 ) ) ;
#911 = CARTESIAN_POINT ( 'NONE',  ( 5.297728260117610300, -2.000000000000001300, -0.06479289940828389400 ) ) ;
#912 = ORIENTED_EDGE ( 'NONE', *, *, #1859, .F. ) ;
#913 = AXIS2_PLACEMENT_3D ( 'NONE', #3989, #160, #2677 ) ;
#914 = DIRECTION ( 'NONE',  ( -0.1523750297134238700, -0.9834178836110699700, 0.09834183501316740000 ) ) ;
#915 = LINE ( 'NONE', #910, #4123 ) ;
#916 = CARTESIAN_POINT ( 'NONE',  ( 4.711324865405186900, -1.999999999999999600, 0.09999999999999979700 ) ) ;
#917 = ORIENTED_EDGE ( 'NONE', *, *, #629, .T. ) ;
#918 = CYLINDRICAL_SURFACE ( 'NONE', #1755, 0.2999999999999998200 ) ;
#919 = DIRECTION ( 'NONE',  ( 0.0000000000000000000, -1.000000000000000000, 0.0000000000000000000 ) ) ;
#920 = CIRCLE ( 'NONE', #4285, 10.30000000000000200 ) ;
#921 = ORIENTED_EDGE ( 'NONE', *, *, #2507, .F. ) ;
#922 = ORIENTED_EDGE ( 'NONE', *, *, #214, .F. ) ;
#923 = CIRCLE ( 'NONE', #2432, 0.2999999999999999300 ) ;
#924 = CARTESIAN_POINT ( 'NONE',  ( -7.387099156879100900, 1.199999999999999700, -7.033545766285744300 ) ) ;
#925 = ADVANCED_FACE ( 'NONE', ( #1887 ), #942, .T. ) ;
#926 = EDGE_LOOP ( 'NONE', ( #2195, #1798 ) ) ;
#927 = CARTESIAN_POINT ( 'NONE',  ( 0.0000000000000000000, 6.400591189392937300, 0.0000000000000000000 ) ) ;
#928 = DIRECTION ( 'NONE',  ( 0.0000000000000000000, 1.000000000000000000, 0.0000000000000000000 ) ) ;
#929 = FACE_OUTER_BOUND ( 'NONE', #1674, .T. ) ;
#930 = EDGE_CURVE ( 'NONE', #251, #4490, #4038, .T. ) ;
#931 = EDGE_LOOP ( 'NONE', ( #3277, #2221, #3390, #3183 ) ) ;
#932 = DIRECTION ( 'NONE',  ( 0.0000000000000000000, 0.0000000000000000000, -1.000000000000000000 ) ) ;
#933 = DIRECTION ( 'NONE',  ( 0.0000000000000000000, -1.000000000000000000, 0.0000000000000000000 ) ) ;
#934 = PLANE ( 'NONE',  #2457 ) ;
#935 = VECTOR ( 'NONE', #68, 1000.000000000000000 ) ;
#936 = EDGE_CURVE ( 'NONE', #3043, #2427, #4526, .T. ) ;
#937 = VECTOR ( 'NONE', #449, 1000.000000000000000 ) ;
#938 = CARTESIAN_POINT ( 'NONE',  ( 7.492241923636441900, 2.199999999999999700, -7.067977854924602200 ) ) ;
#939 = CARTESIAN_POINT ( 'NONE',  ( 7.033545766285747900, 1.199999999999999700, 7.387099156879095600 ) ) ;
#940 = CARTESIAN_POINT ( 'NONE',  ( -0.7999999999999928300, 2.199999999999999700, -10.26888504171704700 ) ) ;
#941 = VERTEX_POINT ( 'NONE', #1795 ) ;
#942 = CYLINDRICAL_SURFACE ( 'NONE', #2817, 0.3999999999999999700 ) ;
#943 = AXIS2_PLACEMENT_3D ( 'NONE', #1510, #47, #456 ) ;
#944 = CARTESIAN_POINT ( 'NONE',  ( 5.337279788487988300, -2.500000000000000000, -0.09999997628065329700 ) ) ;
#945 = PLANE ( 'NONE',  #849 ) ;
#946 = FACE_OUTER_BOUND ( 'NONE', #4428, .T. ) ;
#947 = DIRECTION ( 'NONE',  ( -0.7071067811865479100, 0.0000000000000000000, -0.7071067811865471300 ) ) ;
#948 = AXIS2_PLACEMENT_3D ( 'NONE', #2163, #75, #1489 ) ;
#949 = FACE_OUTER_BOUND ( 'NONE', #464, .T. ) ;
#950 = DIRECTION ( 'NONE',  ( 0.0000000000000000000, -1.000000000000000000, 0.0000000000000000000 ) ) ;
#951 = ADVANCED_FACE ( 'NONE', ( #2655, #218, #4419, #3142, #326 ), #2151, .F. ) ;
#952 = EDGE_LOOP ( 'NONE', ( #4387, #536, #1484, #1993 ) ) ;
#953 = ORIENTED_EDGE ( 'NONE', *, *, #1282, .T. ) ;
#954 = EDGE_CURVE ( 'NONE', #2850, #4117, #1566, .T. ) ;
#955 = ORIENTED_EDGE ( 'NONE', *, *, #667, .T. ) ;
#956 = CARTESIAN_POINT ( 'NONE',  ( 0.0000000000000000000, 1.200000000000000000, 0.0000000000000000000 ) ) ;
#957 = DIRECTION ( 'NONE',  ( 0.7071067811865479100, 0.0000000000000000000, 0.7071067811865471300 ) ) ;
#958 = CARTESIAN_POINT ( 'NONE',  ( -0.8000000000000002700, 2.199999999999999700, 10.26888504171704300 ) ) ;
#959 = EDGE_LOOP ( 'NONE', ( #162, #1960, #4095, #128 ) ) ;
#960 = EDGE_CURVE ( 'NONE', #425, #3154, #3254, .T. ) ;
#961 = CARTESIAN_POINT ( 'NONE',  ( -7.599388812201220300, 1.200000000000000000, -7.952942202794568900 ) ) ;
#962 = MANIFOLD_SOLID_BREP ( 'Cut-Extrude4', #303 ) ;
#963 = ORIENTED_EDGE ( 'NONE', *, *, #3790, .F. ) ;
#964 = DIRECTION ( 'NONE',  ( 0.0000000000000000000, 0.0000000000000000000, 1.000000000000000000 ) ) ;
#965 = CARTESIAN_POINT ( 'NONE',  ( -0.4499999999999990700, 2.100000000000000100, 5.006520979597779000E-017 ) ) ;
#966 = CARTESIAN_POINT ( 'NONE',  ( 5.402437051541644700, -2.000000000000001300, 0.05562130177514789500 ) ) ;
#967 = EDGE_CURVE ( 'NONE', #1691, #4261, #2093, .T. ) ;
#968 = ORIENTED_EDGE ( 'NONE', *, *, #2259, .T. ) ;
#969 = CARTESIAN_POINT ( 'NONE',  ( -4.702271739882390600, -2.000000000000000000, -0.06479289940828426900 ) ) ;
#970 = VECTOR ( 'NONE', #1214, 1000.000000000000000 ) ;
#971 = DIRECTION ( 'NONE',  ( 0.0000000000000000000, 0.0000000000000000000, 1.000000000000000000 ) ) ;
#972 = CIRCLE ( 'NONE', #2546, 10.30000000000000200 ) ;
#973 = DIRECTION ( 'NONE',  ( 1.000000000000000000, 0.0000000000000000000, -1.112560217688397700E-016 ) ) ;
#974 = ORIENTED_EDGE ( 'NONE', *, *, #3349, .F. ) ;
#975 = AXIS2_PLACEMENT_3D ( 'NONE', #73, #4373, #197 ) ;
#976 = ORIENTED_EDGE ( 'NONE', *, *, #578, .T. ) ;
#977 = DIRECTION ( 'NONE',  ( 0.0000000000000000000, 0.0000000000000000000, 1.000000000000000000 ) ) ;
#978 = CIRCLE ( 'NONE', #1585, 10.30000000000000200 ) ;
#979 = FACE_OUTER_BOUND ( 'NONE', #442, .T. ) ;
#980 = ORIENTED_EDGE ( 'NONE', *, *, #3367, .F. ) ;
#981 = VERTEX_POINT ( 'NONE', #3544 ) ;
#982 = CYLINDRICAL_SURFACE ( 'NONE', #2856, 11.00000000000000200 ) ;
#983 = ORIENTED_EDGE ( 'NONE', *, *, #3316, .F. ) ;
#984 = DIRECTION ( 'NONE',  ( 0.0000000000000000000, 0.0000000000000000000, 1.000000000000000000 ) ) ;
#985 = CARTESIAN_POINT ( 'NONE',  ( 5.307920143567800500, -2.000000000000000000, 0.2666666666666665000 ) ) ;
#986 = CIRCLE ( 'NONE', #744, 2.000000000000000000 ) ;
#987 = B_SPLINE_CURVE_WITH_KNOTS ( 'NONE', 3,
 ( #3995, #4341, #4320, #217, #3008, #3040 ),
 .UNSPECIFIED., .F., .F.,
 ( 4, 2, 4 ),
 ( 0.0000000000000000000, 0.0002345114084196067500, 0.0004690228168392134900 ),
 .UNSPECIFIED. ) ;
#988 = CARTESIAN_POINT ( 'NONE',  ( 0.0000000000000000000, 1.199999999999999700, 5.000000000000000000 ) ) ;
#989 = CARTESIAN_POINT ( 'NONE',  ( 5.259807621135332000, -2.000000000000000000, -0.1499999999999998000 ) ) ;
#990 = EDGE_CURVE ( 'NONE', #2306, #3896, #106, .T. ) ;
#991 = LINE ( 'NONE', #3775, #3301 ) ;
#992 = CARTESIAN_POINT ( 'NONE',  ( 7.987413379747868800, 2.199999999999999700, -7.563149311036029100 ) ) ;
#993 = EDGE_LOOP ( 'NONE', ( #4263, #1641, #3576, #2074 ) ) ;
#994 = CARTESIAN_POINT ( 'NONE',  ( 0.0000000000000000000, 1.199999999999999700, 5.599999999999999600 ) ) ;
#995 = DIRECTION ( 'NONE',  ( -0.7071067811865512400, 0.0000000000000000000, 0.7071067811865439100 ) ) ;
#996 = CYLINDRICAL_SURFACE ( 'NONE', #3660, 10.30000000000000200 ) ;
#997 = EDGE_CURVE ( 'NONE', #2264, #869, #885, .T. ) ;
#998 = ORIENTED_EDGE ( 'NONE', *, *, #1990, .F. ) ;
#999 = CARTESIAN_POINT ( 'NONE',  ( 7.067977854924515100, 2.199999999999999700, -7.492241923636524500 ) ) ;
#1000 = DIRECTION ( 'NONE',  ( 0.0000000000000000000, -1.000000000000000000, 0.0000000000000000000 ) ) ;
#1001 = CARTESIAN_POINT ( 'NONE',  ( 7.492241923636447300, 1.200000000000000000, 7.067977854924594200 ) ) ;
#1002 = AXIS2_PLACEMENT_3D ( 'NONE', #851, #3311, #3643 ) ;
#1003 = AXIS2_PLACEMENT_3D ( 'NONE', #3042, #933, #606 ) ;
#1004 = CIRCLE ( 'NONE', #878, 10.20000000000000300 ) ;
#1005 = DIRECTION ( 'NONE',  ( 0.0000000000000000000, 0.9685760823212571400, 0.2487174556704964700 ) ) ;
#1006 = CARTESIAN_POINT ( 'NONE',  ( -0.7500000000000002200, 6.400591189392937300, 10.97440203382398500 ) ) ;
#1007 = DIRECTION ( 'NONE',  ( 0.0000000000000000000, 0.0000000000000000000, -1.000000000000000000 ) ) ;
#1008 = DIRECTION ( 'NONE',  ( -0.0000000000000000000, 1.000000000000000000, 0.0000000000000000000 ) ) ;
#1009 = ORIENTED_EDGE ( 'NONE', *, *, #3286, .T. ) ;
#1010 = PRODUCT_DEFINITION_FORMATION_WITH_SPECIFIED_SOURCE ( 'ANY', '', #2697, .NOT_KNOWN. ) ;
#1011 = CARTESIAN_POINT ( 'NONE',  ( -0.7999999999999962700, 2.199999999999999700, -10.97087052152198400 ) ) ;
#1012 = VERTEX_POINT ( 'NONE', #752 ) ;
#1013 = ORIENTED_EDGE ( 'NONE', *, *, #2995, .F. ) ;
#1014 = DIRECTION ( 'NONE',  ( -0.0000000000000000000, -1.000000000000000000, -0.0000000000000000000 ) ) ;
#1015 = DIRECTION ( 'NONE',  ( -0.0000000000000000000, 1.000000000000000000, -0.0000000000000000000 ) ) ;
#1016 = ORIENTED_EDGE ( 'NONE', *, *, #2358, .F. ) ;
#1017 = ORIENTED_EDGE ( 'NONE', *, *, #3137, .T. ) ;
#1018 = DIRECTION ( 'NONE',  ( -1.112560217688397700E-016, 0.0000000000000000000, -1.000000000000000000 ) ) ;
#1019 = ORIENTED_EDGE ( 'NONE', *, *, #4137, .T. ) ;
#1020 = EDGE_CURVE ( 'NONE', #2360, #4103, #1630, .T. ) ;
#1021 = ORIENTED_EDGE ( 'NONE', *, *, #2424, .F. ) ;
#1022 = VERTEX_POINT ( 'NONE', #1166 ) ;
#1023 = DIRECTION ( 'NONE',  ( -1.000000000000000000, 0.0000000000000000000, -3.088958970452706500E-016 ) ) ;
#1024 = VECTOR ( 'NONE', #1982, 1000.000000000000100 ) ;
#1025 = ORIENTED_EDGE ( 'NONE', *, *, #1930, .F. ) ;
#1026 = AXIS2_PLACEMENT_3D ( 'NONE', #2081, #2504, #1803 ) ;
#1027 = CIRCLE ( 'NONE', #558, 0.3999999999999999700 ) ;
#1028 = LINE ( 'NONE', #1110, #2681 ) ;
#1029 = ORIENTED_EDGE ( 'NONE', *, *, #2230, .T. ) ;
#1030 = ORIENTED_EDGE ( 'NONE', *, *, #101, .T. ) ;
#1031 = CIRCLE ( 'NONE', #438, 10.30000000000000200 ) ;
#1032 = DIRECTION ( 'NONE',  ( 0.7788565380022500800, 0.0000000000000000000, -0.6272021151201179200 ) ) ;
#1033 = AXIS2_PLACEMENT_3D ( 'NONE', #2220, #2553, #2582 ) ;
#1034 = EDGE_LOOP ( 'NONE', ( #2576, #3598, #1360, #2900, #4379, #3057 ) ) ;
#1035 = DIRECTION ( 'NONE',  ( 0.0000000000000000000, -1.000000000000000000, 0.0000000000000000000 ) ) ;
#1036 = CARTESIAN_POINT ( 'NONE',  ( 5.000000000000000900, -2.500000000000000000, 0.2999999999999997700 ) ) ;
#1037 = VECTOR ( 'NONE', #3020, 1000.000000000000000 ) ;
#1038 = VERTEX_POINT ( 'NONE', #2915 ) ;
#1039 = CARTESIAN_POINT ( 'NONE',  ( -4.599999999999999600, -2.499999999999996900, -0.02211432248042713100 ) ) ;
#1040 = LINE ( 'NONE', #444, #3659 ) ;
#1041 = EDGE_CURVE ( 'NONE', #1133, #3139, #53, .T. ) ;
#1042 = ADVANCED_FACE ( 'NONE', ( #1162 ), #3608, .T. ) ;
#1043 = DIRECTION ( 'NONE',  ( 0.0000000000000000000, -1.000000000000000000, 0.0000000000000000000 ) ) ;
#1044 = VECTOR ( 'NONE', #1410, 1000.000000000000000 ) ;
#1045 = B_SPLINE_CURVE_WITH_KNOTS ( 'NONE', 3,
 ( #41, #1482, #729, #1787, #3828, #4190 ),
 .UNSPECIFIED., .F., .F.,
 ( 4, 2, 4 ),
 ( 5.421010862427522200E-020, 0.0002344882410830250800, 0.0004689764821660501100 ),
 .UNSPECIFIED. ) ;
#1046 = ORIENTED_EDGE ( 'NONE', *, *, #1661, .F. ) ;
#1047 = DIRECTION ( 'NONE',  ( 0.0000000000000000000, 0.0000000000000000000, 1.000000000000000000 ) ) ;
#1048 = EDGE_CURVE ( 'NONE', #3324, #3725, #3778, .T. ) ;
#1049 = DIRECTION ( 'NONE',  ( -0.0000000000000000000, 1.000000000000000000, -0.0000000000000000000 ) ) ;
#1050 = VECTOR ( 'NONE', #4265, 1000.000000000000000 ) ;
#1051 = CARTESIAN_POINT ( 'NONE',  ( 0.7999999999999993800, 1.200000000000000000, 10.97087052152198100 ) ) ;
#1052 = CARTESIAN_POINT ( 'NONE',  ( 4.615099820540249800, -2.000000000000000000, 0.1333333333333337200 ) ) ;
#1053 = ORIENTED_EDGE ( 'NONE', *, *, #2720, .F. ) ;
#1054 = VECTOR ( 'NONE', #1115, 1000.000000000000000 ) ;
#1055 = EDGE_CURVE ( 'NONE', #2839, #523, #3360, .T. ) ;
#1056 = FACE_OUTER_BOUND ( 'NONE', #2863, .T. ) ;
#1057 = AXIS2_PLACEMENT_3D ( 'NONE', #3680, #3331, #1625 ) ;
#1058 = AXIS2_PLACEMENT_3D ( 'NONE', #2594, #1888, #1856 ) ;
#1059 = CARTESIAN_POINT ( 'NONE',  ( 7.952942202794572400, 1.700000000000000200, 7.599388812201216800 ) ) ;
#1060 = CARTESIAN_POINT ( 'NONE',  ( -0.4500000000000002300, 2.100000000000000100, 10.99079160024427000 ) ) ;
#1061 = VERTEX_POINT ( 'NONE', #786 ) ;
#1062 = ADVANCED_FACE ( 'NONE', ( #3822 ), #4295, .F. ) ;
#1063 = ORIENTED_EDGE ( 'NONE', *, *, #2442, .F. ) ;
#1064 = CARTESIAN_POINT ( 'NONE',  ( -4.740192378864668900, -2.000000000000000000, -0.1500000000000003300 ) ) ;
#1065 = DIRECTION ( 'NONE',  ( -0.0000000000000000000, -1.000000000000000000, -0.0000000000000000000 ) ) ;
#1066 = CARTESIAN_POINT ( 'NONE',  ( 4.597562948458356200, -2.000000000000000900, 0.05562130177514833200 ) ) ;
#1067 = VERTEX_POINT ( 'NONE', #2542 ) ;
#1068 = EDGE_LOOP ( 'NONE', ( #3929, #2692, #2440, #1025 ) ) ;
#1069 = CARTESIAN_POINT ( 'NONE',  ( 0.0000000000000000000, 1.700000000000000200, 0.0000000000000000000 ) ) ;
#1070 = VERTEX_POINT ( 'NONE', #3622 ) ;
#1071 = CARTESIAN_POINT ( 'NONE',  ( 4.662720211512012500, -2.500000000000000000, -0.09999997628065307500 ) ) ;
#1072 = EDGE_CURVE ( 'NONE', #3786, #4135, #1673, .T. ) ;
#1073 = ORIENTED_EDGE ( 'NONE', *, *, #602, .T. ) ;
#1074 = DIRECTION ( 'NONE',  ( 0.0000000000000000000, 0.0000000000000000000, 1.000000000000000000 ) ) ;
#1075 = CARTESIAN_POINT ( 'NONE',  ( -7.387099156879100900, -27.64995667241114700, 7.033545766285744300 ) ) ;
#1076 = ORIENTED_EDGE ( 'NONE', *, *, #4482, .F. ) ;
#1077 = DIRECTION ( 'NONE',  ( -0.0000000000000000000, 1.000000000000000000, 0.0000000000000000000 ) ) ;
#1078 = DIRECTION ( 'NONE',  ( -0.3894282690011263100, -0.8660254037844378200, 0.3136010575600597900 ) ) ;
#1079 = VECTOR ( 'NONE', #4324, 1000.000000000000100 ) ;
#1080 = EDGE_CURVE ( 'NONE', #2025, #2257, #832, .T. ) ;
#1081 = VECTOR ( 'NONE', #4156, 1000.000000000000000 ) ;
#1082 = ORIENTED_EDGE ( 'NONE', *, *, #4511, .T. ) ;
#1083 = ORIENTED_EDGE ( 'NONE', *, *, #847, .T. ) ;
#1084 = VECTOR ( 'NONE', #3108, 1000.000000000000000 ) ;
#1085 = CYLINDRICAL_SURFACE ( 'NONE', #3464, 10.20000000000000300 ) ;
#1086 = EDGE_LOOP ( 'NONE', ( #4104, #70, #2772, #4167 ) ) ;
#1087 = CARTESIAN_POINT ( 'NONE',  ( 5.373205080756887900, -2.250000000000000400, -0.1110571612402134200 ) ) ;
#1088 = AXIS2_PLACEMENT_3D ( 'NONE', #286, #4476, #2012 ) ;
#1089 = AXIS2_PLACEMENT_3D ( 'NONE', #3266, #2551, #779 ) ;
#1090 = ADVANCED_FACE ( 'NONE', ( #2701 ), #3951, .T. ) ;
#1091 = ORIENTED_EDGE ( 'NONE', *, *, #3470, .T. ) ;
#1092 = CARTESIAN_POINT ( 'NONE',  ( 5.000000000000000000, -2.000000000000000000, 0.0000000000000000000 ) ) ;
#1093 = LINE ( 'NONE', #561, #1920 ) ;
#1094 = CARTESIAN_POINT ( 'NONE',  ( -0.8000000000000002700, 2.199999999999999700, 10.97087052152198100 ) ) ;
#1095 = VERTEX_POINT ( 'NONE', #3256 ) ;
#1096 = PLANE ( 'NONE',  #2972 ) ;
#1097 = DIRECTION ( 'NONE',  ( -0.0000000000000000000, 1.000000000000000000, -0.0000000000000000000 ) ) ;
#1098 = AXIS2_PLACEMENT_3D ( 'NONE', #698, #2097, #323 ) ;
#1099 = VECTOR ( 'NONE', #2549, 999.9999999999998900 ) ;
#1100 = CARTESIAN_POINT ( 'NONE',  ( 7.067977854924515100, 2.199999999999999700, -7.492241923636524500 ) ) ;
#1101 = CYLINDRICAL_SURFACE ( 'NONE', #975, 10.20000000000000300 ) ;
#1102 = CARTESIAN_POINT ( 'NONE',  ( -7.599388812201220300, 7.664080173772339000, -7.952942202794568900 ) ) ;
#1103 = EDGE_LOOP ( 'NONE', ( #2622, #3321, #3685, #807 ) ) ;
#1104 = EDGE_CURVE ( 'NONE', #3916, #2075, #3564, .T. ) ;
#1105 = CARTESIAN_POINT ( 'NONE',  ( -7.952942202794572400, 1.700000000000000200, -7.599388812201216800 ) ) ;
#1106 = CARTESIAN_POINT ( 'NONE',  ( 7.563149311035939300, 2.199999999999999700, -7.987413379747954100 ) ) ;
#1107 = VECTOR ( 'NONE', #4493, 1000.000000000000200 ) ;
#1108 = ORIENTED_EDGE ( 'NONE', *, *, #190, .T. ) ;
#1109 = VERTEX_POINT ( 'NONE', #2616 ) ;
#1110 = CARTESIAN_POINT ( 'NONE',  ( 0.7999999999999994900, 2.199999999999999700, 10.26888504171704300 ) ) ;
#1111 = LINE ( 'NONE', #1949, #114 ) ;
#1112 = CARTESIAN_POINT ( 'NONE',  ( -7.387099156879100900, 1.700000000000000200, 7.033545766285744300 ) ) ;
#1113 = CARTESIAN_POINT ( 'NONE',  ( -7.033545766285747900, 1.199999999999999700, 7.387099156879095600 ) ) ;
#1114 = EDGE_CURVE ( 'NONE', #648, #2611, #2601, .T. ) ;
#1115 = DIRECTION ( 'NONE',  ( -0.0000000000000000000, 1.000000000000000000, -0.0000000000000000000 ) ) ;
#1116 = ADVANCED_FACE ( 'NONE', ( #2864 ), #550, .T. ) ;
#1117 = LINE ( 'NONE', #352, #4475 ) ;
#1118 = DIRECTION ( 'NONE',  ( 0.0000000000000000000, -1.000000000000000000, 0.0000000000000000000 ) ) ;
#1119 =( NAMED_UNIT ( * ) PLANE_ANGLE_UNIT ( ) SI_UNIT ( $, .RADIAN. ) );
#1120 = AXIS2_PLACEMENT_3D ( 'NONE', #174, #3031, #887 ) ;
#1121 = CARTESIAN_POINT ( 'NONE',  ( 5.288675134594814000, -2.000000000000000000, -0.1666666666666669100 ) ) ;
#1122 = ORIENTED_EDGE ( 'NONE', *, *, #1172, .F. ) ;
#1123 = DIRECTION ( 'NONE',  ( 0.7071067811865531200, -0.0000000000000000000, 0.7071067811865420200 ) ) ;
#1124 = ORIENTED_EDGE ( 'NONE', *, *, #658, .F. ) ;
#1125 = EDGE_LOOP ( 'NONE', ( #3835, #699, #976, #802 ) ) ;
#1126 = AXIS2_PLACEMENT_3D ( 'NONE', #3870, #1818, #4231 ) ;
#1127 = AXIS2_PLACEMENT_3D ( 'NONE', #1680, #4432, #971 ) ;
#1128 = ORIENTED_EDGE ( 'NONE', *, *, #3818, .T. ) ;
#1129 = CARTESIAN_POINT ( 'NONE',  ( 5.000000000000000000, 0.2499999999999958900, -1.750000000000000000 ) ) ;
#1130 = DIRECTION ( 'NONE',  ( -0.6272021151201170300, 0.0000000000000000000, 0.7788565380022507400 ) ) ;
#1131 = ORIENTED_EDGE ( 'NONE', *, *, #2727, .F. ) ;
#1132 = ORIENTED_EDGE ( 'NONE', *, *, #1380, .F. ) ;
#1133 = VERTEX_POINT ( 'NONE', #499 ) ;
#1134 = CARTESIAN_POINT ( 'NONE',  ( -5.140533245203335400, -2.499999999999999600, 0.05843722244560246200 ) ) ;
#1135 = ADVANCED_FACE ( 'NONE', ( #4299 ), #996, .F. ) ;
#1136 = LINE ( 'NONE', #2040, #1024 ) ;
#1137 = EDGE_CURVE ( 'NONE', #751, #1316, #2752, .T. ) ;
#1138 = EDGE_LOOP ( 'NONE', ( #1910, #1019, #652, #1476, #1180 ) ) ;
#1139 = ORIENTED_EDGE ( 'NONE', *, *, #3739, .F. ) ;
#1140 = FACE_OUTER_BOUND ( 'NONE', #3092, .T. ) ;
#1141 = FACE_OUTER_BOUND ( 'NONE', #1292, .T. ) ;
#1142 = ORIENTED_EDGE ( 'NONE', *, *, #3253, .F. ) ;
#1143 = ORIENTED_EDGE ( 'NONE', *, *, #2026, .T. ) ;
#1144 = EDGE_CURVE ( 'NONE', #1249, #1648, #1624, .T. ) ;
#1145 = DIRECTION ( 'NONE',  ( 0.0000000000000000000, -1.000000000000000000, 0.0000000000000000000 ) ) ;
#1146 = CYLINDRICAL_SURFACE ( 'NONE', #381, 10.30000000000000600 ) ;
#1147 = ORIENTED_EDGE ( 'NONE', *, *, #4137, .F. ) ;
#1148 = CARTESIAN_POINT ( 'NONE',  ( 0.0000000000000000000, 46.31269837220808900, 0.0000000000000000000 ) ) ;
#1149 = LINE ( 'NONE', #577, #4083 ) ;
#1150 = AXIS2_PLACEMENT_3D ( 'NONE', #747, #3887, #2268 ) ;
#1151 = LINE ( 'NONE', #3614, #2316 ) ;
#1152 = CARTESIAN_POINT ( 'NONE',  ( 0.0000000000000000000, 1.200000000000000000, 0.0000000000000000000 ) ) ;
#1153 = DIRECTION ( 'NONE',  ( 0.0000000000000000000, 0.0000000000000000000, 1.000000000000000000 ) ) ;
#1154 = CARTESIAN_POINT ( 'NONE',  ( 0.0000000000000000000, -4.949747468305832700, -5.000000000000000000 ) ) ;
#1155 = LINE ( 'NONE', #337, #1727 ) ;
#1156 = EDGE_CURVE ( 'NONE', #1761, #2455, #3774, .T. ) ;
#1157 = ADVANCED_FACE ( 'NONE', ( #50 ), #1332, .F. ) ;
#1158 = DIRECTION ( 'NONE',  ( -0.6272021151201162500, 0.0000000000000000000, 0.7788565380022514100 ) ) ;
#1159 = ORIENTED_EDGE ( 'NONE', *, *, #2995, .T. ) ;
#1160 = DIRECTION ( 'NONE',  ( 0.0000000000000000000, 0.0000000000000000000, -1.000000000000000000 ) ) ;
#1161 = EDGE_LOOP ( 'NONE', ( #3217, #445, #430, #1053, #2668 ) ) ;
#1162 = FACE_OUTER_BOUND ( 'NONE', #1381, .T. ) ;
#1163 = CARTESIAN_POINT ( 'NONE',  ( -0.7999999999999928300, 2.199999999999999700, -10.26888504171704700 ) ) ;
#1164 = ORIENTED_EDGE ( 'NONE', *, *, #4392, .F. ) ;
#1165 = EDGE_CURVE ( 'NONE', #2356, #2360, #2917, .T. ) ;
#1166 = CARTESIAN_POINT ( 'NONE',  ( -7.492241923636447300, 1.700000000000000000, 7.067977854924594200 ) ) ;
#1167 = CARTESIAN_POINT ( 'NONE',  ( -5.043301270189220800, -2.000000000000000400, 0.2999999999999999900 ) ) ;
#1168 = VECTOR ( 'NONE', #3672, 999.9999999999998900 ) ;
#1169 = CARTESIAN_POINT ( 'NONE',  ( -0.6068383505066533600, 2.067431517735945700, 10.28225746276981300 ) ) ;
#1170 = PLANE ( 'NONE',  #1694 ) ;
#1171 = VECTOR ( 'NONE', #3695, 999.9999999999998900 ) ;
#1172 = EDGE_CURVE ( 'NONE', #1842, #2921, #546, .T. ) ;
#1173 = ORIENTED_EDGE ( 'NONE', *, *, #185, .F. ) ;
#1174 = AXIS2_PLACEMENT_3D ( 'NONE', #1632, #2050, #2749 ) ;
#1175 = VERTEX_POINT ( 'NONE', #2274 ) ;
#1176 = DIRECTION ( 'NONE',  ( -0.3894282690011275400, 0.8660254037844378200, -0.3136010575600582400 ) ) ;
#1177 = DIRECTION ( 'NONE',  ( 0.7071067811865472400, 0.0000000000000000000, -0.7071067811865479100 ) ) ;
#1178 = CARTESIAN_POINT ( 'NONE',  ( -5.000000000000000000, -2.000000000000000000, 0.2999999999999999300 ) ) ;
#1179 = ADVANCED_FACE ( 'NONE', ( #3925 ), #1218, .T. ) ;
#1180 = ORIENTED_EDGE ( 'NONE', *, *, #1683, .T. ) ;
#1181 = DIRECTION ( 'NONE',  ( 2.664535259100375400E-014, 0.0000000000000000000, -1.000000000000000000 ) ) ;
#1182 = AXIS2_PLACEMENT_3D ( 'NONE', #3093, #1342, #1996 ) ;
#1183 = DIRECTION ( 'NONE',  ( -0.7071067811865431300, 0.0000000000000000000, -0.7071067811865519000 ) ) ;
#1184 = CARTESIAN_POINT ( 'NONE',  ( -7.492241923636441900, 2.199999999999999700, -7.067977854924602200 ) ) ;
#1185 = VERTEX_POINT ( 'NONE', #1906 ) ;
#1186 = FACE_OUTER_BOUND ( 'NONE', #1950, .T. ) ;
#1187 = CARTESIAN_POINT ( 'NONE',  ( 5.000000000000000000, -4.949747468305832700, 1.750000000000000000 ) ) ;
#1188 = ORIENTED_EDGE ( 'NONE', *, *, #1598, .F. ) ;
#1189 = EDGE_CURVE ( 'NONE', #763, #2839, #157, .T. ) ;
#1190 = ORIENTED_EDGE ( 'NONE', *, *, #1266, .F. ) ;
#1191 = DIRECTION ( 'NONE',  ( 0.0000000000000000000, -1.000000000000000000, 0.0000000000000000000 ) ) ;
#1192 = DIRECTION ( 'NONE',  ( -0.0000000000000000000, -1.000000000000000000, -0.0000000000000000000 ) ) ;
#1193 = CYLINDRICAL_SURFACE ( 'NONE', #3274, 10.30000000000000200 ) ;
#1194 = FACE_OUTER_BOUND ( 'NONE', #3304, .T. ) ;
#1195 = CARTESIAN_POINT ( 'NONE',  ( 0.0000000000000000000, 1.700000000000000000, 0.0000000000000000000 ) ) ;
#1196 = ORIENTED_EDGE ( 'NONE', *, *, #4357, .F. ) ;
#1197 = CARTESIAN_POINT ( 'NONE',  ( -5.281066490406660200, -2.499999999999999600, -0.05473220521601055600 ) ) ;
#1198 = ORIENTED_EDGE ( 'NONE', *, *, #1772, .F. ) ;
#1199 = LINE ( 'NONE', #958, #866 ) ;
#1200 = EDGE_CURVE ( 'NONE', #3642, #4241, #273, .T. ) ;
#1201 = VECTOR ( 'NONE', #914, 1000.000000000000100 ) ;
#1202 = ORIENTED_EDGE ( 'NONE', *, *, #2775, .F. ) ;
#1203 = ORIENTED_EDGE ( 'NONE', *, *, #3097, .T. ) ;
#1204 = ORIENTED_EDGE ( 'NONE', *, *, #254, .F. ) ;
#1205 = CARTESIAN_POINT ( 'NONE',  ( 0.0000000000000000000, -4.949747468305832700, 5.000000000000000000 ) ) ;
#1206 = VECTOR ( 'NONE', #3658, 1000.000000000000000 ) ;
#1207 = CARTESIAN_POINT ( 'NONE',  ( 0.4500000000000001800, 2.100000000000000100, 10.29016520761450200 ) ) ;
#1208 = ADVANCED_FACE ( 'NONE', ( #390 ), #2796, .F. ) ;
#1209 = ORIENTED_EDGE ( 'NONE', *, *, #1959, .F. ) ;
#1210 = AXIS2_PLACEMENT_3D ( 'NONE', #1854, #4256, #3625 ) ;
#1211 = CARTESIAN_POINT ( 'NONE',  ( 0.0000000000000000000, 1.199999999999999700, 0.0000000000000000000 ) ) ;
#1212 = LINE ( 'NONE', #115, #1558 ) ;
#1213 = CARTESIAN_POINT ( 'NONE',  ( -7.563149311035939300, 2.199999999999999700, -7.987413379747954100 ) ) ;
#1214 = DIRECTION ( 'NONE',  ( -0.8660254037844413700, 0.0000000000000000000, -0.4999999999999952800 ) ) ;
#1215 = CARTESIAN_POINT ( 'NONE',  ( -0.6068462880582753400, 2.067427738880272900, -10.98338778937714900 ) ) ;
#1216 = LINE ( 'NONE', #1100, #1883 ) ;
#1217 = ORIENTED_EDGE ( 'NONE', *, *, #13, .T. ) ;
#1218 = CYLINDRICAL_SURFACE ( 'NONE', #2211, 11.00000000000000000 ) ;
#1219 = DIRECTION ( 'NONE',  ( 0.7071067811865519000, 0.0000000000000000000, -0.7071067811865431300 ) ) ;
#1220 = DIRECTION ( 'NONE',  ( 0.7071067811865420200, 0.0000000000000000000, 0.7071067811865531200 ) ) ;
#1221 = VERTEX_POINT ( 'NONE', #620 ) ;
#1222 = LINE ( 'NONE', #4029, #2387 ) ;
#1223 = CARTESIAN_POINT ( 'NONE',  ( -0.7500000000000002200, 1.800000000000000500, -10.97440203382398500 ) ) ;
#1224 = CARTESIAN_POINT ( 'NONE',  ( -5.088457384799100100, -6.500000000000000000, 0.2287665235676192600 ) ) ;
#1225 = CARTESIAN_POINT ( 'NONE',  ( -5.346410161513775300, -2.000000000000000000, -0.1999999999999996800 ) ) ;
#1226 = VECTOR ( 'NONE', #1412, 999.9999999999998900 ) ;
#1227 = EDGE_CURVE ( 'NONE', #3460, #4210, #2152, .T. ) ;
#1228 = DIRECTION ( 'NONE',  ( -0.7071067811865479100, 0.0000000000000000000, 0.7071067811865471300 ) ) ;
#1229 = CARTESIAN_POINT ( 'NONE',  ( -5.000000000000000900, -6.500000000000000000, 0.2999999999999997700 ) ) ;
#1230 = ADVANCED_FACE ( 'NONE', ( #1933 ), #3053, .F. ) ;
#1231 = FACE_OUTER_BOUND ( 'NONE', #2721, .T. ) ;
#1232 = VERTEX_POINT ( 'NONE', #4424 ) ;
#1233 = CARTESIAN_POINT ( 'NONE',  ( 7.457830877212920500, 1.700000000000000000, 7.104277486619564800 ) ) ;
#1234 = EDGE_CURVE ( 'NONE', #76, #2839, #3664, .T. ) ;
#1235 = VERTEX_POINT ( 'NONE', #2374 ) ;
#1236 = ORIENTED_EDGE ( 'NONE', *, *, #2696, .T. ) ;
#1237 = DIRECTION ( 'NONE',  ( 0.0000000000000000000, 0.0000000000000000000, -1.000000000000000000 ) ) ;
#1238 = AXIS2_PLACEMENT_3D ( 'NONE', #4297, #2245, #2965 ) ;
#1239 = CARTESIAN_POINT ( 'NONE',  ( -0.7500000000000002200, 1.200000000000000000, -10.97440203382398500 ) ) ;
#1240 = DIRECTION ( 'NONE',  ( 0.0000000000000000000, 1.000000000000000000, 0.0000000000000000000 ) ) ;
#1241 = VERTEX_POINT ( 'NONE', #2700 ) ;
#1242 = VERTEX_POINT ( 'NONE', #3029 ) ;
#1243 = DIRECTION ( 'NONE',  ( 0.0000000000000000000, 1.000000000000000000, 0.0000000000000000000 ) ) ;
#1244 = ORIENTED_EDGE ( 'NONE', *, *, #635, .F. ) ;
#1245 = PRODUCT_RELATED_PRODUCT_CATEGORY ( 'part', '', ( #2697 ) ) ;
#1246 = DIRECTION ( 'NONE',  ( 1.112560217688397400E-016, 0.0000000000000000000, -1.000000000000000000 ) ) ;
#1247 = CARTESIAN_POINT ( 'NONE',  ( 0.7500000000000011100, 6.400591189392937300, -10.97440203382398700 ) ) ;
#1248 = VECTOR ( 'NONE', #592, 1000.000000000000000 ) ;
#1249 = VERTEX_POINT ( 'NONE', #3370 ) ;
#1250 = DIRECTION ( 'NONE',  ( -0.7788565380022503000, 0.0000000000000000000, 0.6272021151201174800 ) ) ;
#1251 = ADVANCED_FACE ( 'NONE', ( #439 ), #4469, .T. ) ;
#1252 = ORIENTED_EDGE ( 'NONE', *, *, #1799, .T. ) ;
#1253 = DIRECTION ( 'NONE',  ( 0.0000000000000000000, -1.000000000000000000, 0.0000000000000000000 ) ) ;
#1254 = LINE ( 'NONE', #2487, #3062 ) ;
#1255 = DIRECTION ( 'NONE',  ( 0.0000000000000000000, 0.0000000000000000000, -1.000000000000000000 ) ) ;
#1256 = CIRCLE ( 'NONE', #3852, 10.20000000000000300 ) ;
#1257 = DIRECTION ( 'NONE',  ( 0.0000000000000000000, -1.000000000000000000, 0.0000000000000000000 ) ) ;
#1258 = CARTESIAN_POINT ( 'NONE',  ( 5.224853192325333000, -2.499999999999999600, -0.009464434151366340300 ) ) ;
#1259 = EDGE_CURVE ( 'NONE', #2479, #198, #4033, .T. ) ;
#1260 = EDGE_LOOP ( 'NONE', ( #4441, #447, #681, #3001 ) ) ;
#1261 = ORIENTED_EDGE ( 'NONE', *, *, #1859, .T. ) ;
#1262 = CIRCLE ( 'NONE', #199, 10.30000000000000200 ) ;
#1263 = DIRECTION ( 'NONE',  ( 0.0000000000000000000, -1.000000000000000000, 0.0000000000000000000 ) ) ;
#1264 = DIRECTION ( 'NONE',  ( 0.0000000000000000000, -1.000000000000000000, 0.0000000000000000000 ) ) ;
#1265 = ORIENTED_EDGE ( 'NONE', *, *, #2223, .F. ) ;
#1266 = EDGE_CURVE ( 'NONE', #2561, #289, #780, .T. ) ;
#1267 = CIRCLE ( 'NONE', #3248, 10.30000000000000200 ) ;
#1268 = PLANE ( 'NONE',  #4489 ) ;
#1269 = DIRECTION ( 'NONE',  ( -0.0000000000000000000, -1.000000000000000000, -0.0000000000000000000 ) ) ;
#1270 = LINE ( 'NONE', #1075, #320 ) ;
#1271 = CARTESIAN_POINT ( 'NONE',  ( 0.0000000000000000000, 1.200000000000000000, 0.0000000000000000000 ) ) ;
#1272 = AXIS2_PLACEMENT_3D ( 'NONE', #2212, #2019, #2694 ) ;
#1273 = DIRECTION ( 'NONE',  ( -0.0000000000000000000, -1.000000000000000000, -0.0000000000000000000 ) ) ;
#1274 = VECTOR ( 'NONE', #2661, 1000.000000000000000 ) ;
#1275 = PLANE ( 'NONE',  #1812 ) ;
#1276 = DIRECTION ( 'NONE',  ( 0.0000000000000000000, 0.0000000000000000000, 1.000000000000000000 ) ) ;
#1277 = ORIENTED_EDGE ( 'NONE', *, *, #4298, .F. ) ;
#1278 = AXIS2_PLACEMENT_3D ( 'NONE', #429, #2890, #4257 ) ;
#1279 = EDGE_LOOP ( 'NONE', ( #3406, #1543 ) ) ;
#1280 = PLANE ( 'NONE',  #112 ) ;
#1281 = LINE ( 'NONE', #349, #222 ) ;
#1282 = EDGE_CURVE ( 'NONE', #1235, #3329, #3250, .T. ) ;
#1283 = CIRCLE ( 'NONE', #2706, 10.30000000000000200 ) ;
#1284 = CARTESIAN_POINT ( 'NONE',  ( 0.8000000000000008200, 2.199999999999999700, -10.26888504171704700 ) ) ;
#1285 = CARTESIAN_POINT ( 'NONE',  ( 0.0000000000000000000, 6.400591189392937300, 0.0000000000000000000 ) ) ;
#1286 = DIRECTION ( 'NONE',  ( 0.0000000000000000000, 0.0000000000000000000, 1.000000000000000000 ) ) ;
#1287 = DIRECTION ( 'NONE',  ( -0.0000000000000000000, -1.000000000000000000, -0.0000000000000000000 ) ) ;
#1288 = CARTESIAN_POINT ( 'NONE',  ( -5.249387986099661100, -2.000000000000000400, 0.3207100591715972800 ) ) ;
#1289 = ORIENTED_EDGE ( 'NONE', *, *, #3987, .T. ) ;
#1290 = EDGE_CURVE ( 'NONE', #1691, #2585, #2322, .T. ) ;
#1291 = CARTESIAN_POINT ( 'NONE',  ( -7.987413379747868800, 2.199999999999999700, -7.563149311036029100 ) ) ;
#1292 = EDGE_LOOP ( 'NONE', ( #28, #3306, #3890, #2528, #3179, #1765 ) ) ;
#1293 = DIRECTION ( 'NONE',  ( 0.0000000000000000000, -1.000000000000000000, 0.0000000000000000000 ) ) ;
#1294 = CARTESIAN_POINT ( 'NONE',  ( 5.333333333333333000, -2.499999999999999600, 0.03157139793297748800 ) ) ;
#1295 = EDGE_CURVE ( 'NONE', #3500, #2625, #324, .T. ) ;
#1296 = VERTEX_POINT ( 'NONE', #3819 ) ;
#1297 = CARTESIAN_POINT ( 'NONE',  ( -5.400000000000000400, -2.499999999999996900, -0.02211432248042713100 ) ) ;
#1298 = ORIENTED_EDGE ( 'NONE', *, *, #4034, .F. ) ;
#1299 = DIRECTION ( 'NONE',  ( 1.000000000000000000, 0.0000000000000000000, 0.0000000000000000000 ) ) ;
#1300 = AXIS2_PLACEMENT_3D ( 'NONE', #1864, #2258, #2615 ) ;
#1301 = AXIS2_PLACEMENT_3D ( 'NONE', #1320, #240, #3749 ) ;
#1302 = VECTOR ( 'NONE', #469, 1000.000000000000000 ) ;
#1303 = ORIENTED_EDGE ( 'NONE', *, *, #3394, .F. ) ;
#1304 = DIRECTION ( 'NONE',  ( 0.0000000000000000000, -1.000000000000000000, 0.0000000000000000000 ) ) ;
#1305 = LINE ( 'NONE', #796, #473 ) ;
#1306 = VECTOR ( 'NONE', #1246, 1000.000000000000000 ) ;
#1307 = EDGE_LOOP ( 'NONE', ( #1974, #857, #3952, #2010 ) ) ;
#1308 = EDGE_CURVE ( 'NONE', #1012, #3071, #3355, .T. ) ;
#1309 = CARTESIAN_POINT ( 'NONE',  ( -0.7500000000000002200, 6.400591189392937300, -10.97440203382398500 ) ) ;
#1310 = ORIENTED_EDGE ( 'NONE', *, *, #1721, .T. ) ;
#1311 = DIRECTION ( 'NONE',  ( -0.0000000000000000000, 1.000000000000000000, -0.0000000000000000000 ) ) ;
#1312 = MANIFOLD_SOLID_BREP ( 'Chamfer2', #1499 ) ;
#1313 = LINE ( 'NONE', #4466, #364 ) ;
#1314 = VECTOR ( 'NONE', #3444, 1000.000000000000000 ) ;
#1315 = CARTESIAN_POINT ( 'NONE',  ( 0.7500000000000001100, 1.700000000000000200, 10.17238909991158600 ) ) ;
#1316 = VERTEX_POINT ( 'NONE', #4452 ) ;
#1317 = ORIENTED_EDGE ( 'NONE', *, *, #3743, .T. ) ;
#1318 = DIRECTION ( 'NONE',  ( 0.0000000000000000000, 0.0000000000000000000, 1.000000000000000000 ) ) ;
#1319 = FACE_OUTER_BOUND ( 'NONE', #4124, .T. ) ;
#1320 = CARTESIAN_POINT ( 'NONE',  ( 0.0000000000000000000, 6.200000000000001100, 0.0000000000000000000 ) ) ;
#1321 = EDGE_CURVE ( 'NONE', #2008, #3992, #1155, .T. ) ;
#1322 = ORIENTED_EDGE ( 'NONE', *, *, #3987, .F. ) ;
#1323 = CARTESIAN_POINT ( 'NONE',  ( -0.8000000000000002700, 1.200000000000000000, 10.97087052152198100 ) ) ;
#1324 = DIRECTION ( 'NONE',  ( 0.0000000000000000000, -1.000000000000000000, 0.0000000000000000000 ) ) ;
#1325 = LINE ( 'NONE', #2748, #211 ) ;
#1326 = EDGE_CURVE ( 'NONE', #2611, #4261, #215, .T. ) ;
#1327 = CIRCLE ( 'NONE', #2338, 11.00000000000000200 ) ;
#1328 = CARTESIAN_POINT ( 'NONE',  ( 0.4500000000000002900, 2.100000000000000100, -10.29016520761450700 ) ) ;
#1329 = CARTESIAN_POINT ( 'NONE',  ( -4.971893350959332400, -2.499999999999999600, 0.1489727645748983900 ) ) ;
#1330 = VERTEX_POINT ( 'NONE', #994 ) ;
#1331 = AXIS2_PLACEMENT_3D ( 'NONE', #177, #538, #237 ) ;
#1332 = CYLINDRICAL_SURFACE ( 'NONE', #1749, 10.30000000000000200 ) ;
#1333 = AXIS2_PLACEMENT_3D ( 'NONE', #1154, #3599, #1532 ) ;
#1334 = CARTESIAN_POINT ( 'NONE',  ( 0.0000000000000000000, 2.199999999999999700, 0.0000000000000000000 ) ) ;
#1335 = CARTESIAN_POINT ( 'NONE',  ( 5.281458256229944600, -2.000000000000000400, -0.1124999999999998400 ) ) ;
#1336 = CARTESIAN_POINT ( 'NONE',  ( 5.000000000000000000, 0.0000000000000000000, 0.0000000000000000000 ) ) ;
#1337 = ORIENTED_EDGE ( 'NONE', *, *, #3596, .F. ) ;
#1338 = DIRECTION ( 'NONE',  ( 0.0000000000000000000, 1.000000000000000000, 0.0000000000000000000 ) ) ;
#1339 = VECTOR ( 'NONE', #1980, 1000.000000000000000 ) ;
#1340 = DIRECTION ( 'NONE',  ( -0.7071067811865479100, 0.0000000000000000000, -0.7071067811865470200 ) ) ;
#1341 = PRESENTATION_LAYER_ASSIGNMENT (  '', '', ( #712 ) ) ;
#1342 = DIRECTION ( 'NONE',  ( 0.0000000000000000000, 1.000000000000000000, 0.0000000000000000000 ) ) ;
#1343 = VECTOR ( 'NONE', #1588, 1000.000000000000100 ) ;
#1344 = PLANE ( 'NONE',  #2242 ) ;
#1345 = CARTESIAN_POINT ( 'NONE',  ( 0.7500000000000002200, 6.400591189392937300, -10.97440203382398500 ) ) ;
#1346 = CARTESIAN_POINT ( 'NONE',  ( 0.0000000000000000000, 6.200000000000001100, 0.0000000000000000000 ) ) ;
#1347 = ORIENTED_EDGE ( 'NONE', *, *, #756, .F. ) ;
#1348 = CARTESIAN_POINT ( 'NONE',  ( -4.718933509593339800, -2.499999999999999600, -0.05473220521601016000 ) ) ;
#1349 = EDGE_CURVE ( 'NONE', #3214, #1867, #2973, .T. ) ;
#1350 = ADVANCED_FACE ( 'NONE', ( #2088 ), #2383, .T. ) ;
#1351 = PLANE ( 'NONE',  #1693 ) ;
#1352 = ORIENTED_EDGE ( 'NONE', *, *, #481, .T. ) ;
#1353 = DIRECTION ( 'NONE',  ( -0.7071067811865420200, -0.0000000000000000000, 0.7071067811865531200 ) ) ;
#1354 = DIRECTION ( 'NONE',  ( -0.0000000000000000000, 1.000000000000000000, -0.0000000000000000000 ) ) ;
#1355 = DIRECTION ( 'NONE',  ( 0.0000000000000000000, 0.0000000000000000000, 1.000000000000000000 ) ) ;
#1356 = EDGE_LOOP ( 'NONE', ( #700, #3346, #3657, #2781, #3854 ) ) ;
#1357 = EDGE_CURVE ( 'NONE', #1867, #3214, #3305, .T. ) ;
#1358 = ORIENTED_EDGE ( 'NONE', *, *, #455, .F. ) ;
#1359 = CARTESIAN_POINT ( 'NONE',  ( -4.662720211512012500, -2.500000000000000400, -0.09999997628065304700 ) ) ;
#1360 = ORIENTED_EDGE ( 'NONE', *, *, #3400, .F. ) ;
#1361 = EDGE_LOOP ( 'NONE', ( #2712, #1414 ) ) ;
#1362 = VERTEX_POINT ( 'NONE', #2419 ) ;
#1363 = CARTESIAN_POINT ( 'NONE',  ( -4.662720211512012500, -13.89442718039230100, -0.09999997628065304700 ) ) ;
#1364 = CARTESIAN_POINT ( 'NONE',  ( -5.400000000000000400, -2.500000000000000400, -0.02211432248042713100 ) ) ;
#1365 = AXIS2_PLACEMENT_3D ( 'NONE', #560, #919, #1576 ) ;
#1366 = ORIENTED_EDGE ( 'NONE', *, *, #4383, .F. ) ;
#1367 = CARTESIAN_POINT ( 'NONE',  ( -4.711324865405186900, -1.999999999999999600, 0.09999999999999979700 ) ) ;
#1368 = LINE ( 'NONE', #3055, #3591 ) ;
#1369 = DIRECTION ( 'NONE',  ( 0.0000000000000000000, -1.000000000000000000, 0.0000000000000000000 ) ) ;
#1370 = ORIENTED_EDGE ( 'NONE', *, *, #1227, .F. ) ;
#1371 = AXIS2_PLACEMENT_3D ( 'NONE', #2960, #2236, #3606 ) ;
#1372 = AXIS2_PLACEMENT_3D ( 'NONE', #3458, #3134, #675 ) ;
#1373 = DIRECTION ( 'NONE',  ( 0.0000000000000000000, -1.000000000000000000, 0.0000000000000000000 ) ) ;
#1374 = DIRECTION ( 'NONE',  ( 0.0000000000000000000, -0.0000000000000000000, 1.000000000000000000 ) ) ;
#1375 = DIRECTION ( 'NONE',  ( -0.0000000000000000000, 1.000000000000000000, -0.0000000000000000000 ) ) ;
#1376 = FACE_OUTER_BOUND ( 'NONE', #3751, .T. ) ;
#1377 = ORIENTED_EDGE ( 'NONE', *, *, #3144, .F. ) ;
#1378 = EDGE_LOOP ( 'NONE', ( #757, #1979, #18, #81, #1587 ) ) ;
#1379 = VECTOR ( 'NONE', #4405, 1000.000000000000000 ) ;
#1380 = EDGE_CURVE ( 'NONE', #425, #4210, #3202, .T. ) ;
#1381 = EDGE_LOOP ( 'NONE', ( #426, #2190, #3184, #1735, #597 ) ) ;
#1382 = CARTESIAN_POINT ( 'NONE',  ( 7.563149311035942000, 2.199999999999999700, 7.987413379747950500 ) ) ;
#1383 = DIRECTION ( 'NONE',  ( 0.0000000000000000000, 1.000000000000000000, 0.0000000000000000000 ) ) ;
#1384 = CARTESIAN_POINT ( 'NONE',  ( -7.952942202794572400, 1.700000000000000200, 7.599388812201216800 ) ) ;
#1385 = CIRCLE ( 'NONE', #1846, 10.20000000000000300 ) ;
#1386 = DIRECTION ( 'NONE',  ( 0.0000000000000000000, 0.0000000000000000000, 1.000000000000000000 ) ) ;
#1387 = CARTESIAN_POINT ( 'NONE',  ( -4.966666666666667700, -2.499999999999999600, 0.2731571397932973700 ) ) ;
#1388 = EDGE_CURVE ( 'NONE', #233, #3324, #4358, .T. ) ;
#1389 = CIRCLE ( 'NONE', #1463, 0.3999999999999999700 ) ;
#1390 = CARTESIAN_POINT ( 'NONE',  ( 0.0000000000000000000, 2.199999999999999700, 0.0000000000000000000 ) ) ;
#1391 = ORIENTED_EDGE ( 'NONE', *, *, #1772, .T. ) ;
#1392 = SURFACE_SIDE_STYLE ('',( #2437 ) ) ;
#1393 = VECTOR ( 'NONE', #3453, 999.9999999999998900 ) ;
#1394 = EDGE_CURVE ( 'NONE', #4261, #4515, #497, .T. ) ;
#1395 = ORIENTED_EDGE ( 'NONE', *, *, #3198, .F. ) ;
#1396 = CARTESIAN_POINT ( 'NONE',  ( -5.400000000000000400, -13.89442718039230100, -0.02211432248042713100 ) ) ;
#1397 = VERTEX_POINT ( 'NONE', #2508 ) ;
#1398 = DIRECTION ( 'NONE',  ( -1.000000000000000000, 0.0000000000000000000, 0.0000000000000000000 ) ) ;
#1399 = LINE ( 'NONE', #3502, #3407 ) ;
#1400 = ORIENTED_EDGE ( 'NONE', *, *, #1156, .T. ) ;
#1401 = AXIS2_PLACEMENT_3D ( 'NONE', #3630, #147, #864 ) ;
#1402 = AXIS2_PLACEMENT_3D ( 'NONE', #4019, #1986, #4366 ) ;
#1403 = ORIENTED_EDGE ( 'NONE', *, *, #61, .T. ) ;
#1404 = CIRCLE ( 'NONE', #1026, 0.5999999999999998700 ) ;
#1405 = DIRECTION ( 'NONE',  ( 0.0000000000000000000, 1.000000000000000000, 0.0000000000000000000 ) ) ;
#1406 = DIRECTION ( 'NONE',  ( 0.0000000000000000000, 0.0000000000000000000, -1.000000000000000000 ) ) ;
#1407 = ADVANCED_FACE ( 'NONE', ( #2041 ), #2447, .T. ) ;
#1408 = DIRECTION ( 'NONE',  ( 0.0000000000000000000, 0.0000000000000000000, -1.000000000000000000 ) ) ;
#1409 = ORIENTED_EDGE ( 'NONE', *, *, #695, .F. ) ;
#1410 = DIRECTION ( 'NONE',  ( -0.6272021151201170300, 0.0000000000000000000, -0.7788565380022507400 ) ) ;
#1411 = CARTESIAN_POINT ( 'NONE',  ( 4.876330889084826500, -2.000000000000000400, 0.3869822485207103400 ) ) ;
#1412 = DIRECTION ( 'NONE',  ( -0.7788565380022526300, 0.0000000000000000000, 0.6272021151201147000 ) ) ;
#1413 = ORIENTED_EDGE ( 'NONE', *, *, #238, .F. ) ;
#1414 = ORIENTED_EDGE ( 'NONE', *, *, #4102, .T. ) ;
#1415 = CARTESIAN_POINT ( 'NONE',  ( 0.7999999999999994900, 2.199999999999999700, 10.26888504171704300 ) ) ;
#1416 = DIRECTION ( 'NONE',  ( 0.7071067811865439100, -0.0000000000000000000, -0.7071067811865512400 ) ) ;
#1417 = B_SPLINE_CURVE_WITH_KNOTS ( 'NONE', 3,
 ( #2129, #2493, #1442, #1487, #1506, #4177 ),
 .UNSPECIFIED., .F., .F.,
 ( 4, 2, 4 ),
 ( 2.168404344971008900E-019, 0.0002344883131762674500, 0.0004689766263525346900 ),
 .UNSPECIFIED. ) ;
#1418 = ORIENTED_EDGE ( 'NONE', *, *, #2111, .F. ) ;
#1419 = DIRECTION ( 'NONE',  ( -0.0000000000000000000, 1.000000000000000000, -0.0000000000000000000 ) ) ;
#1420 = CARTESIAN_POINT ( 'NONE',  ( 0.0000000000000000000, 8.200000000000001100, 0.0000000000000000000 ) ) ;
#1421 = CARTESIAN_POINT ( 'NONE',  ( 7.952942202794572400, 1.200000000000000000, -7.599388812201216800 ) ) ;
#1422 = CARTESIAN_POINT ( 'NONE',  ( 1.347111479062088400E-015, 2.199999999999999700, 11.00000000000000000 ) ) ;
#1423 = EDGE_CURVE ( 'NONE', #2139, #2924, #2544, .T. ) ;
#1424 = ORIENTED_EDGE ( 'NONE', *, *, #4322, .T. ) ;
#1425 = CIRCLE ( 'NONE', #1182, 0.5999999999999998700 ) ;
#1426 = ORIENTED_EDGE ( 'NONE', *, *, #94, .T. ) ;
#1427 = AXIS2_PLACEMENT_3D ( 'NONE', #24, #368, #3831 ) ;
#1428 = ADVANCED_FACE ( 'NONE', ( #3455 ), #3570, .F. ) ;
#1429 = LINE ( 'NONE', #839, #4176 ) ;
#1430 = VECTOR ( 'NONE', #3420, 1000.000000000000000 ) ;
#1431 = CARTESIAN_POINT ( 'NONE',  ( 4.652266842926676000, -2.499999999999999600, -0.08701903398061487700 ) ) ;
#1432 = ORIENTED_EDGE ( 'NONE', *, *, #1080, .F. ) ;
#1433 = ORIENTED_EDGE ( 'NONE', *, *, #1457, .F. ) ;
#1434 = CARTESIAN_POINT ( 'NONE',  ( -5.400000000000000400, -5.807179676972452900, -0.02211432248042713100 ) ) ;
#1435 = LINE ( 'NONE', #4056, #3964 ) ;
#1436 = CARTESIAN_POINT ( 'NONE',  ( -7.457830877212920500, 1.700000000000000000, 7.104277486619564800 ) ) ;
#1437 = FACE_OUTER_BOUND ( 'NONE', #604, .T. ) ;
#1438 = AXIS2_PLACEMENT_3D ( 'NONE', #4081, #4425, #3752 ) ;
#1439 = EDGE_LOOP ( 'NONE', ( #676, #3011, #622, #1139, #2289 ) ) ;
#1440 = ORIENTED_EDGE ( 'NONE', *, *, #990, .F. ) ;
#1441 = CARTESIAN_POINT ( 'NONE',  ( -4.711324865405185100, -2.000000000000000000, -0.1666666666666676800 ) ) ;
#1442 = CARTESIAN_POINT ( 'NONE',  ( 0.7174559787231636900, 1.956798128322723200, 10.97671748145881800 ) ) ;
#1443 = VECTOR ( 'NONE', #3100, 1000.000000000000000 ) ;
#1444 = B_SPLINE_SURFACE_WITH_KNOTS ( 'NONE', 3, 1, ( 
 ( #3772, #2000 ),
 ( #661, #3116 ),
 ( #1294, #3734 ),
 ( #641, #966 ),
 ( #2031, #4440 ),
 ( #235, #985 ),
 ( #4415, #2393 ),
 ( #2364, #3428 ),
 ( #1724, #2704 ),
 ( #3085, #2056 ) ),
 .UNSPECIFIED., .F., .F., .F.,
 ( 4, 2, 2, 2, 4 ),
 ( 2, 2 ),
 ( 0.0000000000000000000, 0.2499999999999999400, 0.5000000000000000000, 0.7499999999999998900, 1.000000000000000000 ),
 ( 0.0000000000000000000, 1.000000000000000000 ),
 .UNSPECIFIED. ) ;
#1445 = VERTEX_POINT ( 'NONE', #1838 ) ;
#1446 = VECTOR ( 'NONE', #460, 1000.000000000000000 ) ;
#1447 = EDGE_CURVE ( 'NONE', #795, #3711, #4296, .T. ) ;
#1448 = CARTESIAN_POINT ( 'NONE',  ( -5.000000000000000000, 0.2499999999999958900, 0.0000000000000000000 ) ) ;
#1449 = DIRECTION ( 'NONE',  ( -0.1004684548135146700, 0.9373834448049354100, -0.3334941783495136100 ) ) ;
#1450 = CARTESIAN_POINT ( 'NONE',  ( 4.668023595215963400, -2.000000000000000000, -0.1916666666666670400 ) ) ;
#1451 = CIRCLE ( 'NONE', #3493, 11.00000000000000000 ) ;
#1452 = EDGE_CURVE ( 'NONE', #289, #1546, #1417, .T. ) ;
#1453 = VECTOR ( 'NONE', #4148, 999.9999999999998900 ) ;
#1454 = ADVANCED_FACE ( 'NONE', ( #46 ), #2741, .T. ) ;
#1455 = CARTESIAN_POINT ( 'NONE',  ( -3.091180289548201000, -6.500000000000000000, 2.489283611581681200 ) ) ;
#1456 = LINE ( 'NONE', #265, #3876 ) ;
#1457 = EDGE_CURVE ( 'NONE', #1827, #2186, #717, .T. ) ;
#1458 = CARTESIAN_POINT ( 'NONE',  ( 7.987413379747872400, 2.199999999999999700, 7.563149311036023700 ) ) ;
#1459 = CARTESIAN_POINT ( 'NONE',  ( -5.000000000000000000, 0.2499999999999958900, 1.750000000000000000 ) ) ;
#1460 = LINE ( 'NONE', #1458, #1792 ) ;
#1461 = CARTESIAN_POINT ( 'NONE',  ( 5.000000000000000000, -2.000000000000000000, 0.2999999999999998200 ) ) ;
#1462 = AXIS2_PLACEMENT_3D ( 'NONE', #16, #48, #2511 ) ;
#1463 = AXIS2_PLACEMENT_3D ( 'NONE', #651, #3105, #3450 ) ;
#1464 = DIRECTION ( 'NONE',  ( -0.0000000000000000000, -1.000000000000000000, -0.0000000000000000000 ) ) ;
#1465 = DIRECTION ( 'NONE',  ( 3.088958970452706500E-016, -0.0000000000000000000, -1.000000000000000000 ) ) ;
#1466 = LINE ( 'NONE', #1415, #619 ) ;
#1467 = DIRECTION ( 'NONE',  ( 0.0000000000000000000, 0.0000000000000000000, 1.000000000000000000 ) ) ;
#1468 = DIRECTION ( 'NONE',  ( 0.0000000000000000000, 0.0000000000000000000, -1.000000000000000000 ) ) ;
#1469 = ORIENTED_EDGE ( 'NONE', *, *, #3448, .F. ) ;
#1470 = CARTESIAN_POINT ( 'NONE',  ( 5.000000000000000900, -13.89442718039230100, 0.2999999999999997700 ) ) ;
#1471 = APPLICATION_CONTEXT ( 'automotive_design' ) ;
#1472 = EDGE_CURVE ( 'NONE', #3746, #4409, #3557, .T. ) ;
#1473 = ORIENTED_EDGE ( 'NONE', *, *, #1570, .F. ) ;
#1474 = CARTESIAN_POINT ( 'NONE',  ( 5.337279788487988300, -2.500000000000000000, -0.09999997628065321300 ) ) ;
#1475 = ADVANCED_FACE ( 'NONE', ( #3403 ), #495, .T. ) ;
#1476 = ORIENTED_EDGE ( 'NONE', *, *, #3901, .T. ) ;
#1477 = DIRECTION ( 'NONE',  ( 0.0000000000000000000, 1.000000000000000000, 0.0000000000000000000 ) ) ;
#1478 = EDGE_CURVE ( 'NONE', #1918, #285, #1216, .T. ) ;
#1479 = ORIENTED_EDGE ( 'NONE', *, *, #1967, .T. ) ;
#1480 = CARTESIAN_POINT ( 'NONE',  ( -7.987413379747868800, 2.199999999999999700, -7.563149311036029100 ) ) ;
#1481 = CARTESIAN_POINT ( 'NONE',  ( -5.400000000000000400, -13.89442718039230100, -0.02211432248042713100 ) ) ;
#1482 = CARTESIAN_POINT ( 'NONE',  ( 0.5292224559436526900, 2.100000000000000100, -10.98754796625763000 ) ) ;
#1483 = VERTEX_POINT ( 'NONE', #2112 ) ;
#1484 = ORIENTED_EDGE ( 'NONE', *, *, #3253, .T. ) ;
#1485 = VECTOR ( 'NONE', #801, 1000.000000000000200 ) ;
#1486 = EDGE_CURVE ( 'NONE', #1918, #1685, #4413, .T. ) ;
#1487 = CARTESIAN_POINT ( 'NONE',  ( 0.6068462880582750100, 2.067427738880272000, 10.98338778937714900 ) ) ;
#1488 = COLOUR_RGB ( '',0.7921568627450980000, 0.8196078431372548800, 0.9333333333333333500 ) ;
#1489 = DIRECTION ( 'NONE',  ( 1.000000000000000000, 0.0000000000000000000, 0.0000000000000000000 ) ) ;
#1490 = ORIENTED_EDGE ( 'NONE', *, *, #3569, .F. ) ;
#1491 = ORIENTED_EDGE ( 'NONE', *, *, #2613, .F. ) ;
#1492 = LINE ( 'NONE', #548, #4126 ) ;
#1493 = LINE ( 'NONE', #1087, #533 ) ;
#1494 = CARTESIAN_POINT ( 'NONE',  ( 0.7999999999999993800, 2.199999999999999700, 10.97087052152198100 ) ) ;
#1495 = VERTEX_POINT ( 'NONE', #3536 ) ;
#1496 = DIRECTION ( 'NONE',  ( 1.112560217688397700E-016, 0.0000000000000000000, 1.000000000000000000 ) ) ;
#1497 = AXIS2_PLACEMENT_3D ( 'NONE', #2120, #3166, #688 ) ;
#1498 = AXIS2_PLACEMENT_3D ( 'NONE', #2847, #1118, #2481 ) ;
#1499 = CLOSED_SHELL ( 'NONE', ( #3953, #773, #1750, #877, #2529, #4288, #64, #2598, #2639, #3088, #3823, #3867, #2373, #3497, #1858, #792, #3302, #4498, #4022, #2809, #178, #2104 ) ) ;
#1500 = DIRECTION ( 'NONE',  ( 0.0000000000000000000, -1.000000000000000000, 0.0000000000000000000 ) ) ;
#1501 = LINE ( 'NONE', #4066, #2849 ) ;
#1502 = ORIENTED_EDGE ( 'NONE', *, *, #2168, .T. ) ;
#1503 = CARTESIAN_POINT ( 'NONE',  ( -4.653589838486224700, -2.000000000000000000, -0.1999999999999997900 ) ) ;
#1504 = LINE ( 'NONE', #2771, #98 ) ;
#1505 = ADVANCED_FACE ( 'NONE', ( #2597 ), #3506, .T. ) ;
#1506 = CARTESIAN_POINT ( 'NONE',  ( 0.5292200764911784100, 2.100000000001498000, 10.98754806368046600 ) ) ;
#1507 = LINE ( 'NONE', #2708, #544 ) ;
#1508 = DIRECTION ( 'NONE',  ( 0.7071067811865443500, 0.0000000000000000000, -0.7071067811865506800 ) ) ;
#1509 = EDGE_CURVE ( 'NONE', #3427, #1890, #4092, .T. ) ;
#1510 = CARTESIAN_POINT ( 'NONE',  ( 5.000000000000000000, 0.0000000000000000000, 0.0000000000000000000 ) ) ;
#1511 = ORIENTED_EDGE ( 'NONE', *, *, #4006, .F. ) ;
#1512 = CARTESIAN_POINT ( 'NONE',  ( 0.0000000000000000000, 6.400591189392937300, -11.00000000000000200 ) ) ;
#1513 = CARTESIAN_POINT ( 'NONE',  ( 5.337279788487988300, -2.500000000000008400, -0.09999997628065286600 ) ) ;
#1514 = EDGE_CURVE ( 'NONE', #482, #2209, #1327, .T. ) ;
#1515 = ORIENTED_EDGE ( 'NONE', *, *, #899, .F. ) ;
#1516 = DIRECTION ( 'NONE',  ( -0.7071067811865472400, 0.0000000000000000000, 0.7071067811865479100 ) ) ;
#1517 = LINE ( 'NONE', #4478, #4302 ) ;
#1518 = CARTESIAN_POINT ( 'NONE',  ( 5.000000000000000000, -4.949747468305832700, 0.0000000000000000000 ) ) ;
#1519 = PLANE ( 'NONE',  #164 ) ;
#1520 = AXIS2_PLACEMENT_3D ( 'NONE', #410, #2866, #1177 ) ;
#1521 = CARTESIAN_POINT ( 'NONE',  ( 5.331976404784034800, -2.000000000000000000, -0.1916666666666665700 ) ) ;
#1522 = DIRECTION ( 'NONE',  ( 0.0000000000000000000, 0.0000000000000000000, -1.000000000000000000 ) ) ;
#1523 = ORIENTED_EDGE ( 'NONE', *, *, #2775, .T. ) ;
#1524 = CARTESIAN_POINT ( 'NONE',  ( -4.599999999999999600, -13.89442718039230100, -0.02211432248042713100 ) ) ;
#1525 = CARTESIAN_POINT ( 'NONE',  ( -5.259807621135332000, -2.000000000000000000, -0.1499999999999998000 ) ) ;
#1526 = ADVANCED_FACE ( 'NONE', ( #2490 ), #3704, .F. ) ;
#1527 = ORIENTED_EDGE ( 'NONE', *, *, #756, .T. ) ;
#1528 = ORIENTED_EDGE ( 'NONE', *, *, #404, .T. ) ;
#1529 = CARTESIAN_POINT ( 'NONE',  ( 0.7500000000000000000, 1.700000000000000000, 10.27265788391689900 ) ) ;
#1530 = VERTEX_POINT ( 'NONE', #2149 ) ;
#1531 = CARTESIAN_POINT ( 'NONE',  ( -7.387099156879100900, -27.64995667241114700, -7.033545766285744300 ) ) ;
#1532 = DIRECTION ( 'NONE',  ( 0.0000000000000000000, 0.0000000000000000000, 1.000000000000000000 ) ) ;
#1533 = DIRECTION ( 'NONE',  ( 0.0000000000000000000, 0.0000000000000000000, 1.000000000000000000 ) ) ;
#1534 = ORIENTED_EDGE ( 'NONE', *, *, #4264, .T. ) ;
#1535 = CARTESIAN_POINT ( 'NONE',  ( -5.274241377865072500, -2.000000000000000000, -0.1583333333333334600 ) ) ;
#1536 = EDGE_CURVE ( 'NONE', #2673, #4179, #3979, .T. ) ;
#1537 = CARTESIAN_POINT ( 'NONE',  ( -5.000000000000000000, 0.0000000000000000000, 0.0000000000000000000 ) ) ;
#1538 = ORIENTED_EDGE ( 'NONE', *, *, #875, .F. ) ;
#1539 = DIRECTION ( 'NONE',  ( -3.088958970452706500E-016, -0.0000000000000000000, 1.000000000000000000 ) ) ;
#1540 = CARTESIAN_POINT ( 'NONE',  ( -5.337279788487988300, -2.500000000000000000, -0.09999997628065329700 ) ) ;
#1541 = VECTOR ( 'NONE', #2466, 1000.000000000000000 ) ;
#1542 = EDGE_CURVE ( 'NONE', #2065, #131, #2150, .T. ) ;
#1543 = ORIENTED_EDGE ( 'NONE', *, *, #4086, .F. ) ;
#1544 = LINE ( 'NONE', #3971, #1701 ) ;
#1545 = FACE_OUTER_BOUND ( 'NONE', #2132, .T. ) ;
#1546 = VERTEX_POINT ( 'NONE', #3366 ) ;
#1547 = ADVANCED_FACE ( 'NONE', ( #1620 ), #268, .T. ) ;
#1548 = ORIENTED_EDGE ( 'NONE', *, *, #3169, .F. ) ;
#1549 = AXIS2_PLACEMENT_3D ( 'NONE', #123, #1965, #2312 ) ;
#1550 = CIRCLE ( 'NONE', #3122, 11.00000000000000000 ) ;
#1551 = ORIENTED_EDGE ( 'NONE', *, *, #1295, .F. ) ;
#1552 = CARTESIAN_POINT ( 'NONE',  ( 7.952942202794572400, 7.664080173772339000, -7.599388812201216800 ) ) ;
#1553 = LINE ( 'NONE', #2971, #2194 ) ;
#1554 = DIRECTION ( 'NONE',  ( 0.0000000000000000000, 1.000000000000000000, 0.0000000000000000000 ) ) ;
#1555 = AXIS2_PLACEMENT_3D ( 'NONE', #4375, #1618, #4030 ) ;
#1556 = AXIS2_PLACEMENT_3D ( 'NONE', #1714, #3140, #3476 ) ;
#1557 = EDGE_LOOP ( 'NONE', ( #1809, #4272, #2541, #563 ) ) ;
#1558 = VECTOR ( 'NONE', #861, 1000.000000000000000 ) ;
#1559 = PLANE ( 'NONE',  #4488 ) ;
#1560 = ORIENTED_EDGE ( 'NONE', *, *, #1904, .F. ) ;
#1561 = LINE ( 'NONE', #4250, #1777 ) ;
#1562 = VERTEX_POINT ( 'NONE', #2988 ) ;
#1563 = DIRECTION ( 'NONE',  ( -0.7071067811865479100, -0.0000000000000000000, 0.7071067811865470200 ) ) ;
#1564 = B_SPLINE_SURFACE_WITH_KNOTS ( 'NONE', 3, 1, ( 
 ( #1036, #4468 ),
 ( #3803, #1745 ),
 ( #2066, #1411 ),
 ( #292, #3820 ),
 ( #1759, #4513 ),
 ( #3159, #1052 ),
 ( #3499, #1066 ),
 ( #2538, #1839 ),
 ( #2179, #3862 ),
 ( #2848, #2878 ) ),
 .UNSPECIFIED., .F., .F., .F.,
 ( 4, 2, 2, 2, 4 ),
 ( 2, 2 ),
 ( 0.0000000000000000000, 0.2499999999999998900, 0.5000000000000000000, 0.7499999999999998900, 1.000000000000000000 ),
 ( 0.0000000000000000000, 1.000000000000000000 ),
 .UNSPECIFIED. ) ;
#1565 = DIRECTION ( 'NONE',  ( -0.7071067811865443500, 0.0000000000000000000, 0.7071067811865506800 ) ) ;
#1566 = LINE ( 'NONE', #3878, #3618 ) ;
#1567 = DIRECTION ( 'NONE',  ( 0.0000000000000000000, 0.0000000000000000000, -1.000000000000000000 ) ) ;
#1568 = DIRECTION ( 'NONE',  ( 0.7071067811865443500, 0.0000000000000000000, -0.7071067811865506800 ) ) ;
#1569 = ORIENTED_EDGE ( 'NONE', *, *, #4071, .T. ) ;
#1570 = EDGE_CURVE ( 'NONE', #2209, #4103, #657, .T. ) ;
#1571 = CARTESIAN_POINT ( 'NONE',  ( -4.740192378864668900, -0.0000000000000000000, -0.1499999999999999700 ) ) ;
#1572 = CARTESIAN_POINT ( 'NONE',  ( -5.297728260117610300, -2.000000000000001300, -0.06479289940828389400 ) ) ;
#1573 = EDGE_LOOP ( 'NONE', ( #3426, #314, #1528, #1534, #3429 ) ) ;
#1574 = ADVANCED_FACE ( 'NONE', ( #4521 ), #1101, .T. ) ;
#1575 = VECTOR ( 'NONE', #1789, 1000.000000000000000 ) ;
#1576 = DIRECTION ( 'NONE',  ( 0.0000000000000000000, 0.0000000000000000000, -1.000000000000000000 ) ) ;
#1577 = DIRECTION ( 'NONE',  ( 0.0000000000000000000, 0.0000000000000000000, 1.000000000000000000 ) ) ;
#1578 = DIRECTION ( 'NONE',  ( 0.0000000000000000000, -1.000000000000000000, 0.0000000000000000000 ) ) ;
#1579 = LINE ( 'NONE', #305, #3737 ) ;
#1580 = EDGE_CURVE ( 'NONE', #3170, #3427, #3080, .T. ) ;
#1581 = ORIENTED_EDGE ( 'NONE', *, *, #61, .F. ) ;
#1582 = ORIENTED_EDGE ( 'NONE', *, *, #1227, .T. ) ;
#1583 = CARTESIAN_POINT ( 'NONE',  ( -0.4500000000000002300, 2.100000000000000100, 10.97440203382398500 ) ) ;
#1584 = DIRECTION ( 'NONE',  ( -0.7071067811865506800, 0.0000000000000000000, -0.7071067811865443500 ) ) ;
#1585 = AXIS2_PLACEMENT_3D ( 'NONE', #3446, #1737, #2073 ) ;
#1586 = AXIS2_PLACEMENT_3D ( 'NONE', #2263, #4470, #2778 ) ;
#1587 = ORIENTED_EDGE ( 'NONE', *, *, #3336, .F. ) ;
#1588 = DIRECTION ( 'NONE',  ( 0.7071067811865431300, 0.0000000000000000000, 0.7071067811865517900 ) ) ;
#1589 = CARTESIAN_POINT ( 'NONE',  ( 0.8000000000000008200, 1.700000000000000000, -10.26888504171704300 ) ) ;
#1590 = CARTESIAN_POINT ( 'NONE',  ( 0.0000000000000000000, 2.100000000000000100, 0.0000000000000000000 ) ) ;
#1591 = ORIENTED_EDGE ( 'NONE', *, *, #4260, .F. ) ;
#1592 = AXIS2_PLACEMENT_3D ( 'NONE', #1345, #3487, #2103 ) ;
#1593 = PLANE ( 'NONE',  #913 ) ;
#1594 = ORIENTED_EDGE ( 'NONE', *, *, #1654, .F. ) ;
#1595 = ADVANCED_FACE ( 'NONE', ( #3615 ), #3770, .T. ) ;
#1596 = CARTESIAN_POINT ( 'NONE',  ( 0.0000000000000000000, 2.199999999999999700, 0.0000000000000000000 ) ) ;
#1597 = ORIENTED_EDGE ( 'NONE', *, *, #1200, .F. ) ;
#1598 = EDGE_CURVE ( 'NONE', #2448, #865, #1561, .T. ) ;
#1599 = CARTESIAN_POINT ( 'NONE',  ( -5.166666666666667000, -2.499999999999999600, 0.1657856989664887600 ) ) ;
#1600 = FACE_OUTER_BOUND ( 'NONE', #2213, .T. ) ;
#1601 = CIRCLE ( 'NONE', #2375, 10.30000000000000200 ) ;
#1602 = ORIENTED_EDGE ( 'NONE', *, *, #3448, .T. ) ;
#1603 = CIRCLE ( 'NONE', #3939, 11.00000000000000000 ) ;
#1604 = EDGE_CURVE ( 'NONE', #408, #844, #2262, .T. ) ;
#1605 = LINE ( 'NONE', #4183, #480 ) ;
#1606 = ORIENTED_EDGE ( 'NONE', *, *, #2587, .F. ) ;
#1607 = DIRECTION ( 'NONE',  ( 0.0000000000000000000, -1.000000000000000000, 0.0000000000000000000 ) ) ;
#1608 = ORIENTED_EDGE ( 'NONE', *, *, #2556, .F. ) ;
#1609 = ORIENTED_EDGE ( 'NONE', *, *, #269, .T. ) ;
#1610 = DIRECTION ( 'NONE',  ( 0.7788565380022526300, 0.0000000000000000000, 0.6272021151201145900 ) ) ;
#1611 = LINE ( 'NONE', #4025, #1713 ) ;
#1612 = ORIENTED_EDGE ( 'NONE', *, *, #2107, .T. ) ;
#1613 = CARTESIAN_POINT ( 'NONE',  ( 2.974994778340319000, -6.500000000000000000, -2.395721068519753400 ) ) ;
#1614 = B_SPLINE_SURFACE_WITH_KNOTS ( 'NONE', 3, 1, ( 
 ( #2234, #1893 ),
 ( #4304, #1535 ),
 ( #3585, #118 ),
 ( #3919, #2568 ),
 ( #510, #4262 ),
 ( #3634, #93 ) ),
 .UNSPECIFIED., .F., .F., .F.,
 ( 4, 2, 4 ),
 ( 2, 2 ),
 ( 0.0000000000000000000, 0.5000000000000000000, 1.000000000000000000 ),
 ( 0.0000000000000000000, 1.000000000000000000 ),
 .UNSPECIFIED. ) ;
#1615 = CYLINDRICAL_SURFACE ( 'NONE', #3014, 0.5999999999999998700 ) ;
#1616 = CARTESIAN_POINT ( 'NONE',  ( 5.196746543284667100, -2.499999999999999600, 0.01316945138095625800 ) ) ;
#1617 = CARTESIAN_POINT ( 'NONE',  ( 7.952942202794572400, 1.700000000000000200, 7.599388812201216800 ) ) ;
#1618 = DIRECTION ( 'NONE',  ( 0.0000000000000000000, -1.000000000000000000, 0.0000000000000000000 ) ) ;
#1619 = AXIS2_PLACEMENT_3D ( 'NONE', #2589, #3314, #4528 ) ;
#1620 = FACE_OUTER_BOUND ( 'NONE', #2738, .T. ) ;
#1621 = AXIS2_PLACEMENT_3D ( 'NONE', #4399, #3348, #905 ) ;
#1622 = ADVANCED_FACE ( 'NONE', ( #3451 ), #4508, .F. ) ;
#1623 = ORIENTED_EDGE ( 'NONE', *, *, #2877, .F. ) ;
#1624 = CIRCLE ( 'NONE', #2679, 0.5999999999999998700 ) ;
#1625 = DIRECTION ( 'NONE',  ( 0.0000000000000000000, 0.0000000000000000000, -1.000000000000000000 ) ) ;
#1626 = CARTESIAN_POINT ( 'NONE',  ( -5.000000000000000000, -2.000000000000000000, 0.0000000000000000000 ) ) ;
#1627 = EDGE_CURVE ( 'NONE', #1362, #1397, #4197, .T. ) ;
#1628 = VERTEX_POINT ( 'NONE', #4101 ) ;
#1629 = DIRECTION ( 'NONE',  ( 0.0000000000000000000, 0.0000000000000000000, -1.000000000000000000 ) ) ;
#1630 = LINE ( 'NONE', #436, #1050 ) ;
#1631 = EDGE_LOOP ( 'NONE', ( #2776, #4164, #1743, #1689, #335 ) ) ;
#1632 = CARTESIAN_POINT ( 'NONE',  ( 0.0000000000000000000, 1.700000000000000000, 0.0000000000000000000 ) ) ;
#1633 = FACE_OUTER_BOUND ( 'NONE', #2733, .T. ) ;
#1634 = EDGE_CURVE ( 'NONE', #852, #1751, #2539, .T. ) ;
#1635 = DIRECTION ( 'NONE',  ( 0.0000000000000000000, 0.0000000000000000000, -1.000000000000000000 ) ) ;
#1636 = ORIENTED_EDGE ( 'NONE', *, *, #373, .F. ) ;
#1637 =( LENGTH_UNIT ( ) NAMED_UNIT ( * ) SI_UNIT ( .MILLI., .METRE. ) );
#1638 = EDGE_CURVE ( 'NONE', #3746, #2001, #3351, .T. ) ;
#1639 = ORIENTED_EDGE ( 'NONE', *, *, #2969, .T. ) ;
#1640 = DIRECTION ( 'NONE',  ( -0.7788565380022500800, 0.0000000000000000000, 0.6272021151201179200 ) ) ;
#1641 = ORIENTED_EDGE ( 'NONE', *, *, #1020, .F. ) ;
#1642 = AXIS2_PLACEMENT_3D ( 'NONE', #2386, #3173, #4479 ) ;
#1643 = AXIS2_PLACEMENT_3D ( 'NONE', #1788, #2535, #778 ) ;
#1644 = CARTESIAN_POINT ( 'NONE',  ( -5.402437051541644700, -2.000000000000001300, 0.05562130177514789500 ) ) ;
#1645 = EDGE_LOOP ( 'NONE', ( #2185, #1915, #161, #354 ) ) ;
#1646 = CARTESIAN_POINT ( 'NONE',  ( 5.000000000000000000, -2.500000000000000000, 0.1716066501072230400 ) ) ;
#1647 = ORIENTED_EDGE ( 'NONE', *, *, #2566, .F. ) ;
#1648 = VERTEX_POINT ( 'NONE', #1668 ) ;
#1649 = ORIENTED_EDGE ( 'NONE', *, *, #4260, .T. ) ;
#1650 = VECTOR ( 'NONE', #4064, 1000.000000000000000 ) ;
#1651 = VERTEX_POINT ( 'NONE', #4446 ) ;
#1652 = VECTOR ( 'NONE', #1240, 1000.000000000000000 ) ;
#1653 = LINE ( 'NONE', #3762, #3802 ) ;
#1654 = EDGE_CURVE ( 'NONE', #1562, #1241, #991, .T. ) ;
#1655 = ORIENTED_EDGE ( 'NONE', *, *, #2342, .T. ) ;
#1656 = DIRECTION ( 'NONE',  ( 0.0000000000000000000, 0.0000000000000000000, 1.000000000000000000 ) ) ;
#1657 = EDGE_LOOP ( 'NONE', ( #703, #1063, #784, #1794, #1289 ) ) ;
#1658 = DIRECTION ( 'NONE',  ( 0.0000000000000000000, 1.000000000000000000, 0.0000000000000000000 ) ) ;
#1659 = VECTOR ( 'NONE', #2714, 1000.000000000000000 ) ;
#1660 = ORIENTED_EDGE ( 'NONE', *, *, #3626, .T. ) ;
#1661 = EDGE_CURVE ( 'NONE', #1867, #2634, #1833, .T. ) ;
#1662 = CARTESIAN_POINT ( 'NONE',  ( 7.599388812201220300, 1.700000000000000200, -7.952942202794568900 ) ) ;
#1663 = VERTEX_POINT ( 'NONE', #3764 ) ;
#1664 = DIRECTION ( 'NONE',  ( -0.0000000000000000000, -1.000000000000000000, -0.0000000000000000000 ) ) ;
#1665 = CARTESIAN_POINT ( 'NONE',  ( 0.0000000000000000000, -4.949747468305832700, 5.000000000000000000 ) ) ;
#1666 = VECTOR ( 'NONE', #833, 1000.000000000000000 ) ;
#1667 = B_SPLINE_SURFACE_WITH_KNOTS ( 'NONE', 3, 1, ( 
 ( #2381, #3136 ),
 ( #4461, #257 ),
 ( #1348, #969 ),
 ( #4128, #1710 ),
 ( #2760, #1367 ),
 ( #3120, #283 ),
 ( #4474, #3747 ),
 ( #2717, #3075 ),
 ( #1329, #4142 ),
 ( #2430, #1690 ) ),
 .UNSPECIFIED., .F., .F., .F.,
 ( 4, 2, 2, 2, 4 ),
 ( 2, 2 ),
 ( 0.0000000000000000000, 0.2500000000000001100, 0.5000000000000000000, 0.7500000000000001100, 1.000000000000000000 ),
 ( 0.0000000000000000000, 1.000000000000000000 ),
 .UNSPECIFIED. ) ;
#1668 = CARTESIAN_POINT ( 'NONE',  ( 7.347880794884117800E-017, 0.0000000000000000000, -5.599999999999999600 ) ) ;
#1669 = VECTOR ( 'NONE', #1130, 1000.000000000000000 ) ;
#1670 = DIRECTION ( 'NONE',  ( -0.0000000000000000000, 1.000000000000000000, -0.0000000000000000000 ) ) ;
#1671 = CARTESIAN_POINT ( 'NONE',  ( -5.000000000000000000, 0.0000000000000000000, 0.0000000000000000000 ) ) ;
#1672 = AXIS2_PLACEMENT_3D ( 'NONE', #3676, #4344, #186 ) ;
#1673 = LINE ( 'NONE', #1852, #721 ) ;
#1674 = EDGE_LOOP ( 'NONE', ( #4229, #1953, #4054, #4436, #4076, #2567 ) ) ;
#1675 = CARTESIAN_POINT ( 'NONE',  ( 0.0000000000000000000, 1.200000000000000000, 0.0000000000000000000 ) ) ;
#1676 = LINE ( 'NONE', #2037, #4531 ) ;
#1677 = DIRECTION ( 'NONE',  ( -0.7788565380022500800, 0.0000000000000000000, -0.6272021151201179200 ) ) ;
#1678 = EDGE_CURVE ( 'NONE', #2625, #2924, #1451, .T. ) ;
#1679 = FACE_OUTER_BOUND ( 'NONE', #3545, .T. ) ;
#1680 = CARTESIAN_POINT ( 'NONE',  ( 0.0000000000000000000, 8.200000000000001100, 0.0000000000000000000 ) ) ;
#1681 = CARTESIAN_POINT ( 'NONE',  ( -4.599999999999999600, -5.807179676972451100, -0.02211432248042705800 ) ) ;
#1682 = ORIENTED_EDGE ( 'NONE', *, *, #3106, .T. ) ;
#1683 = EDGE_CURVE ( 'NONE', #539, #1296, #4464, .T. ) ;
#1684 = CARTESIAN_POINT ( 'NONE',  ( 4.769059892324148300, -1.999999999999999600, 0.1999999999999998400 ) ) ;
#1685 = VERTEX_POINT ( 'NONE', #1978 ) ;
#1686 = ORIENTED_EDGE ( 'NONE', *, *, #325, .T. ) ;
#1687 = CARTESIAN_POINT ( 'NONE',  ( 0.0000000000000000000, 2.100000000000000100, -11.00000000000000200 ) ) ;
#1688 = EDGE_CURVE ( 'NONE', #570, #3859, #154, .T. ) ;
#1689 = ORIENTED_EDGE ( 'NONE', *, *, #4249, .T. ) ;
#1690 = CARTESIAN_POINT ( 'NONE',  ( -5.000000000000000000, -2.000000000000000000, 0.2999999999999999300 ) ) ;
#1691 = VERTEX_POINT ( 'NONE', #2350 ) ;
#1692 = CARTESIAN_POINT ( 'NONE',  ( 5.309173139447324300, -2.499999999999999600, -0.07736609074833217200 ) ) ;
#1693 = AXIS2_PLACEMENT_3D ( 'NONE', #3417, #4443, #2048 ) ;
#1694 = AXIS2_PLACEMENT_3D ( 'NONE', #820, #2968, #846 ) ;
#1695 = CARTESIAN_POINT ( 'NONE',  ( -5.000000000000000000, -13.89442718039230100, 0.1716066501072230900 ) ) ;
#1696 = CARTESIAN_POINT ( 'NONE',  ( 0.0000000000000000000, 2.199999999999999700, -10.30000000000000600 ) ) ;
#1697 = CARTESIAN_POINT ( 'NONE',  ( 4.775146807674667900, -2.499999999999999600, -0.009464434151365885800 ) ) ;
#1698 = ORIENTED_EDGE ( 'NONE', *, *, #1486, .F. ) ;
#1699 = ADVANCED_FACE ( 'NONE', ( #1722 ), #4246, .F. ) ;
#1700 = ORIENTED_EDGE ( 'NONE', *, *, #4269, .F. ) ;
#1701 = VECTOR ( 'NONE', #97, 1000.000000000000000 ) ;
#1702 = DIRECTION ( 'NONE',  ( 0.0000000000000000000, 0.0000000000000000000, -1.000000000000000000 ) ) ;
#1703 = LINE ( 'NONE', #2169, #3909 ) ;
#1704 = ORIENTED_EDGE ( 'NONE', *, *, #1580, .T. ) ;
#1705 = CARTESIAN_POINT ( 'NONE',  ( 7.599388812201220300, 1.700000000000000200, 7.952942202794568900 ) ) ;
#1706 = ORIENTED_EDGE ( 'NONE', *, *, #4421, .F. ) ;
#1707 = CARTESIAN_POINT ( 'NONE',  ( -7.033545766285747900, 1.700000000000000200, -7.387099156879095600 ) ) ;
#1708 = VECTOR ( 'NONE', #2051, 1000.000000000000000 ) ;
#1709 = VECTOR ( 'NONE', #2532, 1000.000000000000100 ) ;
#1710 = CARTESIAN_POINT ( 'NONE',  ( -4.698172211343766900, -1.999999999999999600, 0.04171597633136073200 ) ) ;
#1711 = EDGE_LOOP ( 'NONE', ( #65, #955, #974, #405 ) ) ;
#1712 = ORIENTED_EDGE ( 'NONE', *, *, #1423, .F. ) ;
#1713 = VECTOR ( 'NONE', #3035, 1000.000000000000000 ) ;
#1714 = CARTESIAN_POINT ( 'NONE',  ( 5.000000000000000000, 0.2499999999999958900, 0.0000000000000000000 ) ) ;
#1715 = EDGE_CURVE ( 'NONE', #2703, #1691, #2855, .T. ) ;
#1716 = ORIENTED_EDGE ( 'NONE', *, *, #4245, .F. ) ;
#1717 = DIRECTION ( 'NONE',  ( 0.0000000000000000000, -1.000000000000000000, 0.0000000000000000000 ) ) ;
#1718 = DIRECTION ( 'NONE',  ( -1.112560217688397700E-016, 0.0000000000000000000, 1.000000000000000000 ) ) ;
#1719 = CARTESIAN_POINT ( 'NONE',  ( 0.0000000000000000000, -27.64995667241114700, 0.0000000000000000000 ) ) ;
#1720 = FACE_OUTER_BOUND ( 'NONE', #1378, .T. ) ;
#1721 = EDGE_CURVE ( 'NONE', #4135, #2611, #1929, .T. ) ;
#1722 = FACE_OUTER_BOUND ( 'NONE', #4185, .T. ) ;
#1723 = CARTESIAN_POINT ( 'NONE',  ( 7.987413379747872400, 2.199999999999999700, 7.563149311036023700 ) ) ;
#1724 = CARTESIAN_POINT ( 'NONE',  ( 5.033333333333334100, -2.499999999999999600, 0.2731571397932975300 ) ) ;
#1725 = ADVANCED_FACE ( 'NONE', ( #4354 ), #3719, .F. ) ;
#1726 = AXIS2_PLACEMENT_3D ( 'NONE', #2949, #1219, #1183 ) ;
#1727 = VECTOR ( 'NONE', #2436, 999.9999999999998900 ) ;
#1728 = AXIS2_PLACEMENT_3D ( 'NONE', #474, #4300, #4268 ) ;
#1729 = CARTESIAN_POINT ( 'NONE',  ( 4.662720211512012500, -2.500000000000004000, -0.09999997628065304700 ) ) ;
#1730 = DIRECTION ( 'NONE',  ( 0.0000000000000000000, 0.0000000000000000000, -1.000000000000000000 ) ) ;
#1731 = EDGE_LOOP ( 'NONE', ( #1817, #4494, #3115, #4376 ) ) ;
#1732 = PRODUCT_DEFINITION ( 'UNKNOWN', '', #1010, #3454 ) ;
#1733 = VECTOR ( 'NONE', #207, 1000.000000000000000 ) ;
#1734 = DIRECTION ( 'NONE',  ( 0.0000000000000000000, -0.0000000000000000000, 1.000000000000000000 ) ) ;
#1735 = ORIENTED_EDGE ( 'NONE', *, *, #2675, .F. ) ;
#1736 = VERTEX_POINT ( 'NONE', #4090 ) ;
#1737 = DIRECTION ( 'NONE',  ( -0.0000000000000000000, 1.000000000000000000, -0.0000000000000000000 ) ) ;
#1738 = EDGE_CURVE ( 'NONE', #3834, #2479, #1507, .T. ) ;
#1739 = B_SPLINE_CURVE_WITH_KNOTS ( 'NONE', 3,
 ( #4001, #2593, #3653, #1169, #458, #4313 ),
 .UNSPECIFIED., .F., .F.,
 ( 4, 2, 4 ),
 ( 0.0000000000000000000, 0.0002345114892081646900, 0.0004690229784163293800 ),
 .UNSPECIFIED. ) ;
#1740 = CARTESIAN_POINT ( 'NONE',  ( -7.387099156879100900, 1.199999999999999700, 7.033545766285744300 ) ) ;
#1741 = ORIENTED_EDGE ( 'NONE', *, *, #4107, .F. ) ;
#1742 = DIRECTION ( 'NONE',  ( 0.7788565380022526300, 0.0000000000000000000, 0.6272021151201147000 ) ) ;
#1743 = ORIENTED_EDGE ( 'NONE', *, *, #4427, .F. ) ;
#1744 = EDGE_CURVE ( 'NONE', #844, #1851, #876, .T. ) ;
#1745 = CARTESIAN_POINT ( 'NONE',  ( 4.942264973081038600, -2.000000000000000400, 0.4000000000000001300 ) ) ;
#1746 = ORIENTED_EDGE ( 'NONE', *, *, #1104, .T. ) ;
#1747 = ORIENTED_EDGE ( 'NONE', *, *, #847, .F. ) ;
#1748 = DIRECTION ( 'NONE',  ( 0.0000000000000000000, 0.0000000000000000000, 1.000000000000000000 ) ) ;
#1749 = AXIS2_PLACEMENT_3D ( 'NONE', #1195, #3689, #3010 ) ;
#1750 = ADVANCED_FACE ( 'NONE', ( #2970 ), #4074, .F. ) ;
#1751 = VERTEX_POINT ( 'NONE', #227 ) ;
#1752 = CARTESIAN_POINT ( 'NONE',  ( -0.7500000000000001100, -27.64995667241114700, 10.17238909991158600 ) ) ;
#1753 = CARTESIAN_POINT ( 'NONE',  ( -0.7500000000011664000, 1.879291426739482500, 10.97440203382458000 ) ) ;
#1754 = VERTEX_POINT ( 'NONE', #4491 ) ;
#1755 = AXIS2_PLACEMENT_3D ( 'NONE', #1894, #453, #4294 ) ;
#1756 = LINE ( 'NONE', #2896, #135 ) ;
#1757 = FILL_AREA_STYLE ('',( #3479 ) ) ;
#1758 = CIRCLE ( 'NONE', #2488, 0.3999999999999999700 ) ;
#1759 = CARTESIAN_POINT ( 'NONE',  ( 4.833333333333333900, -2.499999999999999600, 0.1657856989664883200 ) ) ;
#1760 = EDGE_LOOP ( 'NONE', ( #3729, #3126, #3791, #2313 ) ) ;
#1761 = VERTEX_POINT ( 'NONE', #3829 ) ;
#1762 = FACE_OUTER_BOUND ( 'NONE', #931, .T. ) ;
#1763 = EDGE_CURVE ( 'NONE', #1221, #1736, #664, .T. ) ;
#1764 = DIRECTION ( 'NONE',  ( -0.0000000000000000000, 1.000000000000000000, -0.0000000000000000000 ) ) ;
#1765 = ORIENTED_EDGE ( 'NONE', *, *, #3022, .T. ) ;
#1766 = DIRECTION ( 'NONE',  ( -0.0000000000000000000, -1.000000000000000000, -0.0000000000000000000 ) ) ;
#1767 = FACE_OUTER_BOUND ( 'NONE', #3110, .T. ) ;
#1768 = DIRECTION ( 'NONE',  ( 0.0000000000000000000, 0.0000000000000000000, -1.000000000000000000 ) ) ;
#1769 = ORIENTED_EDGE ( 'NONE', *, *, #2812, .F. ) ;
#1770 = CARTESIAN_POINT ( 'NONE',  ( -5.000000000000000000, 0.0000000000000000000, 0.0000000000000000000 ) ) ;
#1771 = DIRECTION ( 'NONE',  ( 0.0000000000000000000, 0.0000000000000000000, 1.000000000000000000 ) ) ;
#1772 = EDGE_CURVE ( 'NONE', #2105, #1842, #3501, .T. ) ;
#1773 = LINE ( 'NONE', #2936, #1666 ) ;
#1774 = CARTESIAN_POINT ( 'NONE',  ( 0.0000000000000000000, 1.700000000000000000, 0.0000000000000000000 ) ) ;
#1775 = DIRECTION ( 'NONE',  ( -0.0000000000000000000, -1.000000000000000000, -0.0000000000000000000 ) ) ;
#1776 = ADVANCED_FACE ( 'NONE', ( #3298 ), #2084, .T. ) ;
#1777 = VECTOR ( 'NONE', #91, 1000.000000000000200 ) ;
#1778 = AXIS2_PLACEMENT_3D ( 'NONE', #4346, #2293, #3015 ) ;
#1779 = CARTESIAN_POINT ( 'NONE',  ( -4.599999999999999600, -13.89442718039230100, -0.02211432248042713100 ) ) ;
#1780 = PRESENTATION_STYLE_ASSIGNMENT (( #2571 ) ) ;
#1781 = VERTEX_POINT ( 'NONE', #333 ) ;
#1782 = CARTESIAN_POINT ( 'NONE',  ( 5.000000000000000000, 0.2499999999999958900, 1.750000000000000000 ) ) ;
#1783 = EDGE_LOOP ( 'NONE', ( #1204, #3375, #3104, #3740, #3600, #1548 ) ) ;
#1784 = AXIS2_PLACEMENT_3D ( 'NONE', #1879, #3299, #2942 ) ;
#1785 = AXIS2_PLACEMENT_3D ( 'NONE', #3580, #4247, #402 ) ;
#1786 = LINE ( 'NONE', #4525, #4423 ) ;
#1787 = CARTESIAN_POINT ( 'NONE',  ( 0.7173509165788898300, 1.956981416452917300, -10.97672457604045200 ) ) ;
#1788 = CARTESIAN_POINT ( 'NONE',  ( 4.662720211512012500, -13.89442718039230100, -0.09999997628065304700 ) ) ;
#1789 = DIRECTION ( 'NONE',  ( -0.0000000000000000000, 1.000000000000000000, -0.0000000000000000000 ) ) ;
#1790 = CARTESIAN_POINT ( 'NONE',  ( -5.346410161513775300, -0.0000000000000000000, -0.1999999999999997600 ) ) ;
#1791 = CARTESIAN_POINT ( 'NONE',  ( -4.682457351945704900, -2.000000000000000000, -0.1833333333333340700 ) ) ;
#1792 = VECTOR ( 'NONE', #3541, 1000.000000000000100 ) ;
#1793 = APPLICATION_PROTOCOL_DEFINITION ( 'draft international standard', 'automotive_design', 1998, #3223 ) ;
#1794 = ORIENTED_EDGE ( 'NONE', *, *, #2540, .F. ) ;
#1795 = CARTESIAN_POINT ( 'NONE',  ( -7.599388812201220300, 1.700000000000000200, 7.952942202794568900 ) ) ;
#1796 = CARTESIAN_POINT ( 'NONE',  ( -0.8000000000000002700, 1.200000000000000000, 10.26888504171704300 ) ) ;
#1797 = ADVANCED_FACE ( 'NONE', ( #3718 ), #4157, .F. ) ;
#1798 = ORIENTED_EDGE ( 'NONE', *, *, #2829, .F. ) ;
#1799 = EDGE_CURVE ( 'NONE', #574, #1362, #3612, .T. ) ;
#1800 = ORIENTED_EDGE ( 'NONE', *, *, #571, .T. ) ;
#1801 = DIRECTION ( 'NONE',  ( 0.4999999999999983300, 0.0000000000000000000, 0.8660254037844396000 ) ) ;
#1802 = DIRECTION ( 'NONE',  ( -0.6272021151201170300, 0.0000000000000000000, 0.7788565380022507400 ) ) ;
#1803 = DIRECTION ( 'NONE',  ( 0.0000000000000000000, 0.0000000000000000000, 1.000000000000000000 ) ) ;
#1804 = CARTESIAN_POINT ( 'NONE',  ( -0.4500000000000002900, 2.100000000000000100, -10.29016520761450700 ) ) ;
#1805 = EDGE_CURVE ( 'NONE', #1546, #845, #3076, .T. ) ;
#1806 = DIRECTION ( 'NONE',  ( 0.0000000000000000000, -1.000000000000000000, 0.0000000000000000000 ) ) ;
#1807 = ORIENTED_EDGE ( 'NONE', *, *, #1909, .T. ) ;
#1808 = CARTESIAN_POINT ( 'NONE',  ( 5.000000000000000000, -13.89442718039230100, 0.1716066501072230900 ) ) ;
#1809 = ORIENTED_EDGE ( 'NONE', *, *, #3950, .F. ) ;
#1810 = CARTESIAN_POINT ( 'NONE',  ( -5.346410161513775300, -2.000000000000000000, -0.1999999999999997100 ) ) ;
#1811 = DIRECTION ( 'NONE',  ( 0.7071067811865519000, -0.0000000000000000000, 0.7071067811865431300 ) ) ;
#1812 = AXIS2_PLACEMENT_3D ( 'NONE', #3706, #4339, #2672 ) ;
#1813 = LINE ( 'NONE', #3956, #1079 ) ;
#1814 = CARTESIAN_POINT ( 'NONE',  ( 0.0000000000000000000, 1.700000000000000000, 0.0000000000000000000 ) ) ;
#1815 = VECTOR ( 'NONE', #2916, 1000.000000000000000 ) ;
#1816 = DIRECTION ( 'NONE',  ( 0.0000000000000000000, -1.000000000000000000, 0.0000000000000000000 ) ) ;
#1817 = ORIENTED_EDGE ( 'NONE', *, *, #325, .F. ) ;
#1818 = DIRECTION ( 'NONE',  ( 0.0000000000000000000, 1.000000000000000000, 0.0000000000000000000 ) ) ;
#1819 = EDGE_LOOP ( 'NONE', ( #3388, #454, #1800, #3265 ) ) ;
#1820 = FACE_OUTER_BOUND ( 'NONE', #886, .T. ) ;
#1821 = DIRECTION ( 'NONE',  ( -0.0000000000000000000, -1.000000000000000000, -0.0000000000000000000 ) ) ;
#1822 = VECTOR ( 'NONE', #4224, 1000.000000000000000 ) ;
#1823 = ORIENTED_EDGE ( 'NONE', *, *, #997, .F. ) ;
#1824 = ADVANCED_FACE ( 'NONE', ( #4031 ), #3131, .T. ) ;
#1825 = DIRECTION ( 'NONE',  ( 0.0000000000000000000, -0.0000000000000000000, 1.000000000000000000 ) ) ;
#1826 = LINE ( 'NONE', #3308, #2077 ) ;
#1827 = VERTEX_POINT ( 'NONE', #2091 ) ;
#1828 = VECTOR ( 'NONE', #889, 1000.000000000000000 ) ;
#1829 = EDGE_CURVE ( 'NONE', #3942, #285, #4516, .T. ) ;
#1830 = CARTESIAN_POINT ( 'NONE',  ( 0.0000000000000000000, 1.700000000000000000, 0.0000000000000000000 ) ) ;
#1831 = CARTESIAN_POINT ( 'NONE',  ( -7.563149311035939300, 1.200000000000000000, -7.987413379747954100 ) ) ;
#1832 = DIRECTION ( 'NONE',  ( -0.0000000000000000000, -1.000000000000000000, -0.0000000000000000000 ) ) ;
#1833 = LINE ( 'NONE', #3049, #385 ) ;
#1834 = CARTESIAN_POINT ( 'NONE',  ( -4.866666666666667100, -2.499999999999999600, 0.1926285591731905800 ) ) ;
#1835 = EDGE_CURVE ( 'NONE', #1232, #4115, #3190, .T. ) ;
#1836 = CARTESIAN_POINT ( 'NONE',  ( -0.7999999999999962700, 2.199999999999999700, -10.97087052152198400 ) ) ;
#1837 = COLOUR_RGB ( '',0.7921568627450980000, 0.8196078431372548800, 0.9333333333333333500 ) ;
#1838 = CARTESIAN_POINT ( 'NONE',  ( -7.492241923636447300, 2.199999999999999700, 7.067977854924594200 ) ) ;
#1839 = CARTESIAN_POINT ( 'NONE',  ( 4.603028986509856100, -2.000000000000000900, -0.08639053254437849300 ) ) ;
#1840 = VERTEX_POINT ( 'NONE', #1436 ) ;
#1841 = EDGE_CURVE ( 'NONE', #1736, #4220, #1983, .T. ) ;
#1842 = VERTEX_POINT ( 'NONE', #348 ) ;
#1843 = DIRECTION ( 'NONE',  ( -0.0000000000000000000, 1.000000000000000000, -0.0000000000000000000 ) ) ;
#1844 = ADVANCED_FACE ( 'NONE', ( #4088 ), #4411, .T. ) ;
#1845 = LINE ( 'NONE', #1455, #3312 ) ;
#1846 = AXIS2_PLACEMENT_3D ( 'NONE', #2715, #3445, #2757 ) ;
#1847 = ORIENTED_EDGE ( 'NONE', *, *, #94, .F. ) ;
#1848 = CARTESIAN_POINT ( 'NONE',  ( 0.0000000000000000000, 1.200000000000000000, 0.0000000000000000000 ) ) ;
#1849 = EDGE_LOOP ( 'NONE', ( #3897, #3480, #4417, #3560 ) ) ;
#1850 = EDGE_CURVE ( 'NONE', #2224, #3235, #1389, .T. ) ;
#1851 = VERTEX_POINT ( 'NONE', #1740 ) ;
#1852 = CARTESIAN_POINT ( 'NONE',  ( -5.337279788487988300, -2.500000000000000400, -0.09999997628065321300 ) ) ;
#1853 = ORIENTED_EDGE ( 'NONE', *, *, #3527, .F. ) ;
#1854 = CARTESIAN_POINT ( 'NONE',  ( 7.563149311035942000, 2.199999999999999700, 7.987413379747950500 ) ) ;
#1855 = EDGE_CURVE ( 'NONE', #4267, #4241, #1325, .T. ) ;
#1856 = DIRECTION ( 'NONE',  ( 0.0000000000000000000, 0.0000000000000000000, 1.000000000000000000 ) ) ;
#1857 = ORIENTED_EDGE ( 'NONE', *, *, #3766, .T. ) ;
#1858 = ADVANCED_FACE ( 'NONE', ( #599 ), #52, .T. ) ;
#1859 = EDGE_CURVE ( 'NONE', #2156, #1651, #378, .T. ) ;
#1860 = DIRECTION ( 'NONE',  ( -0.6745095478135489900, 0.5000000000000017800, 0.5431729650013520400 ) ) ;
#1861 = FACE_OUTER_BOUND ( 'NONE', #1034, .T. ) ;
#1862 = CARTESIAN_POINT ( 'NONE',  ( 0.4500000000000002900, 2.100000000000000100, -10.29016520761450700 ) ) ;
#1863 = ORIENTED_EDGE ( 'NONE', *, *, #2017, .F. ) ;
#1864 = CARTESIAN_POINT ( 'NONE',  ( 0.0000000000000000000, 2.199999999999999700, 0.0000000000000000000 ) ) ;
#1865 = CIRCLE ( 'NONE', #1371, 10.30000000000000200 ) ;
#1866 = FACE_OUTER_BOUND ( 'NONE', #2718, .T. ) ;
#1867 = VERTEX_POINT ( 'NONE', #1129 ) ;
#1868 = CARTESIAN_POINT ( 'NONE',  ( -0.7500000000000004400, 1.879289533778313800, -10.97440203382398500 ) ) ;
#1869 = AXIS2_PLACEMENT_3D ( 'NONE', #749, #2162, #3209 ) ;
#1870 = ORIENTED_EDGE ( 'NONE', *, *, #4477, .T. ) ;
#1871 = VECTOR ( 'NONE', #1876, 1000.000000000000000 ) ;
#1872 = ORIENTED_EDGE ( 'NONE', *, *, #3112, .T. ) ;
#1873 = CYLINDRICAL_SURFACE ( 'NONE', #1621, 10.20000000000000300 ) ;
#1874 = EDGE_CURVE ( 'NONE', #3329, #3224, #2795, .T. ) ;
#1875 = EDGE_LOOP ( 'NONE', ( #2092, #422, #1551, #3000 ) ) ;
#1876 = DIRECTION ( 'NONE',  ( -1.112560217688397700E-016, 0.0000000000000000000, 1.000000000000000000 ) ) ;
#1877 = VECTOR ( 'NONE', #2794, 1000.000000000000000 ) ;
#1878 = CARTESIAN_POINT ( 'NONE',  ( -5.000000000000000900, -13.89442718039230100, 0.2999999999999997700 ) ) ;
#1879 = CARTESIAN_POINT ( 'NONE',  ( -0.4500000000000002300, 1.800000000000000500, -10.97440203382398500 ) ) ;
#1880 = EDGE_CURVE ( 'NONE', #2634, #137, #3815, .T. ) ;
#1881 = CARTESIAN_POINT ( 'NONE',  ( -7.563149311035942000, 2.199999999999999700, 7.987413379747950500 ) ) ;
#1882 = CARTESIAN_POINT ( 'NONE',  ( 7.347880794884117800E-017, 1.199999999999999700, -5.599999999999999600 ) ) ;
#1883 = VECTOR ( 'NONE', #3195, 1000.000000000000000 ) ;
#1884 = ADVANCED_FACE ( 'NONE', ( #3402 ), #4191, .F. ) ;
#1885 = DIRECTION ( 'NONE',  ( 0.0000000000000000000, 0.0000000000000000000, 1.000000000000000000 ) ) ;
#1886 = VERTEX_POINT ( 'NONE', #3249 ) ;
#1887 = FACE_OUTER_BOUND ( 'NONE', #1068, .T. ) ;
#1888 = DIRECTION ( 'NONE',  ( -0.0000000000000000000, 1.000000000000000000, -0.0000000000000000000 ) ) ;
#1889 = EDGE_CURVE ( 'NONE', #3170, #1495, #824, .T. ) ;
#1890 = VERTEX_POINT ( 'NONE', #730 ) ;
#1891 = VERTEX_POINT ( 'NONE', #3189 ) ;
#1892 = CYLINDRICAL_SURFACE ( 'NONE', #2913, 1.750000000000000000 ) ;
#1893 = CARTESIAN_POINT ( 'NONE',  ( -5.259807621135332000, -2.000000000000000000, -0.1499999999999998300 ) ) ;
#1894 = CARTESIAN_POINT ( 'NONE',  ( 5.000000000000000000, -2.000000000000000000, 0.0000000000000000000 ) ) ;
#1895 = FACE_OUTER_BOUND ( 'NONE', #2503, .T. ) ;
#1896 = CARTESIAN_POINT ( 'NONE',  ( -5.337279788487988300, -2.500000000000008400, -0.09999997628065286600 ) ) ;
#1897 = CARTESIAN_POINT ( 'NONE',  ( -0.7500000000000001100, 1.199999999999999700, 10.17238909991158600 ) ) ;
#1898 = ORIENTED_EDGE ( 'NONE', *, *, #2754, .F. ) ;
#1899 = EDGE_LOOP ( 'NONE', ( #1046, #4106, #4422, #236 ) ) ;
#1900 = DIRECTION ( 'NONE',  ( 0.0000000000000000000, -0.0000000000000000000, 1.000000000000000000 ) ) ;
#1901 = ADVANCED_FACE ( 'NONE', ( #3768 ), #713, .T. ) ;
#1902 = ORIENTED_EDGE ( 'NONE', *, *, #808, .T. ) ;
#1903 = CARTESIAN_POINT ( 'NONE',  ( 0.8000000000000008200, 2.199999999999999700, -10.26888504171704700 ) ) ;
#1904 = EDGE_CURVE ( 'NONE', #1495, #2001, #2592, .T. ) ;
#1905 = EDGE_LOOP ( 'NONE', ( #559, #2461, #3714, #1391, #1265 ) ) ;
#1906 = CARTESIAN_POINT ( 'NONE',  ( 5.000000000000000000, -2.000000000000000000, 0.3999999999999999700 ) ) ;
#1907 = CARTESIAN_POINT ( 'NONE',  ( -5.092751833186380100, -2.000000000000000400, 0.2902366863905325700 ) ) ;
#1908 = DIRECTION ( 'NONE',  ( 0.0000000000000000000, -1.000000000000000000, 0.0000000000000000000 ) ) ;
#1909 = EDGE_CURVE ( 'NONE', #1851, #4155, #1270, .T. ) ;
#1910 = ORIENTED_EDGE ( 'NONE', *, *, #2145, .T. ) ;
#1911 = CIRCLE ( 'NONE', #1497, 10.30000000000000200 ) ;
#1912 = DIRECTION ( 'NONE',  ( -0.0000000000000000000, 1.000000000000000000, -0.0000000000000000000 ) ) ;
#1913 = CIRCLE ( 'NONE', #2823, 0.5999999999999998700 ) ;
#1914 = ORIENTED_EDGE ( 'NONE', *, *, #3869, .T. ) ;
#1915 = ORIENTED_EDGE ( 'NONE', *, *, #373, .T. ) ;
#1916 = LINE ( 'NONE', #4353, #2731 ) ;
#1917 = VECTOR ( 'NONE', #2872, 1000.000000000000100 ) ;
#1918 = VERTEX_POINT ( 'NONE', #3219 ) ;
#1919 = VERTEX_POINT ( 'NONE', #4204 ) ;
#1920 = VECTOR ( 'NONE', #576, 999.9999999999998900 ) ;
#1921 = DIRECTION ( 'NONE',  ( 1.112560217688397700E-016, -0.0000000000000000000, -1.000000000000000000 ) ) ;
#1922 = AXIS2_PLACEMENT_3D ( 'NONE', #1148, #3283, #1522 ) ;
#1923 = MECHANICAL_DESIGN_GEOMETRIC_PRESENTATION_REPRESENTATION (  '', ( #3575 ), #2658 ) ;
#1924 = ADVANCED_FACE ( 'NONE', ( #491 ), #3977, .F. ) ;
#1925 = VERTEX_POINT ( 'NONE', #1113 ) ;
#1926 = PLANE ( 'NONE',  #103 ) ;
#1927 = LINE ( 'NONE', #505, #1446 ) ;
#1928 = DIRECTION ( 'NONE',  ( 0.0000000000000000000, 0.0000000000000000000, 1.000000000000000000 ) ) ;
#1929 = LINE ( 'NONE', #4389, #775 ) ;
#1930 = EDGE_CURVE ( 'NONE', #2953, #834, #4291, .T. ) ;
#1931 = CARTESIAN_POINT ( 'NONE',  ( 0.7500000000000002200, 1.800000000000000000, 10.27265788391690100 ) ) ;
#1932 = DIRECTION ( 'NONE',  ( 0.0000000000000000000, 0.0000000000000000000, -1.000000000000000000 ) ) ;
#1933 = FACE_OUTER_BOUND ( 'NONE', #119, .T. ) ;
#1934 = CARTESIAN_POINT ( 'NONE',  ( -7.067977854924515100, 2.199999999999999700, -7.492241923636524500 ) ) ;
#1935 = CARTESIAN_POINT ( 'NONE',  ( -5.307920143567800500, -2.000000000000000000, 0.2666666666666665000 ) ) ;
#1936 = EDGE_CURVE ( 'NONE', #4082, #3756, #267, .T. ) ;
#1937 = CARTESIAN_POINT ( 'NONE',  ( 0.7500000000000001100, -27.64995667241114700, -10.17238909991158600 ) ) ;
#1938 = VECTOR ( 'NONE', #3243, 1000.000000000000000 ) ;
#1939 = PLANE ( 'NONE',  #2938 ) ;
#1940 = CARTESIAN_POINT ( 'NONE',  ( 0.7500000000000001100, 1.879297566199156200, -10.27265788391690300 ) ) ;
#1941 = DIRECTION ( 'NONE',  ( 0.0000000000000000000, -1.000000000000000000, 0.0000000000000000000 ) ) ;
#1942 = FACE_OUTER_BOUND ( 'NONE', #3910, .T. ) ;
#1943 = EDGE_CURVE ( 'NONE', #523, #2990, #3865, .T. ) ;
#1944 = ADVANCED_FACE ( 'NONE', ( #3030, #2695 ), #2253, .T. ) ;
#1945 = ORIENTED_EDGE ( 'NONE', *, *, #1990, .T. ) ;
#1946 = DIRECTION ( 'NONE',  ( -0.0000000000000000000, -1.000000000000000000, -0.0000000000000000000 ) ) ;
#1947 = DIRECTION ( 'NONE',  ( 0.0000000000000000000, 0.0000000000000000000, -1.000000000000000000 ) ) ;
#1948 = AXIS2_PLACEMENT_3D ( 'NONE', #4053, #1985, #2343 ) ;
#1949 = CARTESIAN_POINT ( 'NONE',  ( 7.952942202794572400, 1.700000000000000200, -7.599388812201216800 ) ) ;
#1950 = EDGE_LOOP ( 'NONE', ( #3070, #593, #3587, #1569 ) ) ;
#1951 = ORIENTED_EDGE ( 'NONE', *, *, #4079, .T. ) ;
#1952 = CARTESIAN_POINT ( 'NONE',  ( 0.0000000000000000000, 46.31269837220808900, 0.0000000000000000000 ) ) ;
#1953 = ORIENTED_EDGE ( 'NONE', *, *, #156, .F. ) ;
#1954 = VERTEX_POINT ( 'NONE', #4258 ) ;
#1955 = CARTESIAN_POINT ( 'NONE',  ( 5.337279788487988300, -13.89442718039230100, -0.09999997628065321300 ) ) ;
#1956 = DIRECTION ( 'NONE',  ( 0.0000000000000000000, -1.000000000000000000, 0.0000000000000000000 ) ) ;
#1957 = EDGE_LOOP ( 'NONE', ( #3578, #2935, #3889, #1142 ) ) ;
#1958 = DIRECTION ( 'NONE',  ( 0.0000000000000000000, -1.000000000000000000, 0.0000000000000000000 ) ) ;
#1959 = EDGE_CURVE ( 'NONE', #7, #361, #2033, .T. ) ;
#1960 = ORIENTED_EDGE ( 'NONE', *, *, #1509, .F. ) ;
#1961 = CARTESIAN_POINT ( 'NONE',  ( -5.384900179459752000, -2.000000000000000400, 0.1333333333333331900 ) ) ;
#1962 = CIRCLE ( 'NONE', #3976, 11.00000000000000200 ) ;
#1963 = CARTESIAN_POINT ( 'NONE',  ( 7.563149311035939300, 2.199999999999999700, -7.987413379747954100 ) ) ;
#1964 = ORIENTED_EDGE ( 'NONE', *, *, #875, .T. ) ;
#1965 = DIRECTION ( 'NONE',  ( 0.0000000000000000000, 1.000000000000000000, 0.0000000000000000000 ) ) ;
#1966 = LINE ( 'NONE', #2604, #3753 ) ;
#1967 = EDGE_CURVE ( 'NONE', #809, #1651, #1151, .T. ) ;
#1968 = CIRCLE ( 'NONE', #82, 11.00000000000000000 ) ;
#1969 = ORIENTED_EDGE ( 'NONE', *, *, #1457, .T. ) ;
#1970 = VERTEX_POINT ( 'NONE', #2609 ) ;
#1971 = CARTESIAN_POINT ( 'NONE',  ( 0.0000000000000000000, -27.64995667241114700, 0.0000000000000000000 ) ) ;
#1972 = VECTOR ( 'NONE', #165, 1000.000000000000000 ) ;
#1973 = CARTESIAN_POINT ( 'NONE',  ( -0.8000000000000002700, 1.700000000000000000, 10.26888504171704300 ) ) ;
#1974 = ORIENTED_EDGE ( 'NONE', *, *, #930, .T. ) ;
#1975 = AXIS2_PLACEMENT_3D ( 'NONE', #1590, #1263, #1635 ) ;
#1976 = CARTESIAN_POINT ( 'NONE',  ( -0.7500000000000001100, 1.700000000000000200, -10.17238909991158600 ) ) ;
#1977 = CARTESIAN_POINT ( 'NONE',  ( -5.000000000000000000, -2.000000000000000000, 0.2999999999999998200 ) ) ;
#1978 = CARTESIAN_POINT ( 'NONE',  ( 7.104277486619569300, 1.700000000000000000, -7.457830877212916900 ) ) ;
#1979 = ORIENTED_EDGE ( 'NONE', *, *, #1472, .T. ) ;
#1980 = DIRECTION ( 'NONE',  ( -0.0000000000000000000, -1.000000000000000000, -0.0000000000000000000 ) ) ;
#1981 = CARTESIAN_POINT ( 'NONE',  ( -5.000000000000000000, -2.250000000000000400, 0.2358033250536114800 ) ) ;
#1982 = DIRECTION ( 'NONE',  ( 0.7788565380022503000, 0.0000000000000000000, 0.6272021151201174800 ) ) ;
#1983 = LINE ( 'NONE', #1006, #2256 ) ;
#1984 = EDGE_LOOP ( 'NONE', ( #206, #2875, #2415, #3270, #88 ) ) ;
#1985 = DIRECTION ( 'NONE',  ( -0.0000000000000000000, -1.000000000000000000, -0.0000000000000000000 ) ) ;
#1986 = DIRECTION ( 'NONE',  ( 0.0000000000000000000, -1.000000000000000000, 0.0000000000000000000 ) ) ;
#1987 = ORIENTED_EDGE ( 'NONE', *, *, #4249, .F. ) ;
#1988 = DIRECTION ( 'NONE',  ( -0.0000000000000000000, 1.000000000000000000, -0.0000000000000000000 ) ) ;
#1989 = DIRECTION ( 'NONE',  ( -0.7071067811865479100, 0.0000000000000000000, 0.7071067811865472400 ) ) ;
#1990 = EDGE_CURVE ( 'NONE', #4017, #3677, #1773, .T. ) ;
#1991 = CARTESIAN_POINT ( 'NONE',  ( -7.492241923636441900, 1.200000000000000000, -7.067977854924602200 ) ) ;
#1992 = DIRECTION ( 'NONE',  ( 0.0000000000000000000, 0.0000000000000000000, -1.000000000000000000 ) ) ;
#1993 = ORIENTED_EDGE ( 'NONE', *, *, #1357, .F. ) ;
#1994 = VECTOR ( 'NONE', #3141, 999.9999999999998900 ) ;
#1995 = EDGE_CURVE ( 'NONE', #822, #3083, #2484, .T. ) ;
#1996 = DIRECTION ( 'NONE',  ( 0.0000000000000000000, 0.0000000000000000000, 1.000000000000000000 ) ) ;
#1997 = LINE ( 'NONE', #216, #3629 ) ;
#1998 = DIRECTION ( 'NONE',  ( -0.7071067811865479100, 0.0000000000000000000, 0.7071067811865471300 ) ) ;
#1999 = DIRECTION ( 'NONE',  ( 0.0000000000000000000, -1.000000000000000000, 0.0000000000000000000 ) ) ;
#2000 = CARTESIAN_POINT ( 'NONE',  ( 5.346410161513775300, -2.000000000000000000, -0.1999999999999996800 ) ) ;
#2001 = VERTEX_POINT ( 'NONE', #3264 ) ;
#2002 = ORIENTED_EDGE ( 'NONE', *, *, #3760, .F. ) ;
#2003 = CARTESIAN_POINT ( 'NONE',  ( 7.387099156879100900, 1.199999999999999700, 7.033545766285744300 ) ) ;
#2004 = EDGE_LOOP ( 'NONE', ( #1147, #4130, #2480, #3150 ) ) ;
#2005 = DIRECTION ( 'NONE',  ( 0.0000000000000000000, -1.000000000000000000, 0.0000000000000000000 ) ) ;
#2006 = AXIS2_PLACEMENT_3D ( 'NONE', #4485, #2070, #3084 ) ;
#2007 = AXIS2_PLACEMENT_3D ( 'NONE', #4529, #3511, #2861 ) ;
#2008 = VERTEX_POINT ( 'NONE', #1184 ) ;
#2009 = CARTESIAN_POINT ( 'NONE',  ( 4.859466754796665500, -2.499999999999999600, 0.05843722244560286400 ) ) ;
#2010 = ORIENTED_EDGE ( 'NONE', *, *, #765, .T. ) ;
#2011 = CARTESIAN_POINT ( 'NONE',  ( -0.7500000000000002200, 1.200000000000000000, 10.97440203382398500 ) ) ;
#2012 = DIRECTION ( 'NONE',  ( -0.8660254037844401500, 0.0000000000000000000, -0.4999999999999973900 ) ) ;
#2013 = ADVANCED_FACE ( 'NONE', ( #150 ), #493, .F. ) ;
#2014 = ORIENTED_EDGE ( 'NONE', *, *, #446, .F. ) ;
#2015 = CYLINDRICAL_SURFACE ( 'NONE', #4027, 10.30000000000000200 ) ;
#2016 = LINE ( 'NONE', #259, #2072 ) ;
#2017 = EDGE_CURVE ( 'NONE', #1249, #863, #2912, .T. ) ;
#2018 = EDGE_LOOP ( 'NONE', ( #3813, #2876, #2837, #1017, #2469 ) ) ;
#2019 = DIRECTION ( 'NONE',  ( 0.0000000000000000000, -1.000000000000000000, 0.0000000000000000000 ) ) ;
#2020 = ORIENTED_EDGE ( 'NONE', *, *, #2580, .T. ) ;
#2021 = CARTESIAN_POINT ( 'NONE',  ( -5.000000000000000000, 0.0000000000000000000, 0.0000000000000000000 ) ) ;
#2022 = CIRCLE ( 'NONE', #2657, 0.3999999999999999700 ) ;
#2023 = CARTESIAN_POINT ( 'NONE',  ( 4.740192378864668900, -2.000000000000000000, -0.1500000000000002400 ) ) ;
#2024 = VECTOR ( 'NONE', #555, 1000.000000000000000 ) ;
#2025 = VERTEX_POINT ( 'NONE', #1513 ) ;
#2026 = EDGE_CURVE ( 'NONE', #2025, #1663, #1212, .T. ) ;
#2027 = DIRECTION ( 'NONE',  ( 0.0000000000000000000, 1.000000000000000000, 0.0000000000000000000 ) ) ;
#2028 = CIRCLE ( 'NONE', #884, 11.00000000000000200 ) ;
#2029 = CARTESIAN_POINT ( 'NONE',  ( 7.387099156879100900, 1.199999999999999700, -7.033545766285744300 ) ) ;
#2030 = EDGE_LOOP ( 'NONE', ( #3553, #511 ) ) ;
#2031 = CARTESIAN_POINT ( 'NONE',  ( 5.233333333333332500, -2.499999999999999600, 0.1120999785530842900 ) ) ;
#2032 = CARTESIAN_POINT ( 'NONE',  ( 0.0000000000000000000, 2.100000000000000100, 0.0000000000000000000 ) ) ;
#2033 = LINE ( 'NONE', #2905, #3920 ) ;
#2034 = DIRECTION ( 'NONE',  ( 0.0000000000000000000, 0.0000000000000000000, 1.000000000000000000 ) ) ;
#2035 = DIRECTION ( 'NONE',  ( -0.0000000000000000000, 1.000000000000000000, -0.0000000000000000000 ) ) ;
#2036 = VECTOR ( 'NONE', #213, 999.9999999999998900 ) ;
#2037 = CARTESIAN_POINT ( 'NONE',  ( -7.599388812201220300, 1.700000000000000200, -7.952942202794568900 ) ) ;
#2038 = CARTESIAN_POINT ( 'NONE',  ( 2.449293598294706400E-016, 6.200000000000001100, -2.000000000000000000 ) ) ;
#2039 = AXIS2_PLACEMENT_3D ( 'NONE', #1285, #1257, #2320 ) ;
#2040 = CARTESIAN_POINT ( 'NONE',  ( 4.662720211512012500, -6.500000000000000000, -0.09999997628065304700 ) ) ;
#2041 = FACE_OUTER_BOUND ( 'NONE', #2018, .T. ) ;
#2042 = PLANE ( 'NONE',  #3991 ) ;
#2043 = ORIENTED_EDGE ( 'NONE', *, *, #3477, .T. ) ;
#2044 = DIRECTION ( 'NONE',  ( 0.0000000000000000000, 0.0000000000000000000, -1.000000000000000000 ) ) ;
#2045 = FACE_OUTER_BOUND ( 'NONE', #1875, .T. ) ;
#2046 = CARTESIAN_POINT ( 'NONE',  ( 0.0000000000000000000, 1.700000000000000000, 0.0000000000000000000 ) ) ;
#2047 = EDGE_CURVE ( 'NONE', #4082, #2827, #1927, .T. ) ;
#2048 = DIRECTION ( 'NONE',  ( 0.0000000000000000000, 0.0000000000000000000, 1.000000000000000000 ) ) ;
#2049 = VECTOR ( 'NONE', #3310, 1000.000000000000000 ) ;
#2050 = DIRECTION ( 'NONE',  ( -0.0000000000000000000, -1.000000000000000000, -0.0000000000000000000 ) ) ;
#2051 = DIRECTION ( 'NONE',  ( -0.0000000000000000000, -1.000000000000000000, -0.0000000000000000000 ) ) ;
#2052 = FACE_OUTER_BOUND ( 'NONE', #2825, .T. ) ;
#2053 = EDGE_CURVE ( 'NONE', #2280, #2257, #1040, .T. ) ;
#2054 = ORIENTED_EDGE ( 'NONE', *, *, #2671, .F. ) ;
#2055 = ORIENTED_EDGE ( 'NONE', *, *, #689, .F. ) ;
#2056 = CARTESIAN_POINT ( 'NONE',  ( 5.000000000000000900, -2.000000000000000000, 0.3999999999999999700 ) ) ;
#2057 = EDGE_LOOP ( 'NONE', ( #4171, #2832, #2099, #2599 ) ) ;
#2058 = ORIENTED_EDGE ( 'NONE', *, *, #2107, .F. ) ;
#2059 = ORIENTED_EDGE ( 'NONE', *, *, #2507, .T. ) ;
#2060 = DIRECTION ( 'NONE',  ( 0.7071067811865479100, 0.0000000000000000000, 0.7071067811865470200 ) ) ;
#2061 = AXIS2_PLACEMENT_3D ( 'NONE', #3415, #1398, #1748 ) ;
#2062 = CARTESIAN_POINT ( 'NONE',  ( 7.952942202794572400, 1.700000000000000200, -7.599388812201216800 ) ) ;
#2063 = PRESENTATION_STYLE_ASSIGNMENT (( #3844 ) ) ;
#2064 = DIRECTION ( 'NONE',  ( 0.0000000000000000000, 0.0000000000000000000, 1.000000000000000000 ) ) ;
#2065 = VERTEX_POINT ( 'NONE', #2204 ) ;
#2066 = CARTESIAN_POINT ( 'NONE',  ( 4.933333333333334500, -2.499999999999999600, 0.2463142795865950500 ) ) ;
#2067 = FACE_OUTER_BOUND ( 'NONE', #618, .T. ) ;
#2068 = VERTEX_POINT ( 'NONE', #2951 ) ;
#2069 = EDGE_CURVE ( 'NONE', #2395, #2850, #986, .T. ) ;
#2070 = DIRECTION ( 'NONE',  ( 0.0000000000000000000, 1.000000000000000000, 0.0000000000000000000 ) ) ;
#2071 = VECTOR ( 'NONE', #3868, 1000.000000000000100 ) ;
#2072 = VECTOR ( 'NONE', #4385, 1000.000000000000000 ) ;
#2073 = DIRECTION ( 'NONE',  ( 0.0000000000000000000, 0.0000000000000000000, -1.000000000000000000 ) ) ;
#2074 = ORIENTED_EDGE ( 'NONE', *, *, #2342, .F. ) ;
#2075 = VERTEX_POINT ( 'NONE', #3945 ) ;
#2076 = DIRECTION ( 'NONE',  ( 0.0000000000000000000, 0.0000000000000000000, -1.000000000000000000 ) ) ;
#2077 = VECTOR ( 'NONE', #2271, 1000.000000000000000 ) ;
#2078 = CARTESIAN_POINT ( 'NONE',  ( 0.4500000000000001800, 2.100000000000000100, 10.27265788391690100 ) ) ;
#2079 = EDGE_CURVE ( 'NONE', #2990, #3043, #3447, .T. ) ;
#2080 = EDGE_LOOP ( 'NONE', ( #4050, #2453, #4270, #3101 ) ) ;
#2081 = CARTESIAN_POINT ( 'NONE',  ( 0.0000000000000000000, 1.199999999999999700, -5.000000000000000000 ) ) ;
#2082 = ADVANCED_FACE ( 'NONE', ( #208 ), #1170, .F. ) ;
#2083 = EDGE_CURVE ( 'NONE', #648, #4515, #484, .T. ) ;
#2084 = CONICAL_SURFACE ( 'NONE', #3638, 1.750000000000000000, 0.7853981633974539400 ) ;
#2085 = CARTESIAN_POINT ( 'NONE',  ( 4.620906737170669100, -2.499999999999999600, -0.04807620708050146200 ) ) ;
#2086 = AXIS2_PLACEMENT_3D ( 'NONE', #2596, #2937, #835 ) ;
#2087 = DIRECTION ( 'NONE',  ( -0.0000000000000000000, -1.000000000000000000, -0.0000000000000000000 ) ) ;
#2088 = FACE_OUTER_BOUND ( 'NONE', #515, .T. ) ;
#2089 = AXIS2_PLACEMENT_3D ( 'NONE', #716, #4239, #45 ) ;
#2090 = CARTESIAN_POINT ( 'NONE',  ( -7.599388812201220300, 7.664080173772339000, 7.952942202794568900 ) ) ;
#2091 = CARTESIAN_POINT ( 'NONE',  ( 0.0000000000000000000, 7.199999999999998400, -11.00000000000000000 ) ) ;
#2092 = ORIENTED_EDGE ( 'NONE', *, *, #1423, .T. ) ;
#2093 = LINE ( 'NONE', #1524, #1938 ) ;
#2094 = CARTESIAN_POINT ( 'NONE',  ( -4.599999999999999600, -2.500000000000000000, -0.02211432248042713100 ) ) ;
#2095 = CARTESIAN_POINT ( 'NONE',  ( 0.0000000000000000000, 1.700000000000000000, 0.0000000000000000000 ) ) ;
#2096 = VERTEX_POINT ( 'NONE', #3698 ) ;
#2097 = DIRECTION ( 'NONE',  ( -0.0000000000000000000, -1.000000000000000000, -0.0000000000000000000 ) ) ;
#2098 = EDGE_CURVE ( 'NONE', #3139, #2625, #4514, .T. ) ;
#2099 = ORIENTED_EDGE ( 'NONE', *, *, #2083, .F. ) ;
#2100 = CIRCLE ( 'NONE', #316, 10.30000000000000600 ) ;
#2101 = CARTESIAN_POINT ( 'NONE',  ( 0.0000000000000000000, 1.200000000000000000, 0.0000000000000000000 ) ) ;
#2102 = CARTESIAN_POINT ( 'NONE',  ( 7.387099156879100900, 1.700000000000000200, 7.033545766285744300 ) ) ;
#2103 = DIRECTION ( 'NONE',  ( -1.112560217688397700E-016, 0.0000000000000000000, 1.000000000000000000 ) ) ;
#2104 = ADVANCED_FACE ( 'NONE', ( #3811 ), #1280, .F. ) ;
#2105 = VERTEX_POINT ( 'NONE', #3654 ) ;
#2106 = ORIENTED_EDGE ( 'NONE', *, *, #1259, .T. ) ;
#2107 = EDGE_CURVE ( 'NONE', #4279, #3677, #2537, .T. ) ;
#2108 = ORIENTED_EDGE ( 'NONE', *, *, #2671, .T. ) ;
#2109 = ORIENTED_EDGE ( 'NONE', *, *, #2527, .T. ) ;
#2110 = CARTESIAN_POINT ( 'NONE',  ( -4.641813474341340400, -2.499999999999999600, -0.07403809168057690100 ) ) ;
#2111 = EDGE_CURVE ( 'NONE', #1648, #3785, #1149, .T. ) ;
#2112 = CARTESIAN_POINT ( 'NONE',  ( 4.740192378864668900, -2.000000000000000000, -0.1500000000000002200 ) ) ;
#2113 = ORIENTED_EDGE ( 'NONE', *, *, #2696, .F. ) ;
#2114 = CARTESIAN_POINT ( 'NONE',  ( 5.000000000000000000, -2.000000000000000000, 0.0000000000000000000 ) ) ;
#2115 = MANIFOLD_SOLID_BREP ( 'Mirror5', #3529 ) ;
#2116 = CARTESIAN_POINT ( 'NONE',  ( -0.7500000000000002200, 1.800000000000000000, 10.27265788391690100 ) ) ;
#2117 = AXIS2_PLACEMENT_3D ( 'NONE', #4390, #588, #3340 ) ;
#2118 = VERTEX_POINT ( 'NONE', #547 ) ;
#2119 = DIRECTION ( 'NONE',  ( 0.0000000000000000000, 1.000000000000000000, 0.0000000000000000000 ) ) ;
#2120 = CARTESIAN_POINT ( 'NONE',  ( 0.0000000000000000000, 1.700000000000000000, 0.0000000000000000000 ) ) ;
#2121 = CARTESIAN_POINT ( 'NONE',  ( 5.000000000000000000, 1.199999999999999700, 0.0000000000000000000 ) ) ;
#2122 = CYLINDRICAL_SURFACE ( 'NONE', #1438, 0.2999999999999998200 ) ;
#2123 = CARTESIAN_POINT ( 'NONE',  ( -4.933333333333334500, -2.499999999999999600, 0.2463142795865950500 ) ) ;
#2124 = ORIENTED_EDGE ( 'NONE', *, *, #3893, .F. ) ;
#2125 = DIRECTION ( 'NONE',  ( 0.0000000000000000000, -1.000000000000000000, 0.0000000000000000000 ) ) ;
#2126 = ADVANCED_FACE ( 'NONE', ( #1720 ), #1268, .F. ) ;
#2127 = CARTESIAN_POINT ( 'NONE',  ( 5.259807621135332000, -0.0000000000000000000, -0.1499999999999998600 ) ) ;
#2128 = FACE_OUTER_BOUND ( 'NONE', #2558, .T. ) ;
#2129 = CARTESIAN_POINT ( 'NONE',  ( 0.7500000000000011100, 1.800000000000000500, 10.97440203382398700 ) ) ;
#2130 = FACE_OUTER_BOUND ( 'NONE', #2341, .T. ) ;
#2131 = EDGE_LOOP ( 'NONE', ( #2664, #897, #1016, #4215, #1660 ) ) ;
#2132 = EDGE_LOOP ( 'NONE', ( #3891, #183, #3843, #1606 ) ) ;
#2133 = CARTESIAN_POINT ( 'NONE',  ( 0.0000000000000000000, 1.700000000000000000, 0.0000000000000000000 ) ) ;
#2134 = CIRCLE ( 'NONE', #2573, 0.2999999999999999300 ) ;
#2135 = LINE ( 'NONE', #1981, #2024 ) ;
#2136 = EDGE_CURVE ( 'NONE', #3071, #795, #541, .T. ) ;
#2137 = DIRECTION ( 'NONE',  ( 0.0000000000000000000, 0.0000000000000000000, 1.000000000000000000 ) ) ;
#2138 = VERTEX_POINT ( 'NONE', #4380 ) ;
#2139 = VERTEX_POINT ( 'NONE', #2344 ) ;
#2140 = DIRECTION ( 'NONE',  ( 0.0000000000000000000, -1.000000000000000000, 0.0000000000000000000 ) ) ;
#2141 = DIRECTION ( 'NONE',  ( 0.0000000000000000000, 1.000000000000000000, 0.0000000000000000000 ) ) ;
#2142 = CIRCLE ( 'NONE', #4232, 10.30000000000000200 ) ;
#2143 = ORIENTED_EDGE ( 'NONE', *, *, #2285, .T. ) ;
#2144 = CARTESIAN_POINT ( 'NONE',  ( -7.952942202794572400, 1.200000000000000000, -7.599388812201216800 ) ) ;
#2145 = EDGE_CURVE ( 'NONE', #1296, #3902, #3607, .T. ) ;
#2146 = VECTOR ( 'NONE', #3884, 1000.000000000000000 ) ;
#2147 = CARTESIAN_POINT ( 'NONE',  ( -4.740192378864668900, 0.0000000000000000000, -0.1500000000000002200 ) ) ;
#2148 = CARTESIAN_POINT ( 'NONE',  ( 5.000000000000000000, -2.000000000000000000, 0.3999999999999999700 ) ) ;
#2149 = CARTESIAN_POINT ( 'NONE',  ( -5.025737173287088100, -6.500000000000000000, 0.1508808697673936500 ) ) ;
#2150 = CIRCLE ( 'NONE', #3275, 10.20000000000000300 ) ;
#2151 = PLANE ( 'NONE',  #2513 ) ;
#2152 = CIRCLE ( 'NONE', #284, 11.00000000000000000 ) ;
#2153 = ADVANCED_FACE ( 'NONE', ( #4139 ), #1593, .F. ) ;
#2154 = PLANE ( 'NONE',  #2512 ) ;
#2155 = DIRECTION ( 'NONE',  ( -0.0000000000000000000, 1.000000000000000000, -0.0000000000000000000 ) ) ;
#2156 = VERTEX_POINT ( 'NONE', #517 ) ;
#2157 = LINE ( 'NONE', #1934, #1339 ) ;
#2158 = DIRECTION ( 'NONE',  ( 0.0000000000000000000, -1.000000000000000000, 0.0000000000000000000 ) ) ;
#2159 = CARTESIAN_POINT ( 'NONE',  ( -4.615099820540249800, -2.000000000000000000, 0.1333333333333337200 ) ) ;
#2160 = CARTESIAN_POINT ( 'NONE',  ( -0.7999999999999928300, 1.700000000000000000, -10.26888504171704700 ) ) ;
#2161 = LINE ( 'NONE', #2603, #2049 ) ;
#2162 = DIRECTION ( 'NONE',  ( 0.0000000000000000000, -1.000000000000000000, 0.0000000000000000000 ) ) ;
#2163 = CARTESIAN_POINT ( 'NONE',  ( 0.0000000000000000000, 0.0000000000000000000, 0.0000000000000000000 ) ) ;
#2164 = EDGE_CURVE ( 'NONE', #2250, #2455, #707, .T. ) ;
#2165 = VECTOR ( 'NONE', #4169, 1000.000000000000000 ) ;
#2166 = ORIENTED_EDGE ( 'NONE', *, *, #1943, .T. ) ;
#2167 = VERTEX_POINT ( 'NONE', #1233 ) ;
#2168 = EDGE_CURVE ( 'NONE', #3896, #285, #432, .T. ) ;
#2169 = CARTESIAN_POINT ( 'NONE',  ( 7.347880794884117800E-017, -4.949747468305832700, 4.400000000000000400 ) ) ;
#2170 = DIRECTION ( 'NONE',  ( 0.6272021151201162500, 0.0000000000000000000, -0.7788565380022514100 ) ) ;
#2171 = VERTEX_POINT ( 'NONE', #2650 ) ;
#2172 = CARTESIAN_POINT ( 'NONE',  ( 3.091180289548201000, -6.500000000000000000, 2.489283611581681200 ) ) ;
#2173 = CARTESIAN_POINT ( 'NONE',  ( 7.033545766285747900, 1.700000000000000200, 7.387099156879095600 ) ) ;
#2174 = ADVANCED_FACE ( 'NONE', ( #3130 ), #1873, .T. ) ;
#2175 = EDGE_CURVE ( 'NONE', #4241, #1296, #4349, .T. ) ;
#2176 = CARTESIAN_POINT ( 'NONE',  ( 0.0000000000000000000, 46.31269837220808900, -11.00000000000000000 ) ) ;
#2177 = ORIENTED_EDGE ( 'NONE', *, *, #455, .T. ) ;
#2178 = ORIENTED_EDGE ( 'NONE', *, *, #3596, .T. ) ;
#2179 = CARTESIAN_POINT ( 'NONE',  ( 4.633333333333332900, -2.499999999999999600, 0.004728537726275048500 ) ) ;
#2180 = CARTESIAN_POINT ( 'NONE',  ( -7.599388812201220300, 1.200000000000000000, 7.952942202794568900 ) ) ;
#2181 = ORIENTED_EDGE ( 'NONE', *, *, #689, .T. ) ;
#2182 = CARTESIAN_POINT ( 'NONE',  ( 0.0000000000000000000, 1.700000000000000000, 0.0000000000000000000 ) ) ;
#2183 = AXIS2_PLACEMENT_3D ( 'NONE', #2284, #2193, #1533 ) ;
#2184 = FACE_OUTER_BOUND ( 'NONE', #813, .T. ) ;
#2185 = ORIENTED_EDGE ( 'NONE', *, *, #3295, .T. ) ;
#2186 = VERTEX_POINT ( 'NONE', #4097 ) ;
#2187 = VECTOR ( 'NONE', #3807, 1000.000000000000000 ) ;
#2188 = CARTESIAN_POINT ( 'NONE',  ( 4.653589838486224700, -2.000000000000000000, -0.1999999999999997600 ) ) ;
#2189 = FACE_OUTER_BOUND ( 'NONE', #580, .T. ) ;
#2190 = ORIENTED_EDGE ( 'NONE', *, *, #2562, .F. ) ;
#2191 = EDGE_LOOP ( 'NONE', ( #678, #586, #3102, #4433 ) ) ;
#2192 = DIRECTION ( 'NONE',  ( 0.4999999999999973900, 0.0000000000000000000, 0.8660254037844401500 ) ) ;
#2193 = DIRECTION ( 'NONE',  ( -0.0000000000000000000, 1.000000000000000000, -0.0000000000000000000 ) ) ;
#2194 = VECTOR ( 'NONE', #2222, 1000.000000000000000 ) ;
#2195 = ORIENTED_EDGE ( 'NONE', *, *, #1144, .F. ) ;
#2196 = DIRECTION ( 'NONE',  ( 0.0000000000000000000, -1.000000000000000000, 0.0000000000000000000 ) ) ;
#2197 = CARTESIAN_POINT ( 'NONE',  ( 4.662720211512011700, -2.500000000000007500, -0.09999997628065270000 ) ) ;
#2198 = VECTOR ( 'NONE', #271, 1000.000000000000000 ) ;
#2199 = EDGE_CURVE ( 'NONE', #3902, #2750, #1385, .T. ) ;
#2200 = CARTESIAN_POINT ( 'NONE',  ( -5.056213298081335200, -2.499999999999999600, 0.1263388790425739000 ) ) ;
#2201 = ADVANCED_FACE ( 'NONE', ( #929 ), #296, .T. ) ;
#2202 = CARTESIAN_POINT ( 'NONE',  ( -5.298543704811660100, -2.250000000000000400, -0.1249999881403265500 ) ) ;
#2203 = VECTOR ( 'NONE', #1465, 1000.000000000000000 ) ;
#2204 = CARTESIAN_POINT ( 'NONE',  ( -0.7500000000000001100, 1.700000000000000200, 10.17238909991158600 ) ) ;
#2205 = EDGE_CURVE ( 'NONE', #2448, #3786, #4026, .T. ) ;
#2206 = CARTESIAN_POINT ( 'NONE',  ( -7.067977854924515100, 2.199999999999999700, 7.492241923636521900 ) ) ;
#2207 = PRESENTATION_STYLE_ASSIGNMENT (( #4481 ) ) ;
#2208 = DIRECTION ( 'NONE',  ( -0.0000000000000000000, 1.000000000000000000, -0.0000000000000000000 ) ) ;
#2209 = VERTEX_POINT ( 'NONE', #1687 ) ;
#2210 = CARTESIAN_POINT ( 'NONE',  ( 0.0000000000000000000, 1.700000000000000200, 0.0000000000000000000 ) ) ;
#2211 = AXIS2_PLACEMENT_3D ( 'NONE', #2260, #900, #2290 ) ;
#2212 = CARTESIAN_POINT ( 'NONE',  ( 0.0000000000000000000, 1.700000000000000000, 0.0000000000000000000 ) ) ;
#2213 = EDGE_LOOP ( 'NONE', ( #2579, #3296, #3993, #3498 ) ) ;
#2214 = ORIENTED_EDGE ( 'NONE', *, *, #2799, .T. ) ;
#2215 = LINE ( 'NONE', #2808, #1575 ) ;
#2216 = ORIENTED_EDGE ( 'NONE', *, *, #731, .T. ) ;
#2217 = CARTESIAN_POINT ( 'NONE',  ( 0.0000000000000000000, -4.949747468305832700, -4.400000000000000400 ) ) ;
#2218 = CIRCLE ( 'NONE', #823, 10.20000000000000300 ) ;
#2219 = ADVANCED_FACE ( 'NONE', ( #821 ), #1615, .T. ) ;
#2220 = CARTESIAN_POINT ( 'NONE',  ( 0.0000000000000000000, 7.199999999999998400, 0.0000000000000000000 ) ) ;
#2221 = ORIENTED_EDGE ( 'NONE', *, *, #3459, .F. ) ;
#2222 = DIRECTION ( 'NONE',  ( -1.112560217688397700E-016, 0.0000000000000000000, 1.000000000000000000 ) ) ;
#2223 = EDGE_CURVE ( 'NONE', #297, #1842, #771, .T. ) ;
#2224 = VERTEX_POINT ( 'NONE', #611 ) ;
#2225 = DIRECTION ( 'NONE',  ( 0.0000000000000000000, 0.0000000000000000000, -1.000000000000000000 ) ) ;
#2226 = DIRECTION ( 'NONE',  ( 0.0000000000000000000, 0.0000000000000000000, 1.000000000000000000 ) ) ;
#2227 = CARTESIAN_POINT ( 'NONE',  ( 0.0000000000000000000, 1.200000000000000000, 0.0000000000000000000 ) ) ;
#2228 = EDGE_LOOP ( 'NONE', ( #3748, #3605, #2335, #921, #176, #2958 ) ) ;
#2229 = DIRECTION ( 'NONE',  ( 0.0000000000000000000, 0.0000000000000000000, 1.000000000000000000 ) ) ;
#2230 = EDGE_CURVE ( 'NONE', #4345, #1067, #2789, .T. ) ;
#2231 = DIRECTION ( 'NONE',  ( 0.0000000000000000000, 1.000000000000000000, 0.0000000000000000000 ) ) ;
#2232 = ORIENTED_EDGE ( 'NONE', *, *, #1394, .F. ) ;
#2233 = PLANE ( 'NONE',  #2086 ) ;
#2234 = CARTESIAN_POINT ( 'NONE',  ( -5.337279788487988300, -2.500000000000000000, -0.09999997628065321300 ) ) ;
#2235 = ORIENTED_EDGE ( 'NONE', *, *, #2961, .T. ) ;
#2236 = DIRECTION ( 'NONE',  ( 0.0000000000000000000, -1.000000000000000000, 0.0000000000000000000 ) ) ;
#2237 = LINE ( 'NONE', #1552, #3488 ) ;
#2238 = LINE ( 'NONE', #2997, #1306 ) ;
#2239 = DIRECTION ( 'NONE',  ( 0.1523750297134238700, -0.9834178836110699700, 0.09834183501316740000 ) ) ;
#2240 = EDGE_LOOP ( 'NONE', ( #3048, #336, #3899, #3549 ) ) ;
#2241 = CARTESIAN_POINT ( 'NONE',  ( -5.028106649040667600, -2.499999999999999600, 0.1489727645748982800 ) ) ;
#2242 = AXIS2_PLACEMENT_3D ( 'NONE', #3771, #280, #3098 ) ;
#2243 = ADVANCED_FACE ( 'NONE', ( #4242 ), #1444, .F. ) ;
#2244 = ORIENTED_EDGE ( 'NONE', *, *, #3921, .T. ) ;
#2245 = DIRECTION ( 'NONE',  ( -0.4999999999999983300, 0.0000000000000000000, 0.8660254037844396000 ) ) ;
#2246 = CIRCLE ( 'NONE', #2272, 10.20000000000000300 ) ;
#2247 = LINE ( 'NONE', #3563, #4335 ) ;
#2248 = ORIENTED_EDGE ( 'NONE', *, *, #1744, .T. ) ;
#2249 = CARTESIAN_POINT ( 'NONE',  ( 0.0000000000000000000, -6.500000000000000000, 0.0000000000000000000 ) ) ;
#2250 = VERTEX_POINT ( 'NONE', #1707 ) ;
#2251 = ORIENTED_EDGE ( 'NONE', *, *, #2770, .T. ) ;
#2252 = CARTESIAN_POINT ( 'NONE',  ( 0.0000000000000000000, 1.200000000000000000, 0.0000000000000000000 ) ) ;
#2253 = PLANE ( 'NONE',  #1728 ) ;
#2254 = CIRCLE ( 'NONE', #4378, 0.2999999999999998200 ) ;
#2255 = ORIENTED_EDGE ( 'NONE', *, *, #2382, .T. ) ;
#2256 = VECTOR ( 'NONE', #3463, 1000.000000000000000 ) ;
#2257 = VERTEX_POINT ( 'NONE', #598 ) ;
#2258 = DIRECTION ( 'NONE',  ( -0.0000000000000000000, -1.000000000000000000, -0.0000000000000000000 ) ) ;
#2259 = EDGE_CURVE ( 'NONE', #2139, #3500, #1267, .T. ) ;
#2260 = CARTESIAN_POINT ( 'NONE',  ( 0.0000000000000000000, 7.664080173772339000, 0.0000000000000000000 ) ) ;
#2261 = PLANE ( 'NONE',  #3637 ) ;
#2262 = CIRCLE ( 'NONE', #830, 11.00000000000000000 ) ;
#2263 = CARTESIAN_POINT ( 'NONE',  ( 0.0000000000000000000, 1.700000000000000000, 0.0000000000000000000 ) ) ;
#2264 = VERTEX_POINT ( 'NONE', #4085 ) ;
#2265 = ORIENTED_EDGE ( 'NONE', *, *, #4195, .F. ) ;
#2266 = CARTESIAN_POINT ( 'NONE',  ( 0.0000000000000000000, 1.700000000000000000, 0.0000000000000000000 ) ) ;
#2267 = EDGE_CURVE ( 'NONE', #570, #1232, #2690, .T. ) ;
#2268 = DIRECTION ( 'NONE',  ( -0.7071067811865472400, 0.0000000000000000000, 0.7071067811865479100 ) ) ;
#2269 = ADVANCED_FACE ( 'NONE', ( #3347 ), #3059, .T. ) ;
#2270 = LINE ( 'NONE', #1323, #673 ) ;
#2271 = DIRECTION ( 'NONE',  ( 8.659560562354983400E-017, 0.7071067811865435800, -0.7071067811865515700 ) ) ;
#2272 = AXIS2_PLACEMENT_3D ( 'NONE', #2392, #2730, #623 ) ;
#2273 = CARTESIAN_POINT ( 'NONE',  ( -5.366666666666667100, -2.499999999999999600, 0.004728537726275192400 ) ) ;
#2274 = CARTESIAN_POINT ( 'NONE',  ( -5.000000000000000000, 0.0000000000000000000, 1.500000000000001300 ) ) ;
#2275 = ORIENTED_EDGE ( 'NONE', *, *, #185, .T. ) ;
#2276 = CARTESIAN_POINT ( 'NONE',  ( 5.400000000000000400, -2.499999999999996900, -0.02211432248042713100 ) ) ;
#2277 = AXIS2_PLACEMENT_3D ( 'NONE', #3554, #332, #710 ) ;
#2278 = ORIENTED_EDGE ( 'NONE', *, *, #3044, .T. ) ;
#2279 = SURFACE_STYLE_USAGE ( .BOTH. , #3374 ) ;
#2280 = VERTEX_POINT ( 'NONE', #3472 ) ;
#2281 = ORIENTED_EDGE ( 'NONE', *, *, #1634, .F. ) ;
#2282 = CARTESIAN_POINT ( 'NONE',  ( -0.8000000000000002700, 2.199999999999999700, 10.97087052152198100 ) ) ;
#2283 = DIRECTION ( 'NONE',  ( 0.0000000000000000000, -1.000000000000000000, 0.0000000000000000000 ) ) ;
#2284 = CARTESIAN_POINT ( 'NONE',  ( 0.0000000000000000000, -4.949747468305832700, -5.000000000000000000 ) ) ;
#2285 = EDGE_CURVE ( 'NONE', #3837, #7, #4406, .T. ) ;
#2286 = DIRECTION ( 'NONE',  ( 0.7071067811865472400, 0.0000000000000000000, -0.7071067811865479100 ) ) ;
#2287 = CARTESIAN_POINT ( 'NONE',  ( -5.066666666666667300, -2.499999999999999600, 0.2463142795865953800 ) ) ;
#2288 = ORIENTED_EDGE ( 'NONE', *, *, #2136, .F. ) ;
#2289 = ORIENTED_EDGE ( 'NONE', *, *, #1627, .F. ) ;
#2290 = DIRECTION ( 'NONE',  ( 0.0000000000000000000, 0.0000000000000000000, -1.000000000000000000 ) ) ;
#2291 = CARTESIAN_POINT ( 'NONE',  ( 0.7500000000000001100, 1.199999999999999700, 10.17238909991158600 ) ) ;
#2292 = ADVANCED_FACE ( 'NONE', ( #1767 ), #2431, .T. ) ;
#2293 = DIRECTION ( 'NONE',  ( -0.0000000000000000000, -1.000000000000000000, -0.0000000000000000000 ) ) ;
#2294 = EDGE_CURVE ( 'NONE', #1925, #408, #1504, .T. ) ;
#2295 = ORIENTED_EDGE ( 'NONE', *, *, #2499, .F. ) ;
#2296 = CARTESIAN_POINT ( 'NONE',  ( -4.653589838486224700, -2.000000000000000000, -0.1999999999999997600 ) ) ;
#2297 =( NAMED_UNIT ( * ) SI_UNIT ( $, .STERADIAN. ) SOLID_ANGLE_UNIT ( ) );
#2298 = LINE ( 'NONE', #4281, #1302 ) ;
#2299 = ORIENTED_EDGE ( 'NONE', *, *, #1326, .F. ) ;
#2300 = DIRECTION ( 'NONE',  ( 0.0000000000000000000, 0.0000000000000000000, -1.000000000000000000 ) ) ;
#2301 = LINE ( 'NONE', #1696, #1084 ) ;
#2302 = DIRECTION ( 'NONE',  ( 0.0000000000000000000, -0.0000000000000000000, 1.000000000000000000 ) ) ;
#2303 = CYLINDRICAL_SURFACE ( 'NONE', #4463, 11.00000000000000000 ) ;
#2304 = CARTESIAN_POINT ( 'NONE',  ( 5.281066490406660200, -2.499999999999999600, -0.05473220521601055600 ) ) ;
#2305 = ORIENTED_EDGE ( 'NONE', *, *, #3344, .F. ) ;
#2306 = VERTEX_POINT ( 'NONE', #3809 ) ;
#2307 = VECTOR ( 'NONE', #4214, 1000.000000000000000 ) ;
#2308 = DIRECTION ( 'NONE',  ( -0.0000000000000000000, -1.000000000000000000, -0.0000000000000000000 ) ) ;
#2309 = AXIS2_PLACEMENT_3D ( 'NONE', #411, #2816, #720 ) ;
#2310 = AXIS2_PLACEMENT_3D ( 'NONE', #3352, #212, #4334 ) ;
#2311 = EDGE_LOOP ( 'NONE', ( #892, #1370, #2845, #4058 ) ) ;
#2312 = DIRECTION ( 'NONE',  ( 0.0000000000000000000, -0.0000000000000000000, 1.000000000000000000 ) ) ;
#2313 = ORIENTED_EDGE ( 'NONE', *, *, #1114, .T. ) ;
#2314 = DIRECTION ( 'NONE',  ( 0.0000000000000000000, -1.000000000000000000, 0.0000000000000000000 ) ) ;
#2315 = DIRECTION ( 'NONE',  ( 0.7071067811865472400, 0.0000000000000000000, 0.7071067811865479100 ) ) ;
#2316 = VECTOR ( 'NONE', #3278, 1000.000000000000000 ) ;
#2317 = EDGE_CURVE ( 'NONE', #3079, #941, #3397, .T. ) ;
#2318 = CARTESIAN_POINT ( 'NONE',  ( 0.0000000000000000000, 2.100000000000000100, 0.0000000000000000000 ) ) ;
#2319 = CARTESIAN_POINT ( 'NONE',  ( 0.0000000000000000000, 0.0000000000000000000, 0.0000000000000000000 ) ) ;
#2320 = DIRECTION ( 'NONE',  ( 0.0000000000000000000, 0.0000000000000000000, -1.000000000000000000 ) ) ;
#2321 = DIRECTION ( 'NONE',  ( 0.6272021151201162500, 0.0000000000000000000, 0.7788565380022514100 ) ) ;
#2322 = LINE ( 'NONE', #4138, #1044 ) ;
#2323 = CARTESIAN_POINT ( 'NONE',  ( 5.400000000000000400, -5.807179676972452900, -0.02211432248042713100 ) ) ;
#2324 = CARTESIAN_POINT ( 'NONE',  ( -5.333333333333333000, -2.499999999999999600, 0.03157139793297748800 ) ) ;
#2325 = EDGE_CURVE ( 'NONE', #2820, #4490, #4287, .T. ) ;
#2326 = DIRECTION ( 'NONE',  ( 0.7071067811865471300, 0.0000000000000000000, -0.7071067811865479100 ) ) ;
#2327 = UNCERTAINTY_MEASURE_WITH_UNIT (LENGTH_MEASURE( 1.000000000000000100E-005 ), #3538, 'distance_accuracy_value', 'NONE');
#2328 = FACE_OUTER_BOUND ( 'NONE', #4454, .T. ) ;
#2329 = ORIENTED_EDGE ( 'NONE', *, *, #545, .T. ) ;
#2330 = DIRECTION ( 'NONE',  ( 0.0000000000000000000, 0.0000000000000000000, -1.000000000000000000 ) ) ;
#2331 = CARTESIAN_POINT ( 'NONE',  ( 7.952942202794572400, 1.200000000000000000, 7.599388812201216800 ) ) ;
#2332 = CIRCLE ( 'NONE', #466, 1.750000000000000000 ) ;
#2333 = EDGE_CURVE ( 'NONE', #3214, #137, #596, .T. ) ;
#2334 = ORIENTED_EDGE ( 'NONE', *, *, #3204, .T. ) ;
#2335 = ORIENTED_EDGE ( 'NONE', *, *, #2745, .F. ) ;
#2336 = ORIENTED_EDGE ( 'NONE', *, *, #1683, .F. ) ;
#2337 = AXIS2_PLACEMENT_3D ( 'NONE', #2417, #590, #1374 ) ;
#2338 = AXIS2_PLACEMENT_3D ( 'NONE', #3934, #895, #1947 ) ;
#2339 = ORIENTED_EDGE ( 'NONE', *, *, #156, .T. ) ;
#2340 = CARTESIAN_POINT ( 'NONE',  ( -7.067977854924515100, 2.199999999999999700, 7.492241923636521900 ) ) ;
#2341 = EDGE_LOOP ( 'NONE', ( #2654, #2920, #312, #907 ) ) ;
#2342 = EDGE_CURVE ( 'NONE', #4279, #188, #1553, .T. ) ;
#2343 = DIRECTION ( 'NONE',  ( 0.0000000000000000000, 0.0000000000000000000, -1.000000000000000000 ) ) ;
#2344 = CARTESIAN_POINT ( 'NONE',  ( 7.067977854924515100, 1.200000000000000000, 7.492241923636521900 ) ) ;
#2345 = ORIENTED_EDGE ( 'NONE', *, *, #307, .F. ) ;
#2346 = EDGE_LOOP ( 'NONE', ( #1898, #1964, #1527, #692, #4158 ) ) ;
#2347 = DIRECTION ( 'NONE',  ( 0.6272021151201179200, 0.0000000000000000000, 0.7788565380022500800 ) ) ;
#2348 = ORIENTED_EDGE ( 'NONE', *, *, #4329, .F. ) ;
#2349 = DIRECTION ( 'NONE',  ( -0.0000000000000000000, 1.000000000000000000, -0.0000000000000000000 ) ) ;
#2350 = CARTESIAN_POINT ( 'NONE',  ( -4.599999999999999600, -5.807179676972451100, -0.02211432248042713100 ) ) ;
#2351 = EDGE_CURVE ( 'NONE', #1109, #3746, #2531, .T. ) ;
#2352 = ORIENTED_EDGE ( 'NONE', *, *, #38, .T. ) ;
#2353 = CARTESIAN_POINT ( 'NONE',  ( 0.0000000000000000000, 0.0000000000000000000, -5.000000000000000000 ) ) ;
#2354 = VECTOR ( 'NONE', #4067, 1000.000000000000000 ) ;
#2355 = CARTESIAN_POINT ( 'NONE',  ( 4.690826860552675700, -2.499999999999999600, -0.07736609074833183900 ) ) ;
#2356 = VERTEX_POINT ( 'NONE', #4318 ) ;
#2357 = VECTOR ( 'NONE', #400, 1000.000000000000000 ) ;
#2358 = EDGE_CURVE ( 'NONE', #2518, #3419, #3548, .T. ) ;
#2359 = VECTOR ( 'NONE', #2434, 1000.000000000000100 ) ;
#2360 = VERTEX_POINT ( 'NONE', #1862 ) ;
#2361 = DIRECTION ( 'NONE',  ( 0.7071067811865472400, 0.0000000000000000000, -0.7071067811865479100 ) ) ;
#2362 = ORIENTED_EDGE ( 'NONE', *, *, #906, .T. ) ;
#2363 = PLANE ( 'NONE',  #1592 ) ;
#2364 = CARTESIAN_POINT ( 'NONE',  ( 5.066666666666667300, -2.499999999999999600, 0.2463142795865953800 ) ) ;
#2365 = FACE_OUTER_BOUND ( 'NONE', #1657, .T. ) ;
#2366 = LINE ( 'NONE', #999, #1314 ) ;
#2367 = CARTESIAN_POINT ( 'NONE',  ( 7.492241923636447300, 1.700000000000000000, 7.067977854924594200 ) ) ;
#2368 = ORIENTED_EDGE ( 'NONE', *, *, #2358, .T. ) ;
#2369 = AXIS2_PLACEMENT_3D ( 'NONE', #1779, #31, #2449 ) ;
#2370 = ORIENTED_EDGE ( 'NONE', *, *, #3234, .T. ) ;
#2371 = PLANE ( 'NONE',  #1088 ) ;
#2372 = ORIENTED_EDGE ( 'NONE', *, *, #2566, .T. ) ;
#2373 = ADVANCED_FACE ( 'NONE', ( #313 ), #1614, .T. ) ;
#2374 = CARTESIAN_POINT ( 'NONE',  ( -7.104277486619569300, 1.700000000000000000, -7.457830877212916900 ) ) ;
#2375 = AXIS2_PLACEMENT_3D ( 'NONE', #2742, #704, #3099 ) ;
#2376 = DIRECTION ( 'NONE',  ( 8.659560562354983400E-017, 0.7071067811865435800, -0.7071067811865515700 ) ) ;
#2377 = VECTOR ( 'NONE', #1912, 1000.000000000000000 ) ;
#2378 = CARTESIAN_POINT ( 'NONE',  ( 7.033545766285747900, 1.199999999999999700, -7.387099156879095600 ) ) ;
#2379 = VECTOR ( 'NONE', #3026, 999.9999999999998900 ) ;
#2380 = DIRECTION ( 'NONE',  ( 0.0000000000000000000, 0.0000000000000000000, -1.000000000000000000 ) ) ;
#2381 = CARTESIAN_POINT ( 'NONE',  ( -4.662720211512012500, -2.500000000000000000, -0.09999997628065304700 ) ) ;
#2382 = EDGE_CURVE ( 'NONE', #2652, #1221, #3021, .T. ) ;
#2383 = CYLINDRICAL_SURFACE ( 'NONE', #440, 10.20000000000000300 ) ;
#2384 = CARTESIAN_POINT ( 'NONE',  ( 0.4500000000000002300, 2.100000000000000100, -10.99079160024427000 ) ) ;
#2385 = DIRECTION ( 'NONE',  ( -0.0000000000000000000, -1.000000000000000000, -0.0000000000000000000 ) ) ;
#2386 = CARTESIAN_POINT ( 'NONE',  ( 5.400000000000000400, -13.89442718039230100, -0.02211432248042713100 ) ) ;
#2387 = VECTOR ( 'NONE', #1354, 1000.000000000000000 ) ;
#2388 = CARTESIAN_POINT ( 'NONE',  ( -4.662720211512012500, -5.807179676972451100, -0.09999997628065304700 ) ) ;
#2389 = EDGE_CURVE ( 'NONE', #361, #2763, #2028, .T. ) ;
#2390 = CARTESIAN_POINT ( 'NONE',  ( 4.956698729810778300, -1.999999999999999600, 0.2999999999999999300 ) ) ;
#2391 = VECTOR ( 'NONE', #1078, 999.9999999999998900 ) ;
#2392 = CARTESIAN_POINT ( 'NONE',  ( 0.0000000000000000000, 1.199999999999999700, 0.0000000000000000000 ) ) ;
#2393 = CARTESIAN_POINT ( 'NONE',  ( 5.249387986099661100, -2.000000000000000400, 0.3207100591715972800 ) ) ;
#2394 = AXIS2_PLACEMENT_3D ( 'NONE', #2133, #2196, #377 ) ;
#2395 = VERTEX_POINT ( 'NONE', #130 ) ;
#2396 = DIRECTION ( 'NONE',  ( 0.0000000000000000000, 0.0000000000000000000, -1.000000000000000000 ) ) ;
#2397 = ORIENTED_EDGE ( 'NONE', *, *, #3812, .F. ) ;
#2398 = ORIENTED_EDGE ( 'NONE', *, *, #3836, .F. ) ;
#2399 = AXIS2_PLACEMENT_3D ( 'NONE', #2121, #4172, #726 ) ;
#2400 = AXIS2_PLACEMENT_3D ( 'NONE', #2824, #1806, #766 ) ;
#2401 = DIRECTION ( 'NONE',  ( 0.0000000000000000000, 0.0000000000000000000, 1.000000000000000000 ) ) ;
#2402 = DIRECTION ( 'NONE',  ( -0.0000000000000000000, -1.000000000000000000, -0.0000000000000000000 ) ) ;
#2403 = EDGE_LOOP ( 'NONE', ( #3377, #1716, #4317, #3165 ) ) ;
#2404 = CARTESIAN_POINT ( 'NONE',  ( 0.7500000000000001100, -27.64995667241114700, 10.17238909991158600 ) ) ;
#2405 = ORIENTED_EDGE ( 'NONE', *, *, #1715, .T. ) ;
#2406 = CARTESIAN_POINT ( 'NONE',  ( -5.000000000000000000, 0.0000000000000000000, 0.0000000000000000000 ) ) ;
#2407 = DIRECTION ( 'NONE',  ( 0.0000000000000000000, -1.000000000000000000, 0.0000000000000000000 ) ) ;
#2408 = CARTESIAN_POINT ( 'NONE',  ( 0.0000000000000000000, 1.700000000000000000, 0.0000000000000000000 ) ) ;
#2409 = ORIENTED_EDGE ( 'NONE', *, *, #126, .F. ) ;
#2410 = DIRECTION ( 'NONE',  ( 0.0000000000000000000, -1.000000000000000000, 0.0000000000000000000 ) ) ;
#2411 = CIRCLE ( 'NONE', #3090, 10.30000000000000200 ) ;
#2412 = FACE_OUTER_BOUND ( 'NONE', #2932, .T. ) ;
#2413 = EDGE_CURVE ( 'NONE', #2118, #2008, #37, .T. ) ;
#2414 = ORIENTED_EDGE ( 'NONE', *, *, #1904, .T. ) ;
#2415 = ORIENTED_EDGE ( 'NONE', *, *, #513, .F. ) ;
#2416 = VERTEX_POINT ( 'NONE', #105 ) ;
#2417 = CARTESIAN_POINT ( 'NONE',  ( 0.0000000000000000000, 0.0000000000000000000, 0.0000000000000000000 ) ) ;
#2418 = LINE ( 'NONE', #4368, #2956 ) ;
#2419 = CARTESIAN_POINT ( 'NONE',  ( 5.025737173287088100, -6.500000000000000000, 0.1508808697673936500 ) ) ;
#2420 = VECTOR ( 'NONE', #1496, 1000.000000000000000 ) ;
#2421 = CARTESIAN_POINT ( 'NONE',  ( 0.0000000000000000000, 0.0000000000000000000, 5.599999999999999600 ) ) ;
#2422 = VERTEX_POINT ( 'NONE', #3602 ) ;
#2423 = VERTEX_POINT ( 'NONE', #2612 ) ;
#2424 = EDGE_CURVE ( 'NONE', #297, #4017, #2737, .T. ) ;
#2425 = CIRCLE ( 'NONE', #1127, 9.999999999999998200 ) ;
#2426 = CARTESIAN_POINT ( 'NONE',  ( 7.599388812201220300, 1.700000000000000200, -7.952942202794568900 ) ) ;
#2427 = VERTEX_POINT ( 'NONE', #2584 ) ;
#2428 = DIRECTION ( 'NONE',  ( 0.6272021151201175900, 0.0000000000000000000, 0.7788565380022504100 ) ) ;
#2429 = CARTESIAN_POINT ( 'NONE',  ( 0.7500000000000002200, 1.200000000000000000, 10.97440203382398500 ) ) ;
#2430 = CARTESIAN_POINT ( 'NONE',  ( -5.000000000000000000, -2.500000000000000000, 0.1716066501072230400 ) ) ;
#2431 = TOROIDAL_SURFACE ( 'NONE', #3091, 9.999999999999998200, 1.000000000000000000 ) ;
#2432 = AXIS2_PLACEMENT_3D ( 'NONE', #234, #2691, #903 ) ;
#2433 = AXIS2_PLACEMENT_3D ( 'NONE', #2517, #2857, #3900 ) ;
#2434 = DIRECTION ( 'NONE',  ( -0.7788565380022503000, 0.0000000000000000000, -0.6272021151201174800 ) ) ;
#2435 = VECTOR ( 'NONE', #4042, 1000.000000000000000 ) ;
#2436 = DIRECTION ( 'NONE',  ( -0.7071067811865439100, -0.0000000000000000000, -0.7071067811865512400 ) ) ;
#2437 = SURFACE_STYLE_FILL_AREA ( #1757 ) ;
#2438 = ORIENTED_EDGE ( 'NONE', *, *, #1259, .F. ) ;
#2439 = DIRECTION ( 'NONE',  ( 0.0000000000000000000, 1.000000000000000000, 0.0000000000000000000 ) ) ;
#2440 = ORIENTED_EDGE ( 'NONE', *, *, #3818, .F. ) ;
#2441 = VECTOR ( 'NONE', #3313, 1000.000000000000100 ) ;
#2442 = EDGE_CURVE ( 'NONE', #2948, #3713, #2638, .T. ) ;
#2443 = FACE_OUTER_BOUND ( 'NONE', #1103, .T. ) ;
#2444 = PLANE ( 'NONE',  #4201 ) ;
#2445 = ORIENTED_EDGE ( 'NONE', *, *, #69, .F. ) ;
#2446 = EDGE_CURVE ( 'NONE', #2068, #1867, #1826, .T. ) ;
#2447 = PLANE ( 'NONE',  #2400 ) ;
#2448 = VERTEX_POINT ( 'NONE', #226 ) ;
#2449 = DIRECTION ( 'NONE',  ( -0.7788565380022526300, 0.0000000000000000000, 0.6272021151201145900 ) ) ;
#2450 = DIRECTION ( 'NONE',  ( -0.0000000000000000000, 1.000000000000000000, -0.0000000000000000000 ) ) ;
#2451 = AXIS2_PLACEMENT_3D ( 'NONE', #2768, #3467, #2739 ) ;
#2452 = EDGE_LOOP ( 'NONE', ( #4398, #670, #2368, #3210, #2397, #3237, #3222 ) ) ;
#2453 = ORIENTED_EDGE ( 'NONE', *, *, #2069, .F. ) ;
#2454 = CARTESIAN_POINT ( 'NONE',  ( 4.740192378864668900, -2.000000000000000000, -0.1500000000000003300 ) ) ;
#2455 = VERTEX_POINT ( 'NONE', #1976 ) ;
#2456 = CARTESIAN_POINT ( 'NONE',  ( -0.7500000000000002200, 1.800000000000000500, 10.97440203382398500 ) ) ;
#2457 = AXIS2_PLACEMENT_3D ( 'NONE', #1291, #995, #4048 ) ;
#2458 = CARTESIAN_POINT ( 'NONE',  ( -7.492241923636447300, 2.199999999999999700, 7.067977854924594200 ) ) ;
#2459 = ADVANCED_FACE ( 'NONE', ( #3656 ), #3684, .T. ) ;
#2460 = ORIENTED_EDGE ( 'NONE', *, *, #3946, .F. ) ;
#2461 = ORIENTED_EDGE ( 'NONE', *, *, #2783, .F. ) ;
#2462 = VECTOR ( 'NONE', #1664, 1000.000000000000000 ) ;
#2463 = EDGE_LOOP ( 'NONE', ( #3733, #870, #4225, #23, #1581, #1029, #745, #2494, #1377, #3418, #2902, #2248, #3547, #2683, #3864, #2993, #1853, #2631, #2506, #1741, #998, #1021, #554, #3755, #4448 ) ) ;
#2464 = EDGE_CURVE ( 'NONE', #3079, #844, #4456, .T. ) ;
#2465 = DIRECTION ( 'NONE',  ( 1.224646799147351500E-016, 0.0000000000000000000, -1.000000000000000000 ) ) ;
#2466 = DIRECTION ( 'NONE',  ( -0.0000000000000000000, -1.000000000000000000, -0.0000000000000000000 ) ) ;
#2467 = FACE_OUTER_BOUND ( 'NONE', #4311, .T. ) ;
#2468 = CIRCLE ( 'NONE', #621, 10.30000000000000200 ) ;
#2469 = ORIENTED_EDGE ( 'NONE', *, *, #1041, .T. ) ;
#2470 = ORIENTED_EDGE ( 'NONE', *, *, #2651, .T. ) ;
#2471 = CARTESIAN_POINT ( 'NONE',  ( 0.7499999999999990000, 1.700000000000000000, 8.344201632662972700E-017 ) ) ;
#2472 = FACE_OUTER_BOUND ( 'NONE', #993, .T. ) ;
#2473 = DIRECTION ( 'NONE',  ( -0.7071067811865431300, 0.0000000000000000000, 0.7071067811865517900 ) ) ;
#2474 = EDGE_CURVE ( 'NONE', #1109, #1362, #3343, .T. ) ;
#2475 = ORIENTED_EDGE ( 'NONE', *, *, #2098, .F. ) ;
#2476 = CARTESIAN_POINT ( 'NONE',  ( -7.599388812201220300, 1.700000000000000200, -7.952942202794568900 ) ) ;
#2477 = DIRECTION ( 'NONE',  ( 0.0000000000000000000, -1.000000000000000000, 0.0000000000000000000 ) ) ;
#2478 = DIRECTION ( 'NONE',  ( 0.0000000000000000000, -1.000000000000000000, 0.0000000000000000000 ) ) ;
#2479 = VERTEX_POINT ( 'NONE', #1991 ) ;
#2480 = ORIENTED_EDGE ( 'NONE', *, *, #360, .T. ) ;
#2481 = DIRECTION ( 'NONE',  ( 0.0000000000000000000, 0.0000000000000000000, -1.000000000000000000 ) ) ;
#2482 = VECTOR ( 'NONE', #838, 1000.000000000000000 ) ;
#2483 = ORIENTED_EDGE ( 'NONE', *, *, #3960, .F. ) ;
#2484 = CIRCLE ( 'NONE', #502, 10.20000000000000300 ) ;
#2485 = ADVANCED_FACE ( 'NONE', ( #2686 ), #768, .T. ) ;
#2486 = PLANE ( 'NONE',  #3907 ) ;
#2487 = CARTESIAN_POINT ( 'NONE',  ( -7.492241923636441900, 2.199999999999999700, -7.067977854924602200 ) ) ;
#2488 = AXIS2_PLACEMENT_3D ( 'NONE', #99, #3289, #827 ) ;
#2489 = PLANE ( 'NONE',  #1126 ) ;
#2490 = FACE_OUTER_BOUND ( 'NONE', #2716, .T. ) ;
#2491 = AXIS2_PLACEMENT_3D ( 'NONE', #804, #1860, #2321 ) ;
#2492 = CARTESIAN_POINT ( 'NONE',  ( -4.833333333333333900, -2.499999999999999600, 0.1657856989664883200 ) ) ;
#2493 = CARTESIAN_POINT ( 'NONE',  ( 0.7500000000000002200, 1.879289533778312900, 10.97440203382398500 ) ) ;
#2494 = ORIENTED_EDGE ( 'NONE', *, *, #4217, .T. ) ;
#2495 = LINE ( 'NONE', #4055, #277 ) ;
#2496 = DIRECTION ( 'NONE',  ( 0.3894282690011270900, -0.8660254037844377100, 0.3136010575600592900 ) ) ;
#2497 = CYLINDRICAL_SURFACE ( 'NONE', #338, 10.30000000000000200 ) ;
#2498 = CARTESIAN_POINT ( 'NONE',  ( -7.563149311035939300, 2.199999999999999700, -7.987413379747954100 ) ) ;
#2499 = EDGE_CURVE ( 'NONE', #175, #3188, #1611, .T. ) ;
#2500 = DIRECTION ( 'NONE',  ( 0.0000000000000000000, 0.0000000000000000000, -1.000000000000000000 ) ) ;
#2501 = CARTESIAN_POINT ( 'NONE',  ( -7.952942202794572400, 1.700000000000000200, -7.599388812201216800 ) ) ;
#2502 = DIRECTION ( 'NONE',  ( -0.0000000000000000000, -1.000000000000000000, -0.0000000000000000000 ) ) ;
#2503 = EDGE_LOOP ( 'NONE', ( #3276, #1159, #709, #2623, #782 ) ) ;
#2504 = DIRECTION ( 'NONE',  ( -0.0000000000000000000, -1.000000000000000000, -0.0000000000000000000 ) ) ;
#2505 = ADVANCED_FACE ( 'NONE', ( #1319 ), #982, .T. ) ;
#2506 = ORIENTED_EDGE ( 'NONE', *, *, #2925, .F. ) ;
#2507 = EDGE_CURVE ( 'NONE', #4490, #1954, #2254, .T. ) ;
#2508 = CARTESIAN_POINT ( 'NONE',  ( 5.337279788487988300, -5.807179676972452900, -0.09999997628065321300 ) ) ;
#2509 = DIRECTION ( 'NONE',  ( -0.0000000000000000000, -1.000000000000000000, -0.0000000000000000000 ) ) ;
#2510 = ORIENTED_EDGE ( 'NONE', *, *, #3309, .F. ) ;
#2511 = DIRECTION ( 'NONE',  ( 0.0000000000000000000, 0.0000000000000000000, 1.000000000000000000 ) ) ;
#2512 = AXIS2_PLACEMENT_3D ( 'NONE', #4520, #3152, #3203 ) ;
#2513 = AXIS2_PLACEMENT_3D ( 'NONE', #740, #2815, #3200 ) ;
#2514 = ORIENTED_EDGE ( 'NONE', *, *, #3739, .T. ) ;
#2515 = ORIENTED_EDGE ( 'NONE', *, *, #658, .T. ) ;
#2516 = DIRECTION ( 'NONE',  ( 0.7071067811865472400, 0.0000000000000000000, 0.7071067811865479100 ) ) ;
#2517 = CARTESIAN_POINT ( 'NONE',  ( -5.000000000000000000, -4.949747468305832700, 0.0000000000000000000 ) ) ;
#2518 = VERTEX_POINT ( 'NONE', #1284 ) ;
#2519 = AXIS2_PLACEMENT_3D ( 'NONE', #3012, #1264, #170 ) ;
#2520 = LINE ( 'NONE', #3246, #1917 ) ;
#2521 = DIRECTION ( 'NONE',  ( 0.0000000000000000000, 0.0000000000000000000, 1.000000000000000000 ) ) ;
#2522 = FACE_OUTER_BOUND ( 'NONE', #362, .T. ) ;
#2523 = ORIENTED_EDGE ( 'NONE', *, *, #3760, .T. ) ;
#2524 = CARTESIAN_POINT ( 'NONE',  ( 5.259807621135332000, -2.000000000000000000, -0.1499999999999998300 ) ) ;
#2525 = CIRCLE ( 'NONE', #1401, 11.00000000000000200 ) ;
#2526 = FACE_OUTER_BOUND ( 'NONE', #3941, .T. ) ;
#2527 = EDGE_CURVE ( 'NONE', #822, #4267, #872, .T. ) ;
#2528 = ORIENTED_EDGE ( 'NONE', *, *, #785, .T. ) ;
#2529 = ADVANCED_FACE ( 'NONE', ( #3072 ), #520, .F. ) ;
#2530 = EDGE_LOOP ( 'NONE', ( #4084, #3371, #573, #4004 ) ) ;
#2531 = LINE ( 'NONE', #3965, #204 ) ;
#2532 = DIRECTION ( 'NONE',  ( 0.0000000000000000000, 0.9805806756909201100, 0.1961161351381845400 ) ) ;
#2533 = ORIENTED_EDGE ( 'NONE', *, *, #2205, .F. ) ;
#2534 = DIRECTION ( 'NONE',  ( -0.8660254037844396000, 0.0000000000000000000, 0.4999999999999983300 ) ) ;
#2535 = DIRECTION ( 'NONE',  ( 0.7788565380022507400, 0.0000000000000000000, 0.6272021151201170300 ) ) ;
#2536 = EDGE_CURVE ( 'NONE', #3579, #1970, #4021, .T. ) ;
#2537 = LINE ( 'NONE', #1247, #1828 ) ;
#2538 = CARTESIAN_POINT ( 'NONE',  ( 4.666666666666666100, -2.499999999999999600, 0.03157139793297723800 ) ) ;
#2539 = LINE ( 'NONE', #3378, #3197 ) ;
#2540 = EDGE_CURVE ( 'NONE', #4503, #4119, #4342, .T. ) ;
#2541 = ORIENTED_EDGE ( 'NONE', *, *, #817, .T. ) ;
#2542 = CARTESIAN_POINT ( 'NONE',  ( 0.7500000000000011100, 1.200000000000000000, 10.97440203382398700 ) ) ;
#2543 = CARTESIAN_POINT ( 'NONE',  ( -5.187040989574746200, -2.000000000000001300, 0.2405325443786982800 ) ) ;
#2544 = LINE ( 'NONE', #3221, #663 ) ;
#2545 = CARTESIAN_POINT ( 'NONE',  ( -5.337279788487988300, -13.89442718039230100, -0.09999997628065321300 ) ) ;
#2546 = AXIS2_PLACEMENT_3D ( 'NONE', #1271, #1253, #1629 ) ;
#2547 = DIRECTION ( 'NONE',  ( 0.0000000000000000000, -1.000000000000000000, 0.0000000000000000000 ) ) ;
#2548 = DIRECTION ( 'NONE',  ( 0.0000000000000000000, 0.0000000000000000000, 1.000000000000000000 ) ) ;
#2549 = DIRECTION ( 'NONE',  ( 0.3894282690011263100, -0.8660254037844378200, 0.3136010575600597900 ) ) ;
#2550 = EDGE_LOOP ( 'NONE', ( #10, #2255, #1203, #3065 ) ) ;
#2551 = DIRECTION ( 'NONE',  ( -0.7071067811865506800, 0.0000000000000000000, 0.7071067811865443500 ) ) ;
#2552 = ADVANCED_FACE ( 'NONE', ( #427 ), #567, .F. ) ;
#2553 = DIRECTION ( 'NONE',  ( -0.0000000000000000000, -1.000000000000000000, -0.0000000000000000000 ) ) ;
#2554 = LINE ( 'NONE', #3571, #2610 ) ;
#2555 = CARTESIAN_POINT ( 'NONE',  ( 0.0000000000000000000, 2.100000000000000100, 0.0000000000000000000 ) ) ;
#2556 = EDGE_CURVE ( 'NONE', #1445, #852, #2142, .T. ) ;
#2557 = DIRECTION ( 'NONE',  ( -0.7071067811865471300, 0.0000000000000000000, 0.7071067811865479100 ) ) ;
#2558 = EDGE_LOOP ( 'NONE', ( #3507, #2143, #2846, #1511, #3932, #2678 ) ) ;
#2559 = DIRECTION ( 'NONE',  ( -0.7071067811865471300, 0.0000000000000000000, -0.7071067811865479100 ) ) ;
#2560 = DIRECTION ( 'NONE',  ( -0.0000000000000000000, -1.000000000000000000, -0.0000000000000000000 ) ) ;
#2561 = VERTEX_POINT ( 'NONE', #1931 ) ;
#2562 = EDGE_CURVE ( 'NONE', #2921, #2750, #650, .T. ) ;
#2563 = ORIENTED_EDGE ( 'NONE', *, *, #1104, .F. ) ;
#2564 = DIRECTION ( 'NONE',  ( -0.0000000000000000000, 1.000000000000000000, -0.0000000000000000000 ) ) ;
#2565 = PLANE ( 'NONE',  #1150 ) ;
#2566 = EDGE_CURVE ( 'NONE', #4115, #1232, #2425, .T. ) ;
#2567 = ORIENTED_EDGE ( 'NONE', *, *, #1486, .T. ) ;
#2568 = CARTESIAN_POINT ( 'NONE',  ( -5.317542648054295100, -2.000000000000000000, -0.1833333333333333800 ) ) ;
#2569 = ORIENTED_EDGE ( 'NONE', *, *, #2720, .T. ) ;
#2570 = ORIENTED_EDGE ( 'NONE', *, *, #2624, .T. ) ;
#2571 = SURFACE_STYLE_USAGE ( .BOTH. , #797 ) ;
#2572 = DIRECTION ( 'NONE',  ( 0.0000000000000000000, 1.000000000000000000, 0.0000000000000000000 ) ) ;
#2573 = AXIS2_PLACEMENT_3D ( 'NONE', #1626, #4070, #2300 ) ;
#2574 = AXIS2_PLACEMENT_3D ( 'NONE', #3524, #3861, #3904 ) ;
#2575 = ADVANCED_FACE ( 'NONE', ( #261 ), #1146, .T. ) ;
#2576 = ORIENTED_EDGE ( 'NONE', *, *, #2899, .T. ) ;
#2577 = VECTOR ( 'NONE', #3272, 1000.000000000000000 ) ;
#2578 = LINE ( 'NONE', #1729, #2359 ) ;
#2579 = ORIENTED_EDGE ( 'NONE', *, *, #2620, .F. ) ;
#2580 = EDGE_CURVE ( 'NONE', #3224, #2156, #1262, .T. ) ;
#2581 = VERTEX_POINT ( 'NONE', #2501 ) ;
#2582 = DIRECTION ( 'NONE',  ( 0.0000000000000000000, 0.0000000000000000000, 1.000000000000000000 ) ) ;
#2583 = VECTOR ( 'NONE', #2439, 1000.000000000000000 ) ;
#2584 = CARTESIAN_POINT ( 'NONE',  ( -7.457830877212921400, 1.700000000000000000, -7.104277486619565700 ) ) ;
#2585 = VERTEX_POINT ( 'NONE', #3593 ) ;
#2586 = VECTOR ( 'NONE', #4352, 1000.000000000000000 ) ;
#2587 = EDGE_CURVE ( 'NONE', #648, #751, #3124, .T. ) ;
#2588 =( NAMED_UNIT ( * ) SI_UNIT ( $, .STERADIAN. ) SOLID_ANGLE_UNIT ( ) );
#2589 = CARTESIAN_POINT ( 'NONE',  ( 0.0000000000000000000, 7.199999999999998400, 0.0000000000000000000 ) ) ;
#2590 = EDGE_LOOP ( 'NONE', ( #1132, #1337, #2943, #4497, #3851 ) ) ;
#2591 = PLANE ( 'NONE',  #2758 ) ;
#2592 = LINE ( 'NONE', #2172, #4192 ) ;
#2593 = CARTESIAN_POINT ( 'NONE',  ( -0.7500000000000002200, 1.879297566199156000, 10.27265788391690300 ) ) ;
#2594 = CARTESIAN_POINT ( 'NONE',  ( -5.000000000000000000, 0.2499999999999958900, 0.0000000000000000000 ) ) ;
#2595 = EDGE_CURVE ( 'NONE', #2209, #2138, #2903, .T. ) ;
#2596 = CARTESIAN_POINT ( 'NONE',  ( -0.8000000000000002700, 2.199999999999999700, 10.97087052152198100 ) ) ;
#2597 = FACE_OUTER_BOUND ( 'NONE', #2004, .T. ) ;
#2598 = ADVANCED_FACE ( 'NONE', ( #4240 ), #1096, .F. ) ;
#2599 = ORIENTED_EDGE ( 'NONE', *, *, #2587, .T. ) ;
#2600 = PLANE ( 'NONE',  #3180 ) ;
#2601 = LINE ( 'NONE', #2647, #4362 ) ;
#2602 = AXIS2_PLACEMENT_3D ( 'NONE', #2928, #1843, #826 ) ;
#2603 = CARTESIAN_POINT ( 'NONE',  ( -5.000000000000000000, 0.2499999999999958900, 1.750000000000000000 ) ) ;
#2604 = CARTESIAN_POINT ( 'NONE',  ( 4.599999999999999600, -5.807179676972451100, -0.02211432248042705800 ) ) ;
#2605 = DIRECTION ( 'NONE',  ( 0.0000000000000000000, 0.0000000000000000000, 1.000000000000000000 ) ) ;
#2606 = FACE_OUTER_BOUND ( 'NONE', #1573, .T. ) ;
#2607 = DIRECTION ( 'NONE',  ( 0.0000000000000000000, -0.0000000000000000000, 1.000000000000000000 ) ) ;
#2608 = ORIENTED_EDGE ( 'NONE', *, *, #496, .F. ) ;
#2609 = CARTESIAN_POINT ( 'NONE',  ( -0.7500000000000002200, 1.800000000000000500, -10.97440203382398500 ) ) ;
#2610 = VECTOR ( 'NONE', #2509, 1000.000000000000000 ) ;
#2611 = VERTEX_POINT ( 'NONE', #2934 ) ;
#2612 = CARTESIAN_POINT ( 'NONE',  ( -7.987413379747872400, 1.200000000000000000, 7.563149311036023700 ) ) ;
#2613 = EDGE_CURVE ( 'NONE', #3419, #1918, #1031, .T. ) ;
#2614 = ORIENTED_EDGE ( 'NONE', *, *, #4471, .F. ) ;
#2615 = DIRECTION ( 'NONE',  ( 0.0000000000000000000, 0.0000000000000000000, -1.000000000000000000 ) ) ;
#2616 = CARTESIAN_POINT ( 'NONE',  ( 5.088457384799100100, -6.500000000000000000, 0.2287665235676192600 ) ) ;
#2617 = DIRECTION ( 'NONE',  ( 0.0000000000000000000, -0.0000000000000000000, 1.000000000000000000 ) ) ;
#2618 = ADVANCED_FACE ( 'NONE', ( #537 ), #3317, .F. ) ;
#2619 = ORIENTED_EDGE ( 'NONE', *, *, #1715, .F. ) ;
#2620 = EDGE_CURVE ( 'NONE', #3683, #2652, #1739, .T. ) ;
#2621 = CARTESIAN_POINT ( 'NONE',  ( 0.0000000000000000000, 6.200000000000001100, 0.0000000000000000000 ) ) ;
#2622 = ORIENTED_EDGE ( 'NONE', *, *, #214, .T. ) ;
#2623 = ORIENTED_EDGE ( 'NONE', *, *, #1189, .F. ) ;
#2624 = EDGE_CURVE ( 'NONE', #1840, #3079, #3863, .T. ) ;
#2625 = VERTEX_POINT ( 'NONE', #3943 ) ;
#2626 = DIRECTION ( 'NONE',  ( 1.112560217688397700E-016, 0.0000000000000000000, -1.000000000000000000 ) ) ;
#2627 = VECTOR ( 'NONE', #108, 1000.000000000000000 ) ;
#2628 = FACE_OUTER_BOUND ( 'NONE', #2550, .T. ) ;
#2629 = DIRECTION ( 'NONE',  ( 0.0000000000000000000, -1.000000000000000000, 0.0000000000000000000 ) ) ;
#2630 = ORIENTED_EDGE ( 'NONE', *, *, #4502, .T. ) ;
#2631 = ORIENTED_EDGE ( 'NONE', *, *, #565, .F. ) ;
#2632 = CYLINDRICAL_SURFACE ( 'NONE', #3968, 0.2999999999999999900 ) ;
#2633 = LINE ( 'NONE', #3879, #1822 ) ;
#2634 = VERTEX_POINT ( 'NONE', #3613 ) ;
#2635 = CARTESIAN_POINT ( 'NONE',  ( 0.0000000000000000000, 1.700000000000000000, 0.0000000000000000000 ) ) ;
#2636 = ORIENTED_EDGE ( 'NONE', *, *, #891, .F. ) ;
#2637 = DIRECTION ( 'NONE',  ( 0.0000000000000000000, 0.0000000000000000000, -1.000000000000000000 ) ) ;
#2638 = LINE ( 'NONE', #2923, #3913 ) ;
#2639 = ADVANCED_FACE ( 'NONE', ( #92 ), #1559, .F. ) ;
#2640 = ORIENTED_EDGE ( 'NONE', *, *, #674, .F. ) ;
#2641 = DIRECTION ( 'NONE',  ( 0.0000000000000000000, -1.000000000000000000, 0.0000000000000000000 ) ) ;
#2642 = CARTESIAN_POINT ( 'NONE',  ( 7.033545766285747900, -27.64995667241114700, 7.387099156879095600 ) ) ;
#2643 = VECTOR ( 'NONE', #3361, 1000.000000000000000 ) ;
#2644 = CARTESIAN_POINT ( 'NONE',  ( 5.187040989574746200, -2.000000000000001300, 0.2405325443786982800 ) ) ;
#2645 = CARTESIAN_POINT ( 'NONE',  ( -5.000000000000000900, -2.500000000000000000, 0.2999999999999997100 ) ) ;
#2646 = EDGE_CURVE ( 'NONE', #2422, #2827, #3239, .T. ) ;
#2647 = CARTESIAN_POINT ( 'NONE',  ( -4.701456295188340700, -2.250000000000000400, -0.1249999881403266300 ) ) ;
#2648 = VECTOR ( 'NONE', #735, 1000.000000000000000 ) ;
#2649 = DIRECTION ( 'NONE',  ( 0.0000000000000000000, 1.000000000000000000, 0.0000000000000000000 ) ) ;
#2650 = CARTESIAN_POINT ( 'NONE',  ( -7.104277486619568400, 1.700000000000000000, 7.457830877212916000 ) ) ;
#2651 = EDGE_CURVE ( 'NONE', #4515, #1316, #4134, .T. ) ;
#2652 = VERTEX_POINT ( 'NONE', #3696 ) ;
#2653 = ORIENTED_EDGE ( 'NONE', *, *, #3709, .F. ) ;
#2654 = ORIENTED_EDGE ( 'NONE', *, *, #3960, .T. ) ;
#2655 = FACE_OUTER_BOUND ( 'NONE', #2463, .T. ) ;
#2656 = ORIENTED_EDGE ( 'NONE', *, *, #3901, .F. ) ;
#2657 = AXIS2_PLACEMENT_3D ( 'NONE', #2021, #3435, #3051 ) ;
#2658 =( GEOMETRIC_REPRESENTATION_CONTEXT ( 3 ) GLOBAL_UNCERTAINTY_ASSIGNED_CONTEXT ( ( #4532 ) ) GLOBAL_UNIT_ASSIGNED_CONTEXT ( ( #1637, #221, #2297 ) ) REPRESENTATION_CONTEXT ( 'NONE', 'WORKASPACE' ) );
#2659 = DIRECTION ( 'NONE',  ( 0.0000000000000000000, 0.0000000000000000000, 1.000000000000000000 ) ) ;
#2660 = LINE ( 'NONE', #3892, #787 ) ;
#2661 = DIRECTION ( 'NONE',  ( -0.0000000000000000000, 1.000000000000000000, -0.0000000000000000000 ) ) ;
#2662 = ADVANCED_FACE ( 'NONE', ( #3708 ), #4506, .F. ) ;
#2663 = UNCERTAINTY_MEASURE_WITH_UNIT (LENGTH_MEASURE( 1.000000000000000100E-005 ), #407, 'distance_accuracy_value', 'NONE');
#2664 = ORIENTED_EDGE ( 'NONE', *, *, #990, .T. ) ;
#2665 = ORIENTED_EDGE ( 'NONE', *, *, #4303, .T. ) ;
#2666 = DIRECTION ( 'NONE',  ( 0.0000000000000000000, -1.000000000000000000, 0.0000000000000000000 ) ) ;
#2667 = CARTESIAN_POINT ( 'NONE',  ( 7.563149311035939300, 1.200000000000000000, -7.987413379747954100 ) ) ;
#2668 = ORIENTED_EDGE ( 'NONE', *, *, #3840, .T. ) ;
#2669 = DIRECTION ( 'NONE',  ( -0.0000000000000000000, 1.000000000000000000, -0.0000000000000000000 ) ) ;
#2670 = CARTESIAN_POINT ( 'NONE',  ( 5.000000000000000000, -2.500000000000000000, 0.1716066501072230900 ) ) ;
#2671 = EDGE_CURVE ( 'NONE', #2257, #3975, #923, .T. ) ;
#2672 = DIRECTION ( 'NONE',  ( 0.0000000000000000000, -0.0000000000000000000, -1.000000000000000000 ) ) ;
#2673 = VERTEX_POINT ( 'NONE', #3389 ) ;
#2674 = EDGE_LOOP ( 'NONE', ( #2398, #3513, #3441, #3777, #1706, #1317 ) ) ;
#2675 = EDGE_CURVE ( 'NONE', #1919, #202, #1501, .T. ) ;
#2676 = VERTEX_POINT ( 'NONE', #3732 ) ;
#2677 = DIRECTION ( 'NONE',  ( 0.0000000000000000000, -0.0000000000000000000, -1.000000000000000000 ) ) ;
#2678 = ORIENTED_EDGE ( 'NONE', *, *, #2899, .F. ) ;
#2679 = AXIS2_PLACEMENT_3D ( 'NONE', #4343, #1243, #2605 ) ;
#2680 = CYLINDRICAL_SURFACE ( 'NONE', #1784, 0.2999999999999999900 ) ;
#2681 = VECTOR ( 'NONE', #329, 1000.000000000000000 ) ;
#2682 = DIRECTION ( 'NONE',  ( 0.0000000000000000000, 1.000000000000000000, 0.0000000000000000000 ) ) ;
#2683 = ORIENTED_EDGE ( 'NONE', *, *, #1943, .F. ) ;
#2684 = ORIENTED_EDGE ( 'NONE', *, *, #2317, .F. ) ;
#2685 = CARTESIAN_POINT ( 'NONE',  ( -5.133333333333333700, -2.499999999999999600, 0.1926285591731909700 ) ) ;
#2686 = FACE_OUTER_BOUND ( 'NONE', #3947, .T. ) ;
#2687 = CARTESIAN_POINT ( 'NONE',  ( 4.887573403837331300, -2.499999999999999600, 0.08107110797792635400 ) ) ;
#2688 = AXIS2_PLACEMENT_3D ( 'NONE', #649, #973, #4144 ) ;
#2689 = ORIENTED_EDGE ( 'NONE', *, *, #1841, .T. ) ;
#2690 = CIRCLE ( 'NONE', #2061, 1.000000000000000900 ) ;
#2691 = DIRECTION ( 'NONE',  ( -0.0000000000000000000, -1.000000000000000000, -0.0000000000000000000 ) ) ;
#2692 = ORIENTED_EDGE ( 'NONE', *, *, #219, .T. ) ;
#2693 = CARTESIAN_POINT ( 'NONE',  ( -5.400000000000000400, -5.807179676972452900, -0.02211432248042713100 ) ) ;
#2694 = DIRECTION ( 'NONE',  ( 0.0000000000000000000, -0.0000000000000000000, -1.000000000000000000 ) ) ;
#2695 = FACE_OUTER_BOUND ( 'NONE', #392, .T. ) ;
#2696 = EDGE_CURVE ( 'NONE', #4340, #2703, #1093, .T. ) ;
#2697 = PRODUCT ( 'PKM22EPPH4001-B0', 'PKM22EPPH4001-B0', '', ( #781 ) ) ;
#2698 = CARTESIAN_POINT ( 'NONE',  ( 7.599388812201220300, 7.664080173772339000, -7.952942202794568900 ) ) ;
#2699 = PLANE ( 'NONE',  #2117 ) ;
#2700 = CARTESIAN_POINT ( 'NONE',  ( -5.000000000000000000, 0.0000000000000000000, 0.3999999999999999700 ) ) ;
#2701 = FACE_OUTER_BOUND ( 'NONE', #1905, .T. ) ;
#2702 = ORIENTED_EDGE ( 'NONE', *, *, #3344, .T. ) ;
#2703 = VERTEX_POINT ( 'NONE', #3457 ) ;
#2704 = CARTESIAN_POINT ( 'NONE',  ( 5.057735026918964000, -2.000000000000000400, 0.3999999999999999100 ) ) ;
#2705 = LINE ( 'NONE', #1239, #3362 ) ;
#2706 = AXIS2_PLACEMENT_3D ( 'NONE', #1814, #2140, #3883 ) ;
#2707 = LINE ( 'NONE', #1662, #3207 ) ;
#2708 = CARTESIAN_POINT ( 'NONE',  ( -7.492241923636441900, 2.199999999999999700, -7.067977854924602200 ) ) ;
#2709 = AXIS2_PLACEMENT_3D ( 'NONE', #1518, #2208, #180 ) ;
#2710 = DIRECTION ( 'NONE',  ( 0.6272021151201170300, 0.0000000000000000000, -0.7788565380022507400 ) ) ;
#2711 = CARTESIAN_POINT ( 'NONE',  ( -5.000000000000000000, 1.199999999999999700, -1.750000000000000000 ) ) ;
#2712 = ORIENTED_EDGE ( 'NONE', *, *, #3050, .T. ) ;
#2713 = EDGE_LOOP ( 'NONE', ( #1173, #3539, #2278, #2515, #1310 ) ) ;
#2714 = DIRECTION ( 'NONE',  ( 0.0000000000000000000, -1.000000000000000000, 0.0000000000000000000 ) ) ;
#2715 = CARTESIAN_POINT ( 'NONE',  ( 0.0000000000000000000, 1.199999999999999700, 0.0000000000000000000 ) ) ;
#2716 = EDGE_LOOP ( 'NONE', ( #4222, #3652, #2329, #3047 ) ) ;
#2717 = CARTESIAN_POINT ( 'NONE',  ( -4.943786701918664800, -2.499999999999999600, 0.1263388790425741300 ) ) ;
#2718 = EDGE_LOOP ( 'NONE', ( #723, #1131, #3263, #1217 ) ) ;
#2719 = CARTESIAN_POINT ( 'NONE',  ( 1.347111479062088400E-015, 46.31269837220808900, 11.00000000000000000 ) ) ;
#2720 = EDGE_CURVE ( 'NONE', #1970, #1070, #478, .T. ) ;
#2721 = EDGE_LOOP ( 'NONE', ( #1712, #1076, #2409, #3804, #343 ) ) ;
#2722 = PLANE ( 'NONE',  #4114 ) ;
#2723 = CARTESIAN_POINT ( 'NONE',  ( 4.702271739882390600, -2.000000000000000000, -0.06479289940828426900 ) ) ;
#2724 = ORIENTED_EDGE ( 'NONE', *, *, #4292, .F. ) ;
#2725 = CARTESIAN_POINT ( 'NONE',  ( 0.0000000000000000000, 8.200000000000001100, 2.000000000000000000 ) ) ;
#2726 = VECTOR ( 'NONE', #2819, 1000.000000000000000 ) ;
#2727 = EDGE_CURVE ( 'NONE', #2280, #3235, #3758, .T. ) ;
#2728 = FACE_OUTER_BOUND ( 'NONE', #3523, .T. ) ;
#2729 = ORIENTED_EDGE ( 'NONE', *, *, #2464, .T. ) ;
#2730 = DIRECTION ( 'NONE',  ( 0.0000000000000000000, 1.000000000000000000, 0.0000000000000000000 ) ) ;
#2731 = VECTOR ( 'NONE', #3376, 1000.000000000000000 ) ;
#2732 = CYLINDRICAL_SURFACE ( 'NONE', #319, 0.2999999999999999300 ) ;
#2733 = EDGE_LOOP ( 'NONE', ( #2769, #2895, #1591, #1636, #3817 ) ) ;
#2734 = AXIS2_PLACEMENT_3D ( 'NONE', #3850, #1816, #4213 ) ;
#2735 = MECHANICAL_DESIGN_GEOMETRIC_PRESENTATION_REPRESENTATION (  '', ( #382 ), #2974 ) ;
#2736 = PLANE ( 'NONE',  #4348 ) ;
#2737 = CIRCLE ( 'NONE', #3465, 10.20000000000000300 ) ;
#2738 = EDGE_LOOP ( 'NONE', ( #777, #750, #3798, #1863 ) ) ;
#2739 = DIRECTION ( 'NONE',  ( 0.0000000000000000000, 0.0000000000000000000, 1.000000000000000000 ) ) ;
#2740 = CARTESIAN_POINT ( 'NONE',  ( 7.067977854924515100, 2.199999999999999700, 7.492241923636521900 ) ) ;
#2741 = CYLINDRICAL_SURFACE ( 'NONE', #2089, 0.3999999999999999700 ) ;
#2742 = CARTESIAN_POINT ( 'NONE',  ( 0.0000000000000000000, 1.700000000000000000, 0.0000000000000000000 ) ) ;
#2743 = ORIENTED_EDGE ( 'NONE', *, *, #954, .T. ) ;
#2744 = CARTESIAN_POINT ( 'NONE',  ( -5.337279788487988300, -6.500000000000000000, -0.09999997628065321300 ) ) ;
#2745 = EDGE_CURVE ( 'NONE', #1954, #751, #3856, .T. ) ;
#2746 = VECTOR ( 'NONE', #1340, 1000.000000000000100 ) ;
#2747 = ORIENTED_EDGE ( 'NONE', *, *, #1841, .F. ) ;
#2748 = CARTESIAN_POINT ( 'NONE',  ( 7.599388812201220300, 1.200000000000000000, 7.952942202794568900 ) ) ;
#2749 = DIRECTION ( 'NONE',  ( 0.0000000000000000000, 0.0000000000000000000, -1.000000000000000000 ) ) ;
#2750 = VERTEX_POINT ( 'NONE', #2029 ) ;
#2751 = CARTESIAN_POINT ( 'NONE',  ( -7.563149311035942000, 2.199999999999999700, 7.987413379747950500 ) ) ;
#2752 = LINE ( 'NONE', #1571, #2441 ) ;
#2753 = CARTESIAN_POINT ( 'NONE',  ( -4.662720211512012500, -13.89442718039230100, -0.09999997628065304700 ) ) ;
#2754 = EDGE_CURVE ( 'NONE', #4179, #2448, #701, .T. ) ;
#2755 = CARTESIAN_POINT ( 'NONE',  ( 7.987413379747868800, 1.200000000000000000, -7.563149311036029100 ) ) ;
#2756 = VECTOR ( 'NONE', #4194, 1000.000000000000000 ) ;
#2757 = DIRECTION ( 'NONE',  ( 0.0000000000000000000, 0.0000000000000000000, 1.000000000000000000 ) ) ;
#2758 = AXIS2_PLACEMENT_3D ( 'NONE', #2545, #470, #2931 ) ;
#2759 = VECTOR ( 'NONE', #2560, 1000.000000000000000 ) ;
#2760 = CARTESIAN_POINT ( 'NONE',  ( -4.803253456715333800, -2.499999999999999600, 0.01316945138095671300 ) ) ;
#2761 = DIRECTION ( 'NONE',  ( 0.0000000000000000000, 0.0000000000000000000, -1.000000000000000000 ) ) ;
#2762 = DIRECTION ( 'NONE',  ( -0.0000000000000000000, 1.000000000000000000, -0.0000000000000000000 ) ) ;
#2763 = VERTEX_POINT ( 'NONE', #1723 ) ;
#2764 = AXIS2_PLACEMENT_3D ( 'NONE', #665, #1369, #1386 ) ;
#2765 = AXIS2_PLACEMENT_3D ( 'NONE', #253, #1311, #4125 ) ;
#2766 = CARTESIAN_POINT ( 'NONE',  ( -5.000000000000000000, 1.199999999999999700, 0.0000000000000000000 ) ) ;
#2767 = ORIENTED_EDGE ( 'NONE', *, *, #3161, .T. ) ;
#2768 = CARTESIAN_POINT ( 'NONE',  ( 0.0000000000000000000, 2.199999999999999700, 0.0000000000000000000 ) ) ;
#2769 = ORIENTED_EDGE ( 'NONE', *, *, #3316, .T. ) ;
#2770 = EDGE_CURVE ( 'NONE', #2990, #1851, #2246, .T. ) ;
#2771 = CARTESIAN_POINT ( 'NONE',  ( -7.599388812201220300, 1.200000000000000000, 7.952942202794568900 ) ) ;
#2772 = ORIENTED_EDGE ( 'NONE', *, *, #421, .T. ) ;
#2773 = VECTOR ( 'NONE', #1921, 1000.000000000000000 ) ;
#2774 = DIRECTION ( 'NONE',  ( 0.0000000000000000000, -0.0000000000000000000, 1.000000000000000000 ) ) ;
#2775 = EDGE_CURVE ( 'NONE', #1651, #3240, #3232, .T. ) ;
#2776 = ORIENTED_EDGE ( 'NONE', *, *, #279, .F. ) ;
#2777 = CARTESIAN_POINT ( 'NONE',  ( 7.987413379747868800, 2.199999999999999700, -7.563149311036029100 ) ) ;
#2778 = DIRECTION ( 'NONE',  ( 0.0000000000000000000, 0.0000000000000000000, -1.000000000000000000 ) ) ;
#2779 = LINE ( 'NONE', #3530, #2897 ) ;
#2780 = LINE ( 'NONE', #63, #1815 ) ;
#2781 = ORIENTED_EDGE ( 'NONE', *, *, #2624, .F. ) ;
#2782 = ORIENTED_EDGE ( 'NONE', *, *, #4052, .T. ) ;
#2783 = EDGE_CURVE ( 'NONE', #1685, #230, #3542, .T. ) ;
#2784 = VECTOR ( 'NONE', #819, 1000.000000000000000 ) ;
#2785 = UNCERTAINTY_MEASURE_WITH_UNIT (LENGTH_MEASURE( 1.000000000000000100E-005 ), #3273, 'distance_accuracy_value', 'NONE');
#2786 = ORIENTED_EDGE ( 'NONE', *, *, #967, .F. ) ;
#2787 = DIRECTION ( 'NONE',  ( 0.0000000000000000000, 0.0000000000000000000, 1.000000000000000000 ) ) ;
#2788 = ADVANCED_FACE ( 'NONE', ( #1762 ), #2371, .F. ) ;
#2789 = LINE ( 'NONE', #2429, #1443 ) ;
#2790 = AXIS2_PLACEMENT_3D ( 'NONE', #3363, #1269, #3701 ) ;
#2791 = PLANE ( 'NONE',  #415 ) ;
#2792 = AXIS2_PLACEMENT_3D ( 'NONE', #2555, #3583, #1932 ) ;
#2793 = ORIENTED_EDGE ( 'NONE', *, *, #190, .F. ) ;
#2794 = DIRECTION ( 'NONE',  ( 0.0000000000000000000, -1.000000000000000000, 0.0000000000000000000 ) ) ;
#2795 = LINE ( 'NONE', #3873, #2852 ) ;
#2796 = B_SPLINE_SURFACE_WITH_KNOTS ( 'NONE', 3, 1, ( 
 ( #3726, #2023 ),
 ( #2355, #4393 ),
 ( #4063, #2723 ),
 ( #1697, #4105 ),
 ( #244, #916 ),
 ( #2009, #1684 ),
 ( #2687, #4437 ),
 ( #232, #205 ),
 ( #3382, #2390 ),
 ( #1646, #4094 ) ),
 .UNSPECIFIED., .F., .F., .F.,
 ( 4, 2, 2, 2, 4 ),
 ( 2, 2 ),
 ( 0.0000000000000000000, 0.2500000000000001100, 0.5000000000000000000, 0.7500000000000001100, 1.000000000000000000 ),
 ( 0.0000000000000000000, 1.000000000000000000 ),
 .UNSPECIFIED. ) ;
#2797 = CARTESIAN_POINT ( 'NONE',  ( -5.000000000000000000, -2.000000000000000000, 0.0000000000000000000 ) ) ;
#2798 = CARTESIAN_POINT ( 'NONE',  ( -0.7500000000011443100, 1.879299727253459500, -10.27265788391752500 ) ) ;
#2799 = EDGE_CURVE ( 'NONE', #1316, #1241, #2022, .T. ) ;
#2800 = B_SPLINE_SURFACE_WITH_KNOTS ( 'NONE', 3, 1, ( 
 ( #1474, #2524 ),
 ( #409, #770 ),
 ( #3242, #1121 ),
 ( #152, #512 ),
 ( #3586, #1521 ),
 ( #498, #2926 ) ),
 .UNSPECIFIED., .F., .F., .F.,
 ( 4, 2, 4 ),
 ( 2, 2 ),
 ( 0.0000000000000000000, 0.5000000000000000000, 1.000000000000000000 ),
 ( 0.0000000000000000000, 1.000000000000000000 ),
 .UNSPECIFIED. ) ;
#2801 = ORIENTED_EDGE ( 'NONE', *, *, #2267, .T. ) ;
#2802 = CARTESIAN_POINT ( 'NONE',  ( 5.000000000000000900, -6.500000000000000000, 0.2999999999999997700 ) ) ;
#2803 = COLOUR_RGB ( '',0.2509803921568627400, 0.2509803921568627400, 0.2509803921568627400 ) ;
#2804 = CARTESIAN_POINT ( 'NONE',  ( 4.662720211512012500, -5.807179676972451100, -0.09999997628065304700 ) ) ;
#2805 = EDGE_CURVE ( 'NONE', #4119, #2948, #1199, .T. ) ;
#2806 = CARTESIAN_POINT ( 'NONE',  ( 0.7500000000000001100, 1.199999999999999700, -10.17238909991158600 ) ) ;
#2807 = FACE_OUTER_BOUND ( 'NONE', #417, .T. ) ;
#2808 = CARTESIAN_POINT ( 'NONE',  ( -5.346410161513775300, -2.000000000000000000, -0.1999999999999997600 ) ) ;
#2809 = ADVANCED_FACE ( 'NONE', ( #4333 ), #945, .T. ) ;
#2810 = DIRECTION ( 'NONE',  ( -0.6272021151201170300, 0.0000000000000000000, -0.7788565380022507400 ) ) ;
#2811 = CIRCLE ( 'NONE', #4166, 0.3999999999999999700 ) ;
#2812 = EDGE_CURVE ( 'NONE', #1751, #3584, #816, .T. ) ;
#2813 = EDGE_LOOP ( 'NONE', ( #4483, #4180, #1358, #2656 ) ) ;
#2814 = ORIENTED_EDGE ( 'NONE', *, *, #1200, .T. ) ;
#2815 = DIRECTION ( 'NONE',  ( 0.0000000000000000000, 1.000000000000000000, 0.0000000000000000000 ) ) ;
#2816 = DIRECTION ( 'NONE',  ( 0.0000000000000000000, 1.000000000000000000, 0.0000000000000000000 ) ) ;
#2817 = AXIS2_PLACEMENT_3D ( 'NONE', #2114, #4198, #2137 ) ;
#2818 = VERTEX_POINT ( 'NONE', #266 ) ;
#2819 = DIRECTION ( 'NONE',  ( 0.0000000000000000000, 1.000000000000000000, 0.0000000000000000000 ) ) ;
#2820 = VERTEX_POINT ( 'NONE', #4449 ) ;
#2821 = PLANE ( 'NONE',  #3155 ) ;
#2822 = CARTESIAN_POINT ( 'NONE',  ( -4.597562948458356200, -2.000000000000000900, 0.05562130177514833200 ) ) ;
#2823 = AXIS2_PLACEMENT_3D ( 'NONE', #988, #1464, #1074 ) ;
#2824 = CARTESIAN_POINT ( 'NONE',  ( 0.0000000000000000000, 2.199999999999999700, 0.0000000000000000000 ) ) ;
#2825 = EDGE_LOOP ( 'NONE', ( #2108, #2370, #3846, #4289 ) ) ;
#2826 =( NAMED_UNIT ( * ) SI_UNIT ( $, .STERADIAN. ) SOLID_ANGLE_UNIT ( ) );
#2827 = VERTEX_POINT ( 'NONE', #2711 ) ;
#2828 = ORIENTED_EDGE ( 'NONE', *, *, #4153, .T. ) ;
#2829 = EDGE_CURVE ( 'NONE', #1648, #1249, #3650, .T. ) ;
#2830 = DIRECTION ( 'NONE',  ( 0.8660254037844396000, 0.0000000000000000000, 0.4999999999999982800 ) ) ;
#2831 = DIRECTION ( 'NONE',  ( 0.0000000000000000000, -1.000000000000000000, 0.0000000000000000000 ) ) ;
#2832 = ORIENTED_EDGE ( 'NONE', *, *, #2651, .F. ) ;
#2833 = ADVANCED_FACE ( 'NONE', ( #2472 ), #2632, .T. ) ;
#2834 = FACE_OUTER_BOUND ( 'NONE', #1711, .T. ) ;
#2835 = DIRECTION ( 'NONE',  ( 0.0000000000000000000, -0.0000000000000000000, -1.000000000000000000 ) ) ;
#2836 = VECTOR ( 'NONE', #1832, 1000.000000000000000 ) ;
#2837 = ORIENTED_EDGE ( 'NONE', *, *, #2540, .T. ) ;
#2838 = CARTESIAN_POINT ( 'NONE',  ( 0.0000000000000000000, 1.700000000000000000, 0.0000000000000000000 ) ) ;
#2839 = VERTEX_POINT ( 'NONE', #3410 ) ;
#2840 = DIRECTION ( 'NONE',  ( 0.0000000000000000000, 0.0000000000000000000, 1.000000000000000000 ) ) ;
#2841 = CIRCLE ( 'NONE', #4408, 11.00000000000000200 ) ;
#2842 = CARTESIAN_POINT ( 'NONE',  ( 0.0000000000000000000, 1.700000000000000000, 0.0000000000000000000 ) ) ;
#2843 = EDGE_CURVE ( 'NONE', #3339, #1890, #1313, .T. ) ;
#2844 = LINE ( 'NONE', #938, #3858 ) ;
#2845 = ORIENTED_EDGE ( 'NONE', *, *, #791, .T. ) ;
#2846 = ORIENTED_EDGE ( 'NONE', *, *, #126, .T. ) ;
#2847 = CARTESIAN_POINT ( 'NONE',  ( 0.0000000000000000000, 1.700000000000000000, 0.0000000000000000000 ) ) ;
#2848 = CARTESIAN_POINT ( 'NONE',  ( 4.599999999999999600, -2.500000000000000000, -0.02211432248042712700 ) ) ;
#2849 = VECTOR ( 'NONE', #2361, 1000.000000000000000 ) ;
#2850 = VERTEX_POINT ( 'NONE', #2038 ) ;
#2851 = AXIS2_PLACEMENT_3D ( 'NONE', #2889, #3291, #1181 ) ;
#2852 = VECTOR ( 'NONE', #2502, 1000.000000000000000 ) ;
#2853 = PLANE ( 'NONE',  #2369 ) ;
#2854 = AXIS2_PLACEMENT_3D ( 'NONE', #345, #2155, #3531 ) ;
#2855 = LINE ( 'NONE', #1681, #2036 ) ;
#2856 = AXIS2_PLACEMENT_3D ( 'NONE', #927, #1956, #1255 ) ;
#2857 = DIRECTION ( 'NONE',  ( -0.0000000000000000000, 1.000000000000000000, -0.0000000000000000000 ) ) ;
#2858 = DIRECTION ( 'NONE',  ( -0.0000000000000000000, 1.000000000000000000, -0.0000000000000000000 ) ) ;
#2859 = VECTOR ( 'NONE', #3973, 1000.000000000000000 ) ;
#2860 = ADVANCED_FACE ( 'NONE', ( #3068 ), #4077, .F. ) ;
#2861 = DIRECTION ( 'NONE',  ( 0.0000000000000000000, 0.0000000000000000000, 1.000000000000000000 ) ) ;
#2862 = APPLICATION_PROTOCOL_DEFINITION ( 'draft international standard', 'automotive_design', 1998, #1471 ) ;
#2863 = EDGE_LOOP ( 'NONE', ( #1352, #3399, #2636, #519, #4212, #2181 ) ) ;
#2864 = FACE_OUTER_BOUND ( 'NONE', #2994, .T. ) ;
#2865 = VERTEX_POINT ( 'NONE', #229 ) ;
#2866 = DIRECTION ( 'NONE',  ( 0.7071067811865479100, 0.0000000000000000000, 0.7071067811865472400 ) ) ;
#2867 = CARTESIAN_POINT ( 'NONE',  ( 5.000000000000000000, -2.000000000000000000, 0.0000000000000000000 ) ) ;
#2868 = CIRCLE ( 'NONE', #1365, 10.30000000000000200 ) ;
#2869 = CARTESIAN_POINT ( 'NONE',  ( -7.067977854924515100, 2.199999999999999700, 7.492241923636521900 ) ) ;
#2870 = CARTESIAN_POINT ( 'NONE',  ( 0.0000000000000000000, 7.664080173772339000, 0.0000000000000000000 ) ) ;
#2871 = EDGE_CURVE ( 'NONE', #1012, #2356, #2301, .T. ) ;
#2872 = DIRECTION ( 'NONE',  ( 0.0000000000000000000, 0.9805806756909201100, 0.1961161351381845400 ) ) ;
#2873 = CARTESIAN_POINT ( 'NONE',  ( -4.942264973081038600, -2.000000000000000400, 0.4000000000000001300 ) ) ;
#2874 = VECTOR ( 'NONE', #3926, 1000.000000000000000 ) ;
#2875 = ORIENTED_EDGE ( 'NONE', *, *, #1874, .F. ) ;
#2876 = ORIENTED_EDGE ( 'NONE', *, *, #4043, .T. ) ;
#2877 = EDGE_CURVE ( 'NONE', #1781, #4210, #760, .T. ) ;
#2878 = CARTESIAN_POINT ( 'NONE',  ( 4.653589838486224700, -2.000000000000000000, -0.1999999999999997900 ) ) ;
#2879 = ORIENTED_EDGE ( 'NONE', *, *, #3477, .F. ) ;
#2880 = ORIENTED_EDGE ( 'NONE', *, *, #2168, .F. ) ;
#2881 = DIRECTION ( 'NONE',  ( 0.7071067811865479100, 0.0000000000000000000, 0.7071067811865471300 ) ) ;
#2882 = DIRECTION ( 'NONE',  ( 0.7788565380022500800, 0.0000000000000000000, 0.6272021151201179200 ) ) ;
#2883 = DIRECTION ( 'NONE',  ( 0.0000000000000000000, 0.0000000000000000000, -1.000000000000000000 ) ) ;
#2884 = AXIS2_PLACEMENT_3D ( 'NONE', #4108, #1554, #4323 ) ;
#2885 = AXIS2_PLACEMENT_3D ( 'NONE', #4218, #350, #2521 ) ;
#2886 = ADVANCED_FACE ( 'NONE', ( #532 ), #633, .F. ) ;
#2887 = ORIENTED_EDGE ( 'NONE', *, *, #2053, .F. ) ;
#2888 = ORIENTED_EDGE ( 'NONE', *, *, #3056, .F. ) ;
#2889 = CARTESIAN_POINT ( 'NONE',  ( 0.0000000000000000000, 1.700000000000000200, 0.0000000000000000000 ) ) ;
#2890 = DIRECTION ( 'NONE',  ( -0.0000000000000000000, -1.000000000000000000, -0.0000000000000000000 ) ) ;
#2891 = PLANE ( 'NONE',  #56 ) ;
#2892 = CARTESIAN_POINT ( 'NONE',  ( -4.750612013900340700, -2.000000000000000400, 0.3207100591715979500 ) ) ;
#2893 = EDGE_LOOP ( 'NONE', ( #3484, #646, #2113, #1347, #3123, #4404 ) ) ;
#2894 = AXIS2_PLACEMENT_3D ( 'NONE', #2982, #1999, #2330 ) ;
#2895 = ORIENTED_EDGE ( 'NONE', *, *, #2906, .F. ) ;
#2896 = CARTESIAN_POINT ( 'NONE',  ( -7.563149311035939300, 2.199999999999999700, -7.987413379747954100 ) ) ;
#2897 = VECTOR ( 'NONE', #3825, 1000.000000000000000 ) ;
#2898 = VECTOR ( 'NONE', #3609, 1000.000000000000000 ) ;
#2899 = EDGE_CURVE ( 'NONE', #2964, #2167, #3117, .T. ) ;
#2900 = ORIENTED_EDGE ( 'NONE', *, *, #543, .T. ) ;
#2901 = DIRECTION ( 'NONE',  ( 0.0000000000000000000, 0.0000000000000000000, 1.000000000000000000 ) ) ;
#2902 = ORIENTED_EDGE ( 'NONE', *, *, #1604, .T. ) ;
#2903 = LINE ( 'NONE', #1512, #3763 ) ;
#2904 = ORIENTED_EDGE ( 'NONE', *, *, #1295, .T. ) ;
#2905 = CARTESIAN_POINT ( 'NONE',  ( 7.563149311035942000, 2.199999999999999700, 7.987413379747950500 ) ) ;
#2906 = EDGE_CURVE ( 'NONE', #1022, #2096, #4401, .T. ) ;
#2907 = SURFACE_STYLE_FILL_AREA ( #2998 ) ;
#2908 = ADVANCED_FACE ( 'NONE', ( #3494 ), #2565, .T. ) ;
#2909 = EDGE_LOOP ( 'NONE', ( #4132, #2438, #2124, #983 ) ) ;
#2910 = CARTESIAN_POINT ( 'NONE',  ( 5.056213298081335200, -2.499999999999999600, 0.1263388790425739000 ) ) ;
#2911 = DIRECTION ( 'NONE',  ( -0.0000000000000000000, 1.000000000000000000, -0.0000000000000000000 ) ) ;
#2912 = LINE ( 'NONE', #2217, #2377 ) ;
#2913 = AXIS2_PLACEMENT_3D ( 'NONE', #3994, #3007, #2659 ) ;
#2914 = CARTESIAN_POINT ( 'NONE',  ( 7.563149311035939300, 2.199999999999999700, -7.987413379747954100 ) ) ;
#2915 = CARTESIAN_POINT ( 'NONE',  ( -5.000000000000000000, -2.000000000000000000, 0.2999999999999998200 ) ) ;
#2916 = DIRECTION ( 'NONE',  ( -0.0000000000000000000, -1.000000000000000000, -0.0000000000000000000 ) ) ;
#2917 = CIRCLE ( 'NONE', #1975, 10.30000000000000600 ) ;
#2918 =( GEOMETRIC_REPRESENTATION_CONTEXT ( 3 ) GLOBAL_UNCERTAINTY_ASSIGNED_CONTEXT ( ( #2327 ) ) GLOBAL_UNIT_ASSIGNED_CONTEXT ( ( #3538, #4251, #2826 ) ) REPRESENTATION_CONTEXT ( 'NONE', 'WORKASPACE' ) );
#2919 = VECTOR ( 'NONE', #2830, 1000.000000000000100 ) ;
#2920 = ORIENTED_EDGE ( 'NONE', *, *, #2675, .T. ) ;
#2921 = VERTEX_POINT ( 'NONE', #1421 ) ;
#2922 = LINE ( 'NONE', #1695, #3148 ) ;
#2923 = CARTESIAN_POINT ( 'NONE',  ( -0.8000000000000002700, 2.199999999999999700, 10.26888504171704300 ) ) ;
#2924 = VERTEX_POINT ( 'NONE', #3508 ) ;
#2925 = EDGE_CURVE ( 'NONE', #2138, #1070, #2525, .T. ) ;
#2926 = CARTESIAN_POINT ( 'NONE',  ( 5.346410161513775300, -2.000000000000000000, -0.1999999999999997100 ) ) ;
#2927 = LINE ( 'NONE', #370, #2391 ) ;
#2928 = CARTESIAN_POINT ( 'NONE',  ( 0.0000000000000000000, 1.200000000000000000, 0.0000000000000000000 ) ) ;
#2929 = DIRECTION ( 'NONE',  ( 0.0000000000000000000, 1.000000000000000000, 0.0000000000000000000 ) ) ;
#2930 = ADVANCED_FACE ( 'NONE', ( #2365 ), #2233, .F. ) ;
#2931 = DIRECTION ( 'NONE',  ( 0.7788565380022500800, 0.0000000000000000000, 0.6272021151201179200 ) ) ;
#2932 = EDGE_LOOP ( 'NONE', ( #3521, #1252, #32, #4189, #3364, #1560 ) ) ;
#2933 = EDGE_CURVE ( 'NONE', #1038, #648, #2134, .T. ) ;
#2934 = CARTESIAN_POINT ( 'NONE',  ( -4.662720211512011700, -2.500000000000007500, -0.09999997628065270000 ) ) ;
#2935 = ORIENTED_EDGE ( 'NONE', *, *, #2446, .T. ) ;
#2936 = CARTESIAN_POINT ( 'NONE',  ( 0.7500000000000002200, 1.200000000000000000, -10.97440203382398500 ) ) ;
#2937 = DIRECTION ( 'NONE',  ( -1.000000000000000000, 0.0000000000000000000, 0.0000000000000000000 ) ) ;
#2938 = AXIS2_PLACEMENT_3D ( 'NONE', #2966, #4347, #2979 ) ;
#2939 = ORIENTED_EDGE ( 'NONE', *, *, #1072, .F. ) ;
#2940 = CARTESIAN_POINT ( 'NONE',  ( 0.0000000000000000000, 2.199999999999999700, 0.0000000000000000000 ) ) ;
#2941 = CARTESIAN_POINT ( 'NONE',  ( -0.7500000000000002200, 6.400591189392937300, -10.97440203382398500 ) ) ;
#2942 = DIRECTION ( 'NONE',  ( -1.000000000000000000, 0.0000000000000000000, 0.0000000000000000000 ) ) ;
#2943 = ORIENTED_EDGE ( 'NONE', *, *, #3671, .F. ) ;
#2944 = CARTESIAN_POINT ( 'NONE',  ( -7.599388812201220300, 7.664080173772339000, -7.952942202794568900 ) ) ;
#2945 = CARTESIAN_POINT ( 'NONE',  ( -5.196746543284667100, -2.499999999999999600, 0.01316945138095625800 ) ) ;
#2946 = ORIENTED_EDGE ( 'NONE', *, *, #571, .F. ) ;
#2947 = AXIS2_PLACEMENT_3D ( 'NONE', #585, #3398, #3738 ) ;
#2948 = VERTEX_POINT ( 'NONE', #1973 ) ;
#2949 = CARTESIAN_POINT ( 'NONE',  ( -7.563149311035939300, 2.199999999999999700, -7.987413379747954100 ) ) ;
#2950 = FACE_OUTER_BOUND ( 'NONE', #487, .T. ) ;
#2951 = CARTESIAN_POINT ( 'NONE',  ( 5.000000000000000000, 0.0000000000000000000, -1.500000000000001300 ) ) ;
#2952 = CIRCLE ( 'NONE', #1619, 11.00000000000000000 ) ;
#2953 = VERTEX_POINT ( 'NONE', #564 ) ;
#2954 = ADVANCED_FACE ( 'NONE', ( #3393 ), #210, .F. ) ;
#2955 = ORIENTED_EDGE ( 'NONE', *, *, #2317, .T. ) ;
#2956 = VECTOR ( 'NONE', #272, 1000.000000000000000 ) ;
#2957 = FACE_OUTER_BOUND ( 'NONE', #566, .T. ) ;
#2958 = ORIENTED_EDGE ( 'NONE', *, *, #3425, .F. ) ;
#2959 = ORIENTED_EDGE ( 'NONE', *, *, #1114, .F. ) ;
#2960 = CARTESIAN_POINT ( 'NONE',  ( 0.0000000000000000000, 2.100000000000000100, 0.0000000000000000000 ) ) ;
#2961 = EDGE_CURVE ( 'NONE', #2427, #2581, #4181, .T. ) ;
#2962 = CARTESIAN_POINT ( 'NONE',  ( 0.0000000000000000000, 1.700000000000000000, 0.0000000000000000000 ) ) ;
#2963 = CARTESIAN_POINT ( 'NONE',  ( -0.7174559787231640200, 1.956798128322723600, -10.97671748145881800 ) ) ;
#2964 = VERTEX_POINT ( 'NONE', #2367 ) ;
#2965 = DIRECTION ( 'NONE',  ( 0.8660254037844396000, 0.0000000000000000000, 0.4999999999999983300 ) ) ;
#2966 = CARTESIAN_POINT ( 'NONE',  ( 0.7999999999999993800, 2.199999999999999700, 10.97087052152198100 ) ) ;
#2967 = VECTOR ( 'NONE', #1032, 1000.000000000000000 ) ;
#2968 = DIRECTION ( 'NONE',  ( 0.7071067811865479100, 0.0000000000000000000, -0.7071067811865472400 ) ) ;
#2969 = EDGE_CURVE ( 'NONE', #198, #2423, #1550, .T. ) ;
#2970 = FACE_OUTER_BOUND ( 'NONE', #2346, .T. ) ;
#2971 = CARTESIAN_POINT ( 'NONE',  ( 0.7500000000000002200, 1.800000000000000500, -10.97440203382398500 ) ) ;
#2972 = AXIS2_PLACEMENT_3D ( 'NONE', #1481, #789, #2170 ) ;
#2973 = CIRCLE ( 'NONE', #4093, 1.750000000000000000 ) ;
#2974 =( GEOMETRIC_REPRESENTATION_CONTEXT ( 3 ) GLOBAL_UNCERTAINTY_ASSIGNED_CONTEXT ( ( #2785 ) ) GLOBAL_UNIT_ASSIGNED_CONTEXT ( ( #3273, #62, #2588 ) ) REPRESENTATION_CONTEXT ( 'NONE', 'WORKASPACE' ) );
#2975 = CARTESIAN_POINT ( 'NONE',  ( -5.400000000000000400, -2.500000000000000000, -0.02211432248042713100 ) ) ;
#2976 = ADVANCED_FACE ( 'NONE', ( #591 ), #3350, .F. ) ;
#2977 = LINE ( 'NONE', #3566, #1054 ) ;
#2978 = DIRECTION ( 'NONE',  ( 0.0000000000000000000, -0.0000000000000000000, -1.000000000000000000 ) ) ;
#2979 = DIRECTION ( 'NONE',  ( 3.088958970452706500E-016, 0.0000000000000000000, -1.000000000000000000 ) ) ;
#2980 = MECHANICAL_DESIGN_GEOMETRIC_PRESENTATION_REPRESENTATION (  '', ( #712 ), #3220 ) ;
#2981 = DIRECTION ( 'NONE',  ( 1.000000000000000000, 0.0000000000000000000, -1.112560217688397700E-016 ) ) ;
#2982 = CARTESIAN_POINT ( 'NONE',  ( 0.0000000000000000000, 7.664080173772339000, 0.0000000000000000000 ) ) ;
#2983 = CARTESIAN_POINT ( 'NONE',  ( -4.740192378864668900, -2.000000000000000000, -0.1500000000000003300 ) ) ;
#2984 = VECTOR ( 'NONE', #201, 1000.000000000000100 ) ;
#2985 = CARTESIAN_POINT ( 'NONE',  ( 0.8000000000000008200, 1.200000000000000000, -10.26888504171704700 ) ) ;
#2986 = ORIENTED_EDGE ( 'NONE', *, *, #2536, .T. ) ;
#2987 = DIRECTION ( 'NONE',  ( -0.0000000000000000000, 1.000000000000000000, -0.0000000000000000000 ) ) ;
#2988 = CARTESIAN_POINT ( 'NONE',  ( -5.000000000000000000, -2.000000000000000000, 0.3999999999999999700 ) ) ;
#2989 = EDGE_CURVE ( 'NONE', #2581, #763, #1603, .T. ) ;
#2990 = VERTEX_POINT ( 'NONE', #924 ) ;
#2991 = CARTESIAN_POINT ( 'NONE',  ( 0.0000000000000000000, 0.0000000000000000000, 5.000000000000000000 ) ) ;
#2992 = CARTESIAN_POINT ( 'NONE',  ( 0.7999999999999994900, 1.200000000000000000, 10.26888504171704300 ) ) ;
#2993 = ORIENTED_EDGE ( 'NONE', *, *, #1234, .F. ) ;
#2994 = EDGE_LOOP ( 'NONE', ( #898, #2043, #4457, #4150, #420, #3157, #687, #1196, #1108, #848 ) ) ;
#2995 = EDGE_CURVE ( 'NONE', #2250, #76, #1916, .T. ) ;
#2996 = DIRECTION ( 'NONE',  ( 0.0000000000000000000, -1.000000000000000000, 0.0000000000000000000 ) ) ;
#2997 = CARTESIAN_POINT ( 'NONE',  ( -0.7500000000000002200, 1.200000000000000000, 10.97440203382398500 ) ) ;
#2998 = FILL_AREA_STYLE ('',( #3333 ) ) ;
#2999 = ORIENTED_EDGE ( 'NONE', *, *, #4329, .T. ) ;
#3000 = ORIENTED_EDGE ( 'NONE', *, *, #2259, .F. ) ;
#3001 = ORIENTED_EDGE ( 'NONE', *, *, #2989, .F. ) ;
#3002 = DIRECTION ( 'NONE',  ( 0.0000000000000000000, 0.0000000000000000000, 1.000000000000000000 ) ) ;
#3003 = ADVANCED_FACE ( 'NONE', ( #1820 ), #3717, .F. ) ;
#3004 = CARTESIAN_POINT ( 'NONE',  ( -4.662720211512012500, -13.89442718039230100, -0.09999997628065304700 ) ) ;
#3005 = ORIENTED_EDGE ( 'NONE', *, *, #2389, .T. ) ;
#3006 = CARTESIAN_POINT ( 'NONE',  ( 5.112426596162669600, -2.499999999999999600, 0.08107110797792599400 ) ) ;
#3007 = DIRECTION ( 'NONE',  ( -0.0000000000000000000, 1.000000000000000000, -0.0000000000000000000 ) ) ;
#3008 = CARTESIAN_POINT ( 'NONE',  ( 0.7500000000011440800, 1.879299727253459700, 10.27265788391752300 ) ) ;
#3009 = LINE ( 'NONE', #1382, #1541 ) ;
#3010 = DIRECTION ( 'NONE',  ( 0.0000000000000000000, 0.0000000000000000000, -1.000000000000000000 ) ) ;
#3011 = ORIENTED_EDGE ( 'NONE', *, *, #395, .T. ) ;
#3012 = CARTESIAN_POINT ( 'NONE',  ( 0.0000000000000000000, 1.700000000000000000, 0.0000000000000000000 ) ) ;
#3013 = AXIS2_PLACEMENT_3D ( 'NONE', #3262, #516, #2981 ) ;
#3014 = AXIS2_PLACEMENT_3D ( 'NONE', #1665, #1015, #4459 ) ;
#3015 = DIRECTION ( 'NONE',  ( 0.0000000000000000000, 0.0000000000000000000, 1.000000000000000000 ) ) ;
#3016 = LINE ( 'NONE', #1461, #2726 ) ;
#3017 = LINE ( 'NONE', #1752, #1430 ) ;
#3018 = ORIENTED_EDGE ( 'NONE', *, *, #4471, .T. ) ;
#3019 = ORIENTED_EDGE ( 'NONE', *, *, #1688, .F. ) ;
#3020 = DIRECTION ( 'NONE',  ( -0.7071067811865472400, 0.0000000000000000000, -0.7071067811865479100 ) ) ;
#3021 = LINE ( 'NONE', #1583, #1871 ) ;
#3022 = EDGE_CURVE ( 'NONE', #3071, #809, #4078, .T. ) ;
#3023 = ORIENTED_EDGE ( 'NONE', *, *, #3505, .F. ) ;
#3024 = CARTESIAN_POINT ( 'NONE',  ( 7.952942202794572400, 1.200000000000000000, -7.599388812201216800 ) ) ;
#3025 = COLOUR_RGB ( '',0.7921568627450980000, 0.8196078431372548800, 0.9333333333333333500 ) ;
#3026 = DIRECTION ( 'NONE',  ( -0.7788565380022526300, 0.0000000000000000000, -0.6272021151201147000 ) ) ;
#3027 = CARTESIAN_POINT ( 'NONE',  ( -5.000000000000000000, -2.000000000000000000, 0.0000000000000000000 ) ) ;
#3028 = EDGE_CURVE ( 'NONE', #1095, #2448, #255, .T. ) ;
#3029 = CARTESIAN_POINT ( 'NONE',  ( 7.347880794884119000E-017, 0.0000000000000000000, 4.400000000000000400 ) ) ;
#3030 = FACE_BOUND ( 'NONE', #96, .T. ) ;
#3031 = DIRECTION ( 'NONE',  ( 0.0000000000000000000, -1.000000000000000000, 0.0000000000000000000 ) ) ;
#3032 = AXIS2_PLACEMENT_3D ( 'NONE', #414, #4243, #1885 ) ;
#3033 = CARTESIAN_POINT ( 'NONE',  ( 0.0000000000000000000, 1.200000000000000000, 0.0000000000000000000 ) ) ;
#3034 = FACE_OUTER_BOUND ( 'NONE', #798, .T. ) ;
#3035 = DIRECTION ( 'NONE',  ( 0.0000000000000000000, 1.000000000000000000, 0.0000000000000000000 ) ) ;
#3036 = CARTESIAN_POINT ( 'NONE',  ( 0.0000000000000000000, -6.500000000000000000, 0.0000000000000000000 ) ) ;
#3037 = AXIS2_PLACEMENT_3D ( 'NONE', #2046, #4087, #2396 ) ;
#3038 =( GEOMETRIC_REPRESENTATION_CONTEXT ( 3 ) GLOBAL_UNCERTAINTY_ASSIGNED_CONTEXT ( ( #679 ) ) GLOBAL_UNIT_ASSIGNED_CONTEXT ( ( #636, #4512, #4165 ) ) REPRESENTATION_CONTEXT ( 'NONE', 'WORKASPACE' ) );
#3039 = ORIENTED_EDGE ( 'NONE', *, *, #2389, .F. ) ;
#3040 = CARTESIAN_POINT ( 'NONE',  ( 0.7500000000000002200, 1.800000000000000000, 10.27265788391690100 ) ) ;
#3041 = FACE_OUTER_BOUND ( 'NONE', #627, .T. ) ;
#3042 = CARTESIAN_POINT ( 'NONE',  ( 0.0000000000000000000, 6.400591189392937300, 0.0000000000000000000 ) ) ;
#3043 = VERTEX_POINT ( 'NONE', #4418 ) ;
#3044 = EDGE_CURVE ( 'NONE', #3121, #2416, #1435, .T. ) ;
#3045 = DIRECTION ( 'NONE',  ( 0.0000000000000000000, -1.000000000000000000, 0.0000000000000000000 ) ) ;
#3046 = DIRECTION ( 'NONE',  ( 0.6745095478135489900, 0.5000000000000017800, 0.5431729650013520400 ) ) ;
#3047 = ORIENTED_EDGE ( 'NONE', *, *, #2474, .T. ) ;
#3048 = ORIENTED_EDGE ( 'NONE', *, *, #461, .F. ) ;
#3049 = CARTESIAN_POINT ( 'NONE',  ( 5.000000000000000000, -4.949747468305832700, -1.750000000000000000 ) ) ;
#3050 = EDGE_CURVE ( 'NONE', #1175, #148, #3337, .T. ) ;
#3051 = DIRECTION ( 'NONE',  ( 0.0000000000000000000, 0.0000000000000000000, 1.000000000000000000 ) ) ;
#3052 = ORIENTED_EDGE ( 'NONE', *, *, #1688, .T. ) ;
#3053 = PLANE ( 'NONE',  #524 ) ;
#3054 = B_SPLINE_SURFACE_WITH_KNOTS ( 'NONE', 3, 1, ( 
 ( #2094, #372 ),
 ( #3800, #4207 ),
 ( #733, #1791 ),
 ( #2110, #1441 ),
 ( #391, #3194 ),
 ( #3522, #1064 ) ),
 .UNSPECIFIED., .F., .F., .F.,
 ( 4, 2, 4 ),
 ( 2, 2 ),
 ( 0.0000000000000000000, 0.5000000000000000000, 1.000000000000000000 ),
 ( 0.0000000000000000000, 1.000000000000000000 ),
 .UNSPECIFIED. ) ;
#3055 = CARTESIAN_POINT ( 'NONE',  ( -5.000000000000000000, 0.2499999999999958900, -1.750000000000000000 ) ) ;
#3056 = EDGE_CURVE ( 'NONE', #1840, #1022, #643, .T. ) ;
#3057 = ORIENTED_EDGE ( 'NONE', *, *, #4221, .T. ) ;
#3058 = DIRECTION ( 'NONE',  ( 0.0000000000000000000, 0.0000000000000000000, -1.000000000000000000 ) ) ;
#3059 = PLANE ( 'NONE',  #3776 ) ;
#3060 = VECTOR ( 'NONE', #1304, 1000.000000000000000 ) ;
#3061 = ORIENTED_EDGE ( 'NONE', *, *, #1472, .F. ) ;
#3062 = VECTOR ( 'NONE', #3490, 1000.000000000000000 ) ;
#3063 = LINE ( 'NONE', #2471, #3849 ) ;
#3064 = DIRECTION ( 'NONE',  ( -0.0000000000000000000, 1.000000000000000000, -0.0000000000000000000 ) ) ;
#3065 = ORIENTED_EDGE ( 'NONE', *, *, #1805, .T. ) ;
#3066 = DIRECTION ( 'NONE',  ( 0.0000000000000000000, 0.0000000000000000000, -1.000000000000000000 ) ) ;
#3067 = EDGE_LOOP ( 'NONE', ( #2939, #376, #293, #4495 ) ) ;
#3068 = FACE_OUTER_BOUND ( 'NONE', #926, .T. ) ;
#3069 = VECTOR ( 'NONE', #3358, 1000.000000000000000 ) ;
#3070 = ORIENTED_EDGE ( 'NONE', *, *, #1542, .T. ) ;
#3071 = VERTEX_POINT ( 'NONE', #613 ) ;
#3072 = FACE_OUTER_BOUND ( 'NONE', #55, .T. ) ;
#3073 = EDGE_LOOP ( 'NONE', ( #4286, #4439, #3396, #3369 ) ) ;
#3074 = DIRECTION ( 'NONE',  ( -0.0000000000000000000, 1.000000000000000000, -0.0000000000000000000 ) ) ;
#3075 = CARTESIAN_POINT ( 'NONE',  ( -4.907248166813617200, -1.999999999999999600, 0.2902366863905324600 ) ) ;
#3076 = LINE ( 'NONE', #2078, #435 ) ;
#3077 = EDGE_CURVE ( 'NONE', #3419, #3896, #2418, .T. ) ;
#3078 = DIRECTION ( 'NONE',  ( 0.8660254037844401500, 0.0000000000000000000, -0.4999999999999973900 ) ) ;
#3079 = VERTEX_POINT ( 'NONE', #1384 ) ;
#3080 = LINE ( 'NONE', #879, #937 ) ;
#3081 = EDGE_CURVE ( 'NONE', #230, #297, #1492, .T. ) ;
#3082 = ORIENTED_EDGE ( 'NONE', *, *, #2829, .T. ) ;
#3083 = VERTEX_POINT ( 'NONE', #1315 ) ;
#3084 = DIRECTION ( 'NONE',  ( 0.0000000000000000000, -0.0000000000000000000, 1.000000000000000000 ) ) ;
#3085 = CARTESIAN_POINT ( 'NONE',  ( 5.000000000000000900, -2.500000000000000000, 0.2999999999999997100 ) ) ;
#3086 = LINE ( 'NONE', #3886, #3827 ) ;
#3087 = DIRECTION ( 'NONE',  ( -0.0000000000000000000, 1.000000000000000000, -0.0000000000000000000 ) ) ;
#3088 = ADVANCED_FACE ( 'NONE', ( #4015 ), #1667, .T. ) ;
#3089 = VECTOR ( 'NONE', #394, 1000.000000000000000 ) ;
#3090 = AXIS2_PLACEMENT_3D ( 'NONE', #3486, #2407, #3149 ) ;
#3091 = AXIS2_PLACEMENT_3D ( 'NONE', #4141, #1383, #4154 ) ;
#3092 = EDGE_LOOP ( 'NONE', ( #2445, #4168, #1122, #1198 ) ) ;
#3093 = CARTESIAN_POINT ( 'NONE',  ( 0.0000000000000000000, 0.0000000000000000000, 5.000000000000000000 ) ) ;
#3094 = ORIENTED_EDGE ( 'NONE', *, *, #4217, .F. ) ;
#3095 = CARTESIAN_POINT ( 'NONE',  ( 5.000000000000000000, 1.199999999999999700, 1.750000000000000000 ) ) ;
#3096 = CARTESIAN_POINT ( 'NONE',  ( 0.0000000000000000000, 2.100000000000000100, 0.0000000000000000000 ) ) ;
#3097 = EDGE_CURVE ( 'NONE', #1221, #1546, #2841, .T. ) ;
#3098 = DIRECTION ( 'NONE',  ( -0.7788565380022503000, 0.0000000000000000000, -0.6272021151201174800 ) ) ;
#3099 = DIRECTION ( 'NONE',  ( 0.0000000000000000000, 0.0000000000000000000, -1.000000000000000000 ) ) ;
#3100 = DIRECTION ( 'NONE',  ( 1.112560217688397400E-016, -0.0000000000000000000, 1.000000000000000000 ) ) ;
#3101 = ORIENTED_EDGE ( 'NONE', *, *, #298, .T. ) ;
#3102 = ORIENTED_EDGE ( 'NONE', *, *, #2727, .T. ) ;
#3103 = CARTESIAN_POINT ( 'NONE',  ( 0.0000000000000000000, 2.199999999999999700, 0.0000000000000000000 ) ) ;
#3104 = ORIENTED_EDGE ( 'NONE', *, *, #2413, .F. ) ;
#3105 = DIRECTION ( 'NONE',  ( -0.0000000000000000000, 1.000000000000000000, -0.0000000000000000000 ) ) ;
#3106 = EDGE_CURVE ( 'NONE', #1781, #3916, #423, .T. ) ;
#3107 = CARTESIAN_POINT ( 'NONE',  ( 0.7500000000000011100, 6.400591189392937300, 10.97440203382398700 ) ) ;
#3108 = DIRECTION ( 'NONE',  ( -0.0000000000000000000, -1.000000000000000000, -0.0000000000000000000 ) ) ;
#3109 = CARTESIAN_POINT ( 'NONE',  ( -7.987413379747868800, 1.200000000000000000, -7.563149311036029100 ) ) ;
#3110 = EDGE_LOOP ( 'NONE', ( #818, #2362, #4163, #3512 ) ) ;
#3111 = ORIENTED_EDGE ( 'NONE', *, *, #3787, .F. ) ;
#3112 = EDGE_CURVE ( 'NONE', #2416, #1530, #3293, .T. ) ;
#3113 = LINE ( 'NONE', #2740, #3483 ) ;
#3114 = VERTEX_POINT ( 'NONE', #628 ) ;
#3115 = ORIENTED_EDGE ( 'NONE', *, *, #446, .T. ) ;
#3116 = CARTESIAN_POINT ( 'NONE',  ( 5.375277674973259100, -2.000000000000000000, -0.1499999999999997700 ) ) ;
#3117 = CIRCLE ( 'NONE', #3574, 10.30000000000000200 ) ;
#3118 = B_SPLINE_SURFACE_WITH_KNOTS ( 'NONE', 3, 1, ( 
 ( #4254, #1178 ),
 ( #2241, #1167 ),
 ( #2200, #1907 ),
 ( #485, #2543 ),
 ( #1134, #121 ),
 ( #2945, #79 ),
 ( #3636, #842 ),
 ( #1197, #1572 ),
 ( #437, #3974 ),
 ( #1540, #1525 ) ),
 .UNSPECIFIED., .F., .F., .F.,
 ( 4, 2, 2, 2, 4 ),
 ( 2, 2 ),
 ( 0.0000000000000000000, 0.2499999999999998900, 0.5000000000000000000, 0.7499999999999998900, 1.000000000000000000 ),
 ( 0.0000000000000000000, 1.000000000000000000 ),
 .UNSPECIFIED. ) ;
#3119 = VECTOR ( 'NONE', #3133, 1000.000000000000000 ) ;
#3120 = CARTESIAN_POINT ( 'NONE',  ( -4.859466754796665500, -2.499999999999999600, 0.05843722244560286400 ) ) ;
#3121 = VERTEX_POINT ( 'NONE', #317 ) ;
#3122 = AXIS2_PLACEMENT_3D ( 'NONE', #3033, #4005, #3002 ) ;
#3123 = ORIENTED_EDGE ( 'NONE', *, *, #3208, .T. ) ;
#3124 = LINE ( 'NONE', #85, #2307 ) ;
#3125 = CARTESIAN_POINT ( 'NONE',  ( -5.000000000000000900, -2.000000000000000000, 0.3999999999999999700 ) ) ;
#3126 = ORIENTED_EDGE ( 'NONE', *, *, #3482, .T. ) ;
#3127 = CARTESIAN_POINT ( 'NONE',  ( 0.0000000000000000000, 1.700000000000000200, 0.0000000000000000000 ) ) ;
#3128 = AXIS2_PLACEMENT_3D ( 'NONE', #1363, #2428, #660 ) ;
#3129 = CARTESIAN_POINT ( 'NONE',  ( -0.7173438846426171100, 1.956992484427046100, -10.27513961753526800 ) ) ;
#3130 = FACE_OUTER_BOUND ( 'NONE', #371, .T. ) ;
#3131 = CONICAL_SURFACE ( 'NONE', #1556, 1.750000000000000000, 0.7853981633974539400 ) ;
#3132 = DIRECTION ( 'NONE',  ( -0.0000000000000000000, 1.000000000000000000, -0.0000000000000000000 ) ) ;
#3133 = DIRECTION ( 'NONE',  ( -0.0000000000000000000, -1.000000000000000000, -0.0000000000000000000 ) ) ;
#3134 = DIRECTION ( 'NONE',  ( -0.0000000000000000000, -1.000000000000000000, -0.0000000000000000000 ) ) ;
#3135 = B_SPLINE_SURFACE_WITH_KNOTS ( 'NONE', 3, 1, ( 
 ( #2975, #1225 ),
 ( #2273, #871 ),
 ( #2324, #3323 ),
 ( #3687, #1644 ),
 ( #3661, #1961 ),
 ( #1599, #1935 ),
 ( #2685, #1288 ),
 ( #2287, #4391 ),
 ( #4046, #168 ),
 ( #2645, #3368 ) ),
 .UNSPECIFIED., .F., .F., .F.,
 ( 4, 2, 2, 2, 4 ),
 ( 2, 2 ),
 ( 0.0000000000000000000, 0.2499999999999999400, 0.5000000000000000000, 0.7499999999999998900, 1.000000000000000000 ),
 ( 0.0000000000000000000, 1.000000000000000000 ),
 .UNSPECIFIED. ) ;
#3136 = CARTESIAN_POINT ( 'NONE',  ( -4.740192378864668900, -2.000000000000000000, -0.1500000000000002400 ) ) ;
#3137 = EDGE_CURVE ( 'NONE', #4119, #1133, #978, .T. ) ;
#3138 = VECTOR ( 'NONE', #3779, 1000.000000000000000 ) ;
#3139 = VERTEX_POINT ( 'NONE', #645 ) ;
#3140 = DIRECTION ( 'NONE',  ( -0.0000000000000000000, 1.000000000000000000, -0.0000000000000000000 ) ) ;
#3141 = DIRECTION ( 'NONE',  ( 0.7788565380022514100, -0.0000000000000000000, 0.6272021151201162500 ) ) ;
#3142 = FACE_BOUND ( 'NONE', #1279, .T. ) ;
#3143 = ADVANCED_FACE ( 'NONE', ( #2128 ), #1193, .T. ) ;
#3144 = EDGE_CURVE ( 'NONE', #1925, #3294, #3284, .T. ) ;
#3145 = DIRECTION ( 'NONE',  ( -0.0000000000000000000, 1.000000000000000000, -0.0000000000000000000 ) ) ;
#3146 = ORIENTED_EDGE ( 'NONE', *, *, #3616, .T. ) ;
#3147 = CARTESIAN_POINT ( 'NONE',  ( -4.653589838486224700, -2.000000000000000000, -0.1999999999999997600 ) ) ;
#3148 = VECTOR ( 'NONE', #1670, 1000.000000000000000 ) ;
#3149 = DIRECTION ( 'NONE',  ( 0.0000000000000000000, 0.0000000000000000000, -1.000000000000000000 ) ) ;
#3150 = ORIENTED_EDGE ( 'NONE', *, *, #3400, .T. ) ;
#3151 = LINE ( 'NONE', #3185, #2165 ) ;
#3152 = DIRECTION ( 'NONE',  ( 0.0000000000000000000, -1.000000000000000000, -0.0000000000000000000 ) ) ;
#3153 = CARTESIAN_POINT ( 'NONE',  ( 0.0000000000000000000, 1.700000000000000000, 0.0000000000000000000 ) ) ;
#3154 = VERTEX_POINT ( 'NONE', #1001 ) ;
#3155 = AXIS2_PLACEMENT_3D ( 'NONE', #3855, #1801, #2534 ) ;
#3156 = DIRECTION ( 'NONE',  ( 0.0000000000000000000, 0.0000000000000000000, 1.000000000000000000 ) ) ;
#3157 = ORIENTED_EDGE ( 'NONE', *, *, #3137, .F. ) ;
#3158 = B_SPLINE_SURFACE_WITH_KNOTS ( 'NONE', 3, 1, ( 
 ( #3216, #3186 ),
 ( #36, #1450 ),
 ( #2085, #4501 ),
 ( #706, #4202 ),
 ( #1431, #743 ),
 ( #1071, #2454 ) ),
 .UNSPECIFIED., .F., .F., .F.,
 ( 4, 2, 4 ),
 ( 2, 2 ),
 ( 0.0000000000000000000, 0.5000000000000000000, 1.000000000000000000 ),
 ( 0.0000000000000000000, 1.000000000000000000 ),
 .UNSPECIFIED. ) ;
#3159 = CARTESIAN_POINT ( 'NONE',  ( 4.766666666666666600, -2.499999999999999600, 0.1120999785530838500 ) ) ;
#3160 = ORIENTED_EDGE ( 'NONE', *, *, #3874, .T. ) ;
#3161 = EDGE_CURVE ( 'NONE', #3711, #2455, #694, .T. ) ;
#3162 = DIRECTION ( 'NONE',  ( 0.0000000000000000000, 0.0000000000000000000, 1.000000000000000000 ) ) ;
#3163 = DIRECTION ( 'NONE',  ( -0.0000000000000000000, 1.000000000000000000, -0.0000000000000000000 ) ) ;
#3164 = ADVANCED_FACE ( 'NONE', ( #2834 ), #3158, .F. ) ;
#3165 = ORIENTED_EDGE ( 'NONE', *, *, #2536, .F. ) ;
#3166 = DIRECTION ( 'NONE',  ( 0.0000000000000000000, -1.000000000000000000, 0.0000000000000000000 ) ) ;
#3167 = FACE_OUTER_BOUND ( 'NONE', #790, .T. ) ;
#3168 = DIRECTION ( 'NONE',  ( 0.0000000000000000000, 0.0000000000000000000, 1.000000000000000000 ) ) ;
#3169 = EDGE_CURVE ( 'NONE', #2427, #1235, #1911, .T. ) ;
#3170 = VERTEX_POINT ( 'NONE', #2804 ) ;
#3171 = PRODUCT_DEFINITION_SHAPE ( 'NONE', 'NONE',  #1732 ) ;
#3172 = DIRECTION ( 'NONE',  ( -0.0000000000000000000, 1.000000000000000000, -0.0000000000000000000 ) ) ;
#3173 = DIRECTION ( 'NONE',  ( -0.7788565380022514100, 0.0000000000000000000, 0.6272021151201162500 ) ) ;
#3174 = CARTESIAN_POINT ( 'NONE',  ( -7.987413379747868800, 1.200000000000000000, -7.563149311036029100 ) ) ;
#3175 = LINE ( 'NONE', #483, #970 ) ;
#3176 = FACE_OUTER_BOUND ( 'NONE', #1631, .T. ) ;
#3177 = CARTESIAN_POINT ( 'NONE',  ( -0.7500000000000002200, 1.800000000000000500, -10.27265788391690500 ) ) ;
#3178 = EDGE_LOOP ( 'NONE', ( #3761, #1870, #1515, #4252 ) ) ;
#3179 = ORIENTED_EDGE ( 'NONE', *, *, #1308, .T. ) ;
#3180 = AXIS2_PLACEMENT_3D ( 'NONE', #3617, #1584, #1565 ) ;
#3181 = VECTOR ( 'NONE', #1677, 1000.000000000000000 ) ;
#3182 = CIRCLE ( 'NONE', #4230, 0.3999999999999999700 ) ;
#3183 = ORIENTED_EDGE ( 'NONE', *, *, #1930, .T. ) ;
#3184 = ORIENTED_EDGE ( 'NONE', *, *, #3372, .F. ) ;
#3185 = CARTESIAN_POINT ( 'NONE',  ( -7.599388812201220300, 1.700000000000000200, -7.952942202794568900 ) ) ;
#3186 = CARTESIAN_POINT ( 'NONE',  ( 4.653589838486224700, -2.000000000000000000, -0.1999999999999998400 ) ) ;
#3187 = PRESENTATION_STYLE_ASSIGNMENT (( #2279 ) ) ;
#3188 = VERTEX_POINT ( 'NONE', #5 ) ;
#3189 = CARTESIAN_POINT ( 'NONE',  ( 0.7499999999999997800, 1.700000000000000000, -10.27265788391689900 ) ) ;
#3190 = CIRCLE ( 'NONE', #4309, 9.999999999999998200 ) ;
#3191 = DIRECTION ( 'NONE',  ( 0.0000000000000000000, 0.0000000000000000000, 1.000000000000000000 ) ) ;
#3192 = ADVANCED_FACE ( 'NONE', ( #2950 ), #2154, .T. ) ;
#3193 = CARTESIAN_POINT ( 'NONE',  ( 7.033545766285747900, 1.700000000000000200, -7.387099156879095600 ) ) ;
#3194 = CARTESIAN_POINT ( 'NONE',  ( -4.725758622134926600, -2.000000000000000000, -0.1583333333333341600 ) ) ;
#3195 = DIRECTION ( 'NONE',  ( -0.0000000000000000000, -1.000000000000000000, -0.0000000000000000000 ) ) ;
#3196 =( NAMED_UNIT ( * ) SI_UNIT ( $, .STERADIAN. ) SOLID_ANGLE_UNIT ( ) );
#3197 = VECTOR ( 'NONE', #1353, 1000.000000000000000 ) ;
#3198 = EDGE_CURVE ( 'NONE', #1886, #1781, #248, .T. ) ;
#3199 = ORIENTED_EDGE ( 'NONE', *, *, #565, .T. ) ;
#3200 = DIRECTION ( 'NONE',  ( 0.0000000000000000000, -0.0000000000000000000, 1.000000000000000000 ) ) ;
#3201 = ORIENTED_EDGE ( 'NONE', *, *, #3452, .T. ) ;
#3202 = LINE ( 'NONE', #2755, #1453 ) ;
#3203 = DIRECTION ( 'NONE',  ( -0.0000000000000000000, 0.0000000000000000000, -1.000000000000000000 ) ) ;
#3204 = EDGE_CURVE ( 'NONE', #2008, #3834, #1254, .T. ) ;
#3205 = DIRECTION ( 'NONE',  ( 0.0000000000000000000, -1.000000000000000000, 0.0000000000000000000 ) ) ;
#3206 = LINE ( 'NONE', #568, #1168 ) ;
#3207 = VECTOR ( 'NONE', #1998, 1000.000000000000000 ) ;
#3208 = EDGE_CURVE ( 'NONE', #467, #1530, #2779, .T. ) ;
#3209 = DIRECTION ( 'NONE',  ( 0.0000000000000000000, 0.0000000000000000000, -1.000000000000000000 ) ) ;
#3210 = ORIENTED_EDGE ( 'NONE', *, *, #3645, .F. ) ;
#3211 = ORIENTED_EDGE ( 'NONE', *, *, #1514, .F. ) ;
#3212 = AXIS2_PLACEMENT_3D ( 'NONE', #1774, #1035, #1406 ) ;
#3213 = ADVANCED_FACE ( 'NONE', ( #3385 ), #2015, .F. ) ;
#3214 = VERTEX_POINT ( 'NONE', #1782 ) ;
#3215 = ORIENTED_EDGE ( 'NONE', *, *, #3022, .F. ) ;
#3216 = CARTESIAN_POINT ( 'NONE',  ( 4.599999999999999600, -2.500000000000000000, -0.02211432248042713100 ) ) ;
#3217 = ORIENTED_EDGE ( 'NONE', *, *, #1514, .T. ) ;
#3218 = CARTESIAN_POINT ( 'NONE',  ( 7.387099156879100900, -27.64995667241114700, 7.033545766285744300 ) ) ;
#3219 = CARTESIAN_POINT ( 'NONE',  ( 7.067977854924515100, 1.700000000000000000, -7.492241923636524500 ) ) ;
#3220 =( GEOMETRIC_REPRESENTATION_CONTEXT ( 3 ) GLOBAL_UNCERTAINTY_ASSIGNED_CONTEXT ( ( #2663 ) ) GLOBAL_UNIT_ASSIGNED_CONTEXT ( ( #407, #1119, #3196 ) ) REPRESENTATION_CONTEXT ( 'NONE', 'WORKASPACE' ) );
#3221 = CARTESIAN_POINT ( 'NONE',  ( 7.563149311035942000, 1.200000000000000000, 7.987413379747950500 ) ) ;
#3222 = ORIENTED_EDGE ( 'NONE', *, *, #1165, .F. ) ;
#3223 = APPLICATION_CONTEXT ( 'automotive_design' ) ;
#3224 = VERTEX_POINT ( 'NONE', #724 ) ;
#3225 = ORIENTED_EDGE ( 'NONE', *, *, #2580, .F. ) ;
#3226 = EDGE_CURVE ( 'NONE', #3725, #834, #25, .T. ) ;
#3227 = DIRECTION ( 'NONE',  ( 0.0000000000000000000, -1.000000000000000000, 0.0000000000000000000 ) ) ;
#3228 = CARTESIAN_POINT ( 'NONE',  ( 5.337279788487988300, -13.89442718039230100, -0.09999997628065321300 ) ) ;
#3229 = LINE ( 'NONE', #4360, #1201 ) ;
#3230 = LINE ( 'NONE', #3690, #2773 ) ;
#3231 = ORIENTED_EDGE ( 'NONE', *, *, #3928, .T. ) ;
#3232 = CIRCLE ( 'NONE', #2884, 11.00000000000000000 ) ;
#3233 = CARTESIAN_POINT ( 'NONE',  ( -4.733333333333332500, -2.499999999999999600, 0.08525711834638163800 ) ) ;
#3234 = EDGE_CURVE ( 'NONE', #3975, #3324, #3016, .T. ) ;
#3235 = VERTEX_POINT ( 'NONE', #383 ) ;
#3236 = ADVANCED_FACE ( 'NONE', ( #1140 ), #4395, .T. ) ;
#3237 = ORIENTED_EDGE ( 'NONE', *, *, #4211, .T. ) ;
#3238 = CARTESIAN_POINT ( 'NONE',  ( 4.662720211512012500, -2.500000000000000400, -0.09999997628065304700 ) ) ;
#3239 = CIRCLE ( 'NONE', #4200, 1.750000000000000000 ) ;
#3240 = VERTEX_POINT ( 'NONE', #1831 ) ;
#3241 = AXIS2_PLACEMENT_3D ( 'NONE', #1102, #2557, #2881 ) ;
#3242 = CARTESIAN_POINT ( 'NONE',  ( 5.358186525658657800, -2.499999999999999600, -0.07403809168057780300 ) ) ;
#3243 = DIRECTION ( 'NONE',  ( -0.0000000000000000000, 1.000000000000000000, -0.0000000000000000000 ) ) ;
#3244 = CARTESIAN_POINT ( 'NONE',  ( 0.7500000000000002200, 2.199999999999999700, 10.27265788391690100 ) ) ;
#3245 = AXIS2_PLACEMENT_3D ( 'NONE', #708, #2192, #3078 ) ;
#3246 = CARTESIAN_POINT ( 'NONE',  ( 5.000000000000000900, -2.250000000000000400, 0.3499999999999998100 ) ) ;
#3247 = VECTOR ( 'NONE', #2473, 1000.000000000000100 ) ;
#3248 = AXIS2_PLACEMENT_3D ( 'NONE', #1675, #1000, #2044 ) ;
#3249 = CARTESIAN_POINT ( 'NONE',  ( 7.492241923636441900, 2.199999999999999700, -7.067977854924602200 ) ) ;
#3250 = CIRCLE ( 'NONE', #794, 10.30000000000000200 ) ;
#3251 = CARTESIAN_POINT ( 'NONE',  ( 5.043301270189220800, -2.000000000000000400, 0.2999999999999999900 ) ) ;
#3252 = DIRECTION ( 'NONE',  ( -0.0000000000000000000, 1.000000000000000000, -0.0000000000000000000 ) ) ;
#3253 = EDGE_CURVE ( 'NONE', #521, #3214, #3595, .T. ) ;
#3254 = CIRCLE ( 'NONE', #3969, 10.30000000000000200 ) ;
#3255 = ORIENTED_EDGE ( 'NONE', *, *, #1536, .F. ) ;
#3256 = CARTESIAN_POINT ( 'NONE',  ( -5.000000000000000900, -2.500000000000000400, 0.2999999999999997700 ) ) ;
#3257 = CARTESIAN_POINT ( 'NONE',  ( -0.7500000000000002200, 1.800000000000000500, -10.97440203382398500 ) ) ;
#3258 = ADVANCED_FACE ( 'NONE', ( #2467 ), #582, .T. ) ;
#3259 = FACE_OUTER_BOUND ( 'NONE', #1957, .T. ) ;
#3260 = CARTESIAN_POINT ( 'NONE',  ( -7.987413379747868800, 2.199999999999999700, -7.563149311036029100 ) ) ;
#3261 = EDGE_CURVE ( 'NONE', #1330, #1061, #3848, .T. ) ;
#3262 = CARTESIAN_POINT ( 'NONE',  ( 0.4499999999999990100, 1.800000000000000000, -5.006520979597778400E-017 ) ) ;
#3263 = ORIENTED_EDGE ( 'NONE', *, *, #2053, .T. ) ;
#3264 = CARTESIAN_POINT ( 'NONE',  ( 4.911542615200900700, -6.500000000000000000, 0.2287665235676188700 ) ) ;
#3265 = ORIENTED_EDGE ( 'NONE', *, *, #578, .F. ) ;
#3266 = CARTESIAN_POINT ( 'NONE',  ( 7.987413379747872400, 2.199999999999999700, 7.563149311036023700 ) ) ;
#3267 = CARTESIAN_POINT ( 'NONE',  ( 5.092751833186380100, -2.000000000000000400, 0.2902366863905325700 ) ) ;
#3268 = ORIENTED_EDGE ( 'NONE', *, *, #1478, .T. ) ;
#3269 = DIRECTION ( 'NONE',  ( 0.0000000000000000000, 0.0000000000000000000, 1.000000000000000000 ) ) ;
#3270 = ORIENTED_EDGE ( 'NONE', *, *, #428, .F. ) ;
#3271 = DIRECTION ( 'NONE',  ( 0.0000000000000000000, -1.000000000000000000, 0.0000000000000000000 ) ) ;
#3272 = DIRECTION ( 'NONE',  ( -0.0000000000000000000, -1.000000000000000000, -0.0000000000000000000 ) ) ;
#3273 =( LENGTH_UNIT ( ) NAMED_UNIT ( * ) SI_UNIT ( .MILLI., .METRE. ) );
#3274 = AXIS2_PLACEMENT_3D ( 'NONE', #3103, #4487, #3784 ) ;
#3275 = AXIS2_PLACEMENT_3D ( 'NONE', #3601, #1145, #4336 ) ;
#3276 = ORIENTED_EDGE ( 'NONE', *, *, #609, .T. ) ;
#3277 = ORIENTED_EDGE ( 'NONE', *, *, #3226, .F. ) ;
#3278 = DIRECTION ( 'NONE',  ( -0.0000000000000000000, -1.000000000000000000, -0.0000000000000000000 ) ) ;
#3279 = ORIENTED_EDGE ( 'NONE', *, *, #1048, .T. ) ;
#3280 = ADVANCED_FACE ( 'NONE', ( #194 ), #3292, .T. ) ;
#3281 = LINE ( 'NONE', #3424, #1248 ) ;
#3282 = ORIENTED_EDGE ( 'NONE', *, *, #2205, .T. ) ;
#3283 = DIRECTION ( 'NONE',  ( -0.0000000000000000000, -1.000000000000000000, -0.0000000000000000000 ) ) ;
#3284 = CIRCLE ( 'NONE', #3492, 10.20000000000000300 ) ;
#3285 = CIRCLE ( 'NONE', #2399, 1.750000000000000000 ) ;
#3286 = EDGE_CURVE ( 'NONE', #3235, #233, #1813, .T. ) ;
#3287 = CARTESIAN_POINT ( 'NONE',  ( 5.298543704811660100, -2.250000000000000400, -0.1249999881403265500 ) ) ;
#3288 = ORIENTED_EDGE ( 'NONE', *, *, #395, .F. ) ;
#3289 = DIRECTION ( 'NONE',  ( -0.0000000000000000000, 1.000000000000000000, -0.0000000000000000000 ) ) ;
#3290 = ORIENTED_EDGE ( 'NONE', *, *, #254, .T. ) ;
#3291 = DIRECTION ( 'NONE',  ( -0.0000000000000000000, 1.000000000000000000, -0.0000000000000000000 ) ) ;
#3292 = PLANE ( 'NONE',  #3720 ) ;
#3293 = LINE ( 'NONE', #2744, #3181 ) ;
#3294 = VERTEX_POINT ( 'NONE', #1897 ) ;
#3295 = EDGE_CURVE ( 'NONE', #1751, #1628, #306, .T. ) ;
#3296 = ORIENTED_EDGE ( 'NONE', *, *, #4322, .F. ) ;
#3297 = ORIENTED_EDGE ( 'NONE', *, *, #307, .T. ) ;
#3298 = FACE_OUTER_BOUND ( 'NONE', #3178, .T. ) ;
#3299 = DIRECTION ( 'NONE',  ( -1.112560217688397700E-016, 0.0000000000000000000, -1.000000000000000000 ) ) ;
#3300 = DIRECTION ( 'NONE',  ( 0.0000000000000000000, 0.0000000000000000000, 1.000000000000000000 ) ) ;
#3301 = VECTOR ( 'NONE', #3064, 1000.000000000000000 ) ;
#3302 = ADVANCED_FACE ( 'NONE', ( #3801 ), #3640, .F. ) ;
#3303 = DIRECTION ( 'NONE',  ( -0.0000000000000000000, -1.000000000000000000, -0.0000000000000000000 ) ) ;
#3304 = EDGE_LOOP ( 'NONE', ( #3765, #2305, #4131, #3688, #1609, #145 ) ) ;
#3305 = CIRCLE ( 'NONE', #263, 1.750000000000000000 ) ;
#3306 = ORIENTED_EDGE ( 'NONE', *, *, #44, .T. ) ;
#3307 = CIRCLE ( 'NONE', #850, 10.30000000000000400 ) ;
#3308 = CARTESIAN_POINT ( 'NONE',  ( 5.000000000000000000, 0.2499999999999958900, -1.750000000000000000 ) ) ;
#3309 = EDGE_CURVE ( 'NONE', #1530, #2673, #1429, .T. ) ;
#3310 = DIRECTION ( 'NONE',  ( 0.0000000000000000000, 0.7071067811865435800, 0.7071067811865515700 ) ) ;
#3311 = DIRECTION ( 'NONE',  ( 0.0000000000000000000, -1.000000000000000000, 0.0000000000000000000 ) ) ;
#3312 = VECTOR ( 'NONE', #3860, 1000.000000000000000 ) ;
#3313 = DIRECTION ( 'NONE',  ( 0.8660254037844400400, 0.0000000000000000000, -0.4999999999999974500 ) ) ;
#3314 = DIRECTION ( 'NONE',  ( -0.0000000000000000000, -1.000000000000000000, -0.0000000000000000000 ) ) ;
#3315 = FACE_OUTER_BOUND ( 'NONE', #27, .T. ) ;
#3316 = EDGE_CURVE ( 'NONE', #2423, #2096, #1305, .T. ) ;
#3317 = PLANE ( 'NONE',  #1726 ) ;
#3318 = EDGE_LOOP ( 'NONE', ( #3434, #2244 ) ) ;
#3319 = ADVANCED_FACE ( 'NONE', ( #860 ), #3703, .T. ) ;
#3320 = AXIS2_PLACEMENT_3D ( 'NONE', #3769, #2027, #964 ) ;
#3321 = ORIENTED_EDGE ( 'NONE', *, *, #428, .T. ) ;
#3322 = DIRECTION ( 'NONE',  ( 0.6272021151201162500, 0.0000000000000000000, 0.7788565380022514100 ) ) ;
#3323 = CARTESIAN_POINT ( 'NONE',  ( -5.396971013490145600, -2.000000000000000000, -0.08639053254437850700 ) ) ;
#3324 = VERTEX_POINT ( 'NONE', #3620 ) ;
#3325 = ORIENTED_EDGE ( 'NONE', *, *, #3459, .T. ) ;
#3326 = AXIS2_PLACEMENT_3D ( 'NONE', #299, #2087, #2034 ) ;
#3327 = SURFACE_STYLE_FILL_AREA ( #12 ) ;
#3328 = EDGE_LOOP ( 'NONE', ( #1700, #3773, #3694, #245 ) ) ;
#3329 = VERTEX_POINT ( 'NONE', #3983 ) ;
#3330 = DIRECTION ( 'NONE',  ( 0.0000000000000000000, 0.0000000000000000000, -1.000000000000000000 ) ) ;
#3331 = DIRECTION ( 'NONE',  ( -0.0000000000000000000, 1.000000000000000000, -0.0000000000000000000 ) ) ;
#3332 = LINE ( 'NONE', #203, #3966 ) ;
#3333 = FILL_AREA_STYLE_COLOUR ( '', #3025 ) ;
#3334 = VECTOR ( 'NONE', #2283, 1000.000000000000000 ) ;
#3335 = ORIENTED_EDGE ( 'NONE', *, *, #1880, .T. ) ;
#3336 = EDGE_CURVE ( 'NONE', #2001, #3339, #1966, .T. ) ;
#3337 = CIRCLE ( 'NONE', #2790, 1.500000000000001300 ) ;
#3338 = LINE ( 'NONE', #3380, #3069 ) ;
#3339 = VERTEX_POINT ( 'NONE', #134 ) ;
#3340 = DIRECTION ( 'NONE',  ( 0.0000000000000000000, -0.0000000000000000000, 1.000000000000000000 ) ) ;
#3341 = ORIENTED_EDGE ( 'NONE', *, *, #1889, .F. ) ;
#3342 = DIRECTION ( 'NONE',  ( -1.000000000000000000, 0.0000000000000000000, -1.112560217688397700E-016 ) ) ;
#3343 = LINE ( 'NONE', #1613, #3972 ) ;
#3344 = EDGE_CURVE ( 'NONE', #1754, #822, #1544, .T. ) ;
#3345 = ADVANCED_FACE ( 'NONE', ( #4072 ), #2680, .T. ) ;
#3346 = ORIENTED_EDGE ( 'NONE', *, *, #1744, .F. ) ;
#3347 = FACE_OUTER_BOUND ( 'NONE', #472, .T. ) ;
#3348 = DIRECTION ( 'NONE',  ( -0.0000000000000000000, 1.000000000000000000, -0.0000000000000000000 ) ) ;
#3349 = EDGE_CURVE ( 'NONE', #1483, #2953, #3175, .T. ) ;
#3350 = PLANE ( 'NONE',  #4429 ) ;
#3351 = LINE ( 'NONE', #4009, #2379 ) ;
#3352 = CARTESIAN_POINT ( 'NONE',  ( -0.7500000000000002200, 6.400591189392937300, 10.97440203382398500 ) ) ;
#3353 = CARTESIAN_POINT ( 'NONE',  ( 5.140533245203335400, -2.499999999999999600, 0.05843722244560246200 ) ) ;
#3354 = AXIS2_PLACEMENT_3D ( 'NONE', #662, #4111, #3461 ) ;
#3355 = CIRCLE ( 'NONE', #2451, 10.30000000000000600 ) ;
#3356 = AXIS2_PLACEMENT_3D ( 'NONE', #3556, #374, #1825 ) ;
#3357 = CARTESIAN_POINT ( 'NONE',  ( 1.347111479062088400E-015, 7.199999999999998400, 11.00000000000000000 ) ) ;
#3358 = DIRECTION ( 'NONE',  ( -0.7071067811865420200, -0.0000000000000000000, 0.7071067811865531200 ) ) ;
#3359 = CARTESIAN_POINT ( 'NONE',  ( 7.599388812201220300, 7.664080173772339000, 7.952942202794568900 ) ) ;
#3360 = CIRCLE ( 'NONE', #2602, 11.00000000000000000 ) ;
#3361 = DIRECTION ( 'NONE',  ( -0.0000000000000000000, -1.000000000000000000, -0.0000000000000000000 ) ) ;
#3362 = VECTOR ( 'NONE', #896, 1000.000000000000000 ) ;
#3363 = CARTESIAN_POINT ( 'NONE',  ( -5.000000000000000000, 0.0000000000000000000, 0.0000000000000000000 ) ) ;
#3364 = ORIENTED_EDGE ( 'NONE', *, *, #1638, .T. ) ;
#3365 = DIRECTION ( 'NONE',  ( -0.7071067811865472400, 0.0000000000000000000, 0.7071067811865479100 ) ) ;
#3366 = CARTESIAN_POINT ( 'NONE',  ( 0.4500000000000001800, 2.100000000000000100, 10.99079160024427000 ) ) ;
#3367 = EDGE_CURVE ( 'NONE', #11, #3240, #1756, .T. ) ;
#3368 = CARTESIAN_POINT ( 'NONE',  ( -5.000000000000000900, -2.000000000000000000, 0.3999999999999999700 ) ) ;
#3369 = ORIENTED_EDGE ( 'NONE', *, *, #1055, .T. ) ;
#3370 = CARTESIAN_POINT ( 'NONE',  ( 0.0000000000000000000, 0.0000000000000000000, -4.400000000000000400 ) ) ;
#3371 = ORIENTED_EDGE ( 'NONE', *, *, #3950, .T. ) ;
#3372 = EDGE_CURVE ( 'NONE', #202, #2921, #2237, .T. ) ;
#3373 = CARTESIAN_POINT ( 'NONE',  ( 7.387099156879100900, 1.700000000000000200, -7.033545766285744300 ) ) ;
#3374 = SURFACE_SIDE_STYLE ('',( #2907 ) ) ;
#3375 = ORIENTED_EDGE ( 'NONE', *, *, #3204, .F. ) ;
#3376 = DIRECTION ( 'NONE',  ( 0.0000000000000000000, -1.000000000000000000, 0.0000000000000000000 ) ) ;
#3377 = ORIENTED_EDGE ( 'NONE', *, *, #4502, .F. ) ;
#3378 = CARTESIAN_POINT ( 'NONE',  ( -7.563149311035942000, 2.199999999999999700, 7.987413379747950500 ) ) ;
#3379 = CARTESIAN_POINT ( 'NONE',  ( 0.0000000000000000000, 2.199999999999999700, 0.0000000000000000000 ) ) ;
#3380 = CARTESIAN_POINT ( 'NONE',  ( -7.563149311035942000, 1.200000000000000000, 7.987413379747950500 ) ) ;
#3381 = LINE ( 'NONE', #220, #4271 ) ;
#3382 = CARTESIAN_POINT ( 'NONE',  ( 4.971893350959332400, -2.499999999999999600, 0.1489727645748983900 ) ) ;
#3383 = ORIENTED_EDGE ( 'NONE', *, *, #2017, .T. ) ;
#3384 = ADVANCED_FACE ( 'NONE', ( #357 ), #3535, .T. ) ;
#3385 = FACE_OUTER_BOUND ( 'NONE', #727, .T. ) ;
#3386 = CARTESIAN_POINT ( 'NONE',  ( 4.662720211512012500, -5.807179676972451100, -0.09999997628065304700 ) ) ;
#3387 = CIRCLE ( 'NONE', #4120, 1.500000000000001300 ) ;
#3388 = ORIENTED_EDGE ( 'NONE', *, *, #899, .T. ) ;
#3389 = CARTESIAN_POINT ( 'NONE',  ( -5.337279788487988300, -5.807179676972452900, -0.09999997628065321300 ) ) ;
#3390 = ORIENTED_EDGE ( 'NONE', *, *, #3349, .T. ) ;
#3391 = CARTESIAN_POINT ( 'NONE',  ( 7.492241923636447300, 2.199999999999999700, 7.067977854924594200 ) ) ;
#3392 = CARTESIAN_POINT ( 'NONE',  ( 0.7999999999999993800, 2.199999999999999700, 10.97087052152198100 ) ) ;
#3393 = FACE_OUTER_BOUND ( 'NONE', #1138, .T. ) ;
#3394 = EDGE_CURVE ( 'NONE', #795, #2156, #4444, .T. ) ;
#3395 = ORIENTED_EDGE ( 'NONE', *, *, #298, .F. ) ;
#3396 = ORIENTED_EDGE ( 'NONE', *, *, #1189, .T. ) ;
#3397 = CIRCLE ( 'NONE', #3552, 11.00000000000000000 ) ;
#3398 = DIRECTION ( 'NONE',  ( 0.6272021151201161400, 0.0000000000000000000, -0.7788565380022514100 ) ) ;
#3399 = ORIENTED_EDGE ( 'NONE', *, *, #1542, .F. ) ;
#3400 = EDGE_CURVE ( 'NONE', #4238, #3633, #86, .T. ) ;
#3401 = CARTESIAN_POINT ( 'NONE',  ( 5.000000000000000900, -2.500000000000000400, 0.2999999999999997700 ) ) ;
#3402 = FACE_OUTER_BOUND ( 'NONE', #959, .T. ) ;
#3403 = FACE_OUTER_BOUND ( 'NONE', #347, .T. ) ;
#3404 = CARTESIAN_POINT ( 'NONE',  ( 0.6068383505066536900, 2.067431517735945700, -10.28225746276981700 ) ) ;
#3405 = AXIS2_PLACEMENT_3D ( 'NONE', #1011, #1023, #3468 ) ;
#3406 = ORIENTED_EDGE ( 'NONE', *, *, #3261, .F. ) ;
#3407 = VECTOR ( 'NONE', #2496, 999.9999999999998900 ) ;
#3408 = EDGE_LOOP ( 'NONE', ( #4486, #4337, #632, #3282 ) ) ;
#3409 = AXIS2_PLACEMENT_3D ( 'NONE', #3623, #2572, #2901 ) ;
#3410 = CARTESIAN_POINT ( 'NONE',  ( -7.599388812201220300, 1.200000000000000000, -7.952942202794568900 ) ) ;
#3411 = ADVANCED_FACE ( 'NONE', ( #3958 ), #918, .F. ) ;
#3412 = VECTOR ( 'NONE', #4162, 1000.000000000000000 ) ;
#3413 = CARTESIAN_POINT ( 'NONE',  ( 5.346410161513775300, -2.000000000000000000, -0.1999999999999997600 ) ) ;
#3414 = CARTESIAN_POINT ( 'NONE',  ( 0.0000000000000000000, 1.700000000000000000, 0.0000000000000000000 ) ) ;
#3415 = CARTESIAN_POINT ( 'NONE',  ( 0.0000000000000000000, 7.199999999999998400, 9.999999999999998200 ) ) ;
#3416 = VECTOR ( 'NONE', #2119, 1000.000000000000000 ) ;
#3417 = CARTESIAN_POINT ( 'NONE',  ( 0.0000000000000000000, 2.199999999999999700, 0.0000000000000000000 ) ) ;
#3418 = ORIENTED_EDGE ( 'NONE', *, *, #2294, .T. ) ;
#3419 = VERTEX_POINT ( 'NONE', #1589 ) ;
#3420 = DIRECTION ( 'NONE',  ( -0.0000000000000000000, 1.000000000000000000, -0.0000000000000000000 ) ) ;
#3421 = DIRECTION ( 'NONE',  ( 0.0000000000000000000, 0.0000000000000000000, -1.000000000000000000 ) ) ;
#3422 = EDGE_CURVE ( 'NONE', #845, #2652, #1865, .T. ) ;
#3423 = EDGE_LOOP ( 'NONE', ( #1128, #630, #1009, #172, #3279, #4473 ) ) ;
#3424 = CARTESIAN_POINT ( 'NONE',  ( -7.599388812201220300, 1.700000000000000200, 7.952942202794568900 ) ) ;
#3425 = EDGE_CURVE ( 'NONE', #1241, #251, #1027, .T. ) ;
#3426 = ORIENTED_EDGE ( 'NONE', *, *, #791, .F. ) ;
#3427 = VERTEX_POINT ( 'NONE', #2197 ) ;
#3428 = CARTESIAN_POINT ( 'NONE',  ( 5.123669110915176200, -2.000000000000001300, 0.3869822485207098400 ) ) ;
#3429 = ORIENTED_EDGE ( 'NONE', *, *, #4363, .T. ) ;
#3430 = AXIS2_PLACEMENT_3D ( 'NONE', #1881, #1123, #4278 ) ;
#3431 = VECTOR ( 'NONE', #1014, 1000.000000000000000 ) ;
#3432 = LINE ( 'NONE', #1937, #3334 ) ;
#3433 = ORIENTED_EDGE ( 'NONE', *, *, #3626, .F. ) ;
#3434 = ORIENTED_EDGE ( 'NONE', *, *, #684, .T. ) ;
#3435 = DIRECTION ( 'NONE',  ( 0.0000000000000000000, -1.000000000000000000, 0.0000000000000000000 ) ) ;
#3436 = VECTOR ( 'NONE', #3781, 1000.000000000000000 ) ;
#3437 = DIRECTION ( 'NONE',  ( 0.0000000000000000000, 0.0000000000000000000, 1.000000000000000000 ) ) ;
#3438 = LINE ( 'NONE', #4326, #1709 ) ;
#3439 = AXIS2_PLACEMENT_3D ( 'NONE', #3036, #928, #1318 ) ;
#3440 = ORIENTED_EDGE ( 'NONE', *, *, #3394, .T. ) ;
#3441 = ORIENTED_EDGE ( 'NONE', *, *, #635, .T. ) ;
#3442 = VECTOR ( 'NONE', #4371, 1000.000000000000000 ) ;
#3443 = ORIENTED_EDGE ( 'NONE', *, *, #1829, .T. ) ;
#3444 = DIRECTION ( 'NONE',  ( -0.0000000000000000000, -1.000000000000000000, -0.0000000000000000000 ) ) ;
#3445 = DIRECTION ( 'NONE',  ( 0.0000000000000000000, 1.000000000000000000, 0.0000000000000000000 ) ) ;
#3446 = CARTESIAN_POINT ( 'NONE',  ( 0.0000000000000000000, 2.199999999999999700, 0.0000000000000000000 ) ) ;
#3447 = LINE ( 'NONE', #1531, #3712 ) ;
#3448 = EDGE_CURVE ( 'NONE', #3916, #3942, #811, .T. ) ;
#3449 = ADVANCED_FACE ( 'NONE', ( #1600 ), #2732, .T. ) ;
#3450 = DIRECTION ( 'NONE',  ( 0.0000000000000000000, 0.0000000000000000000, 1.000000000000000000 ) ) ;
#3451 = FACE_OUTER_BOUND ( 'NONE', #4062, .T. ) ;
#3452 = EDGE_CURVE ( 'NONE', #3711, #3579, #4499, .T. ) ;
#3453 = DIRECTION ( 'NONE',  ( -0.7071067811865439100, -0.0000000000000000000, -0.7071067811865512400 ) ) ;
#3454 = PRODUCT_DEFINITION_CONTEXT ( 'detailed design', #3223, 'design' ) ;
#3455 = FACE_OUTER_BOUND ( 'NONE', #4509, .T. ) ;
#3456 = ORIENTED_EDGE ( 'NONE', *, *, #841, .F. ) ;
#3457 = CARTESIAN_POINT ( 'NONE',  ( -4.911542615200900700, -6.500000000000000000, 0.2287665235676188700 ) ) ;
#3458 = CARTESIAN_POINT ( 'NONE',  ( 0.0000000000000000000, 2.199999999999999700, 0.0000000000000000000 ) ) ;
#3459 = EDGE_CURVE ( 'NONE', #1483, #3725, #3332, .T. ) ;
#3460 = VERTEX_POINT ( 'NONE', #3707 ) ;
#3461 = DIRECTION ( 'NONE',  ( 0.0000000000000000000, 0.0000000000000000000, 1.000000000000000000 ) ) ;
#3462 = FACE_OUTER_BOUND ( 'NONE', #3700, .T. ) ;
#3463 = DIRECTION ( 'NONE',  ( 0.0000000000000000000, -1.000000000000000000, 0.0000000000000000000 ) ) ;
#3464 = AXIS2_PLACEMENT_3D ( 'NONE', #3821, #2450, #2787 ) ;
#3465 = AXIS2_PLACEMENT_3D ( 'NONE', #1211, #479, #450 ) ;
#3466 = LINE ( 'NONE', #3260, #2874 ) ;
#3467 = DIRECTION ( 'NONE',  ( -0.0000000000000000000, 1.000000000000000000, -0.0000000000000000000 ) ) ;
#3468 = DIRECTION ( 'NONE',  ( -3.088958970452706500E-016, 0.0000000000000000000, 1.000000000000000000 ) ) ;
#3469 = ORIENTED_EDGE ( 'NONE', *, *, #461, .T. ) ;
#3470 = EDGE_CURVE ( 'NONE', #981, #3584, #3338, .T. ) ;
#3471 = CARTESIAN_POINT ( 'NONE',  ( 0.7500000000000011100, 1.800000000000000500, -10.97440203382398700 ) ) ;
#3472 = CARTESIAN_POINT ( 'NONE',  ( 5.346410161513775300, -2.000000000000000000, -0.1999999999999997100 ) ) ;
#3473 = ADVANCED_FACE ( 'NONE', ( #1376 ), #3724, .F. ) ;
#3474 = ORIENTED_EDGE ( 'NONE', *, *, #2595, .F. ) ;
#3475 = ORIENTED_EDGE ( 'NONE', *, *, #3702, .F. ) ;
#3476 = DIRECTION ( 'NONE',  ( 0.0000000000000000000, 0.0000000000000000000, 1.000000000000000000 ) ) ;
#3477 = EDGE_CURVE ( 'NONE', #845, #2561, #987, .T. ) ;
#3478 = DIRECTION ( 'NONE',  ( 0.0000000000000000000, 0.0000000000000000000, 1.000000000000000000 ) ) ;
#3479 = FILL_AREA_STYLE_COLOUR ( '', #1837 ) ;
#3480 = ORIENTED_EDGE ( 'NONE', *, *, #1738, .F. ) ;
#3481 = ORIENTED_EDGE ( 'NONE', *, *, #1165, .T. ) ;
#3482 = EDGE_CURVE ( 'NONE', #4135, #1038, #2135, .T. ) ;
#3483 = VECTOR ( 'NONE', #246, 1000.000000000000000 ) ;
#3484 = ORIENTED_EDGE ( 'NONE', *, *, #3044, .F. ) ;
#3485 = CARTESIAN_POINT ( 'NONE',  ( 1.224646799147353100E-015, 7.199999999999998400, -9.999999999999998200 ) ) ;
#3486 = CARTESIAN_POINT ( 'NONE',  ( 0.0000000000000000000, 1.700000000000000000, 0.0000000000000000000 ) ) ;
#3487 = DIRECTION ( 'NONE',  ( -1.000000000000000000, 0.0000000000000000000, -1.112560217688397700E-016 ) ) ;
#3488 = VECTOR ( 'NONE', #3936, 1000.000000000000000 ) ;
#3489 = CIRCLE ( 'NONE', #3691, 10.30000000000000200 ) ;
#3490 = DIRECTION ( 'NONE',  ( -0.0000000000000000000, -1.000000000000000000, -0.0000000000000000000 ) ) ;
#3491 = ORIENTED_EDGE ( 'NONE', *, *, #1829, .F. ) ;
#3492 = AXIS2_PLACEMENT_3D ( 'NONE', #4170, #2141, #3810 ) ;
#3493 = AXIS2_PLACEMENT_3D ( 'NONE', #956, #2682, #1286 ) ;
#3494 = FACE_OUTER_BOUND ( 'NONE', #1356, .T. ) ;
#3495 = ORIENTED_EDGE ( 'NONE', *, *, #667, .F. ) ;
#3496 = DIRECTION ( 'NONE',  ( 0.0000000000000000000, 0.0000000000000000000, -1.000000000000000000 ) ) ;
#3497 = ADVANCED_FACE ( 'NONE', ( #2526 ), #3135, .T. ) ;
#3498 = ORIENTED_EDGE ( 'NONE', *, *, #2382, .F. ) ;
#3499 = CARTESIAN_POINT ( 'NONE',  ( 4.733333333333332500, -2.499999999999999600, 0.08525711834638163800 ) ) ;
#3500 = VERTEX_POINT ( 'NONE', #2992 ) ;
#3501 = LINE ( 'NONE', #2698, #1877 ) ;
#3502 = CARTESIAN_POINT ( 'NONE',  ( -5.400000000000000400, -5.807179676972452900, -0.02211432248042713100 ) ) ;
#3503 = CARTESIAN_POINT ( 'NONE',  ( 0.7500000000000011100, 1.200000000000000000, -10.97440203382398700 ) ) ;
#3504 = DIRECTION ( 'NONE',  ( 0.0000000000000000000, 0.0000000000000000000, -1.000000000000000000 ) ) ;
#3505 = EDGE_CURVE ( 'NONE', #2820, #1038, #3651, .T. ) ;
#3506 = CYLINDRICAL_SURFACE ( 'NONE', #2885, 10.20000000000000300 ) ;
#3507 = ORIENTED_EDGE ( 'NONE', *, *, #4264, .F. ) ;
#3508 = CARTESIAN_POINT ( 'NONE',  ( 7.563149311035942000, 1.200000000000000000, 7.987413379747950500 ) ) ;
#3509 = VECTOR ( 'NONE', #78, 1000.000000000000200 ) ;
#3510 = EDGE_CURVE ( 'NONE', #1483, #3427, #3229, .T. ) ;
#3511 = DIRECTION ( 'NONE',  ( -0.0000000000000000000, -1.000000000000000000, -0.0000000000000000000 ) ) ;
#3512 = ORIENTED_EDGE ( 'NONE', *, *, #2267, .F. ) ;
#3513 = ORIENTED_EDGE ( 'NONE', *, *, #1266, .T. ) ;
#3514 = FACE_OUTER_BOUND ( 'NONE', #2590, .T. ) ;
#3515 = AXIS2_PLACEMENT_3D ( 'NONE', #3485, #3847, #2465 ) ;
#3516 = ADVANCED_FACE ( 'NONE', ( #30 ), #526, .T. ) ;
#3517 = CIRCLE ( 'NONE', #3716, 11.00000000000000200 ) ;
#3518 = DIRECTION ( 'NONE',  ( -0.0000000000000000000, 1.000000000000000000, -0.0000000000000000000 ) ) ;
#3519 = ORIENTED_EDGE ( 'NONE', *, *, #2351, .F. ) ;
#3520 = DIRECTION ( 'NONE',  ( 0.0000000000000000000, -1.000000000000000000, 0.0000000000000000000 ) ) ;
#3521 = ORIENTED_EDGE ( 'NONE', *, *, #4460, .T. ) ;
#3522 = CARTESIAN_POINT ( 'NONE',  ( -4.662720211512012500, -2.500000000000000000, -0.09999997628065307500 ) ) ;
#3523 = EDGE_LOOP ( 'NONE', ( #2299, #2959, #340, #2232 ) ) ;
#3524 = CARTESIAN_POINT ( 'NONE',  ( 0.0000000000000000000, 7.199999999999998400, 0.0000000000000000000 ) ) ;
#3525 = ORIENTED_EDGE ( 'NONE', *, *, #1321, .F. ) ;
#3526 = ORIENTED_EDGE ( 'NONE', *, *, #1020, .T. ) ;
#3527 = EDGE_CURVE ( 'NONE', #1761, #76, #1256, .T. ) ;
#3528 = DIRECTION ( 'NONE',  ( 0.0000000000000000000, 1.000000000000000000, 0.0000000000000000000 ) ) ;
#3529 = CLOSED_SHELL ( 'NONE', ( #43, #925, #3003, #2126, #1884, #3647, #2976, #2886, #4332, #1208, #1622, #3164, #418, #2243, #4527, #1454, #4161, #3411, #2788, #3999, #321, #1526 ) ) ;
#3530 = CARTESIAN_POINT ( 'NONE',  ( -2.974994778340319000, -6.500000000000000000, -2.395721068519753400 ) ) ;
#3531 = DIRECTION ( 'NONE',  ( 0.0000000000000000000, 0.0000000000000000000, 1.000000000000000000 ) ) ;
#3532 = EDGE_CURVE ( 'NONE', #2953, #1185, #4016, .T. ) ;
#3533 = EDGE_LOOP ( 'NONE', ( #3160, #3052, #1409, #4402, #3982, #2724, #3005, #3146, #1582, #1623, #1682, #1602, #762, #3433, #626, #1433 ) ) ;
#3534 = ADVANCED_FACE ( 'NONE', ( #2189 ), #2303, .T. ) ;
#3535 = CYLINDRICAL_SURFACE ( 'NONE', #1300, 10.30000000000000400 ) ;
#3536 = CARTESIAN_POINT ( 'NONE',  ( 4.974262826712912800, -6.500000000000000000, 0.1508808697673941800 ) ) ;
#3537 = FACE_OUTER_BOUND ( 'NONE', #3067, .T. ) ;
#3538 =( LENGTH_UNIT ( ) NAMED_UNIT ( * ) SI_UNIT ( .MILLI., .METRE. ) );
#3539 = ORIENTED_EDGE ( 'NONE', *, *, #243, .T. ) ;
#3540 = AXIS2_PLACEMENT_3D ( 'NONE', #3096, #1293, #1702 ) ;
#3541 = DIRECTION ( 'NONE',  ( -0.7071067811865443500, 0.0000000000000000000, -0.7071067811865506800 ) ) ;
#3542 = LINE ( 'NONE', #2426, #2187 ) ;
#3543 = LINE ( 'NONE', #3228, #644 ) ;
#3544 = CARTESIAN_POINT ( 'NONE',  ( -7.067977854924515100, 1.200000000000000000, 7.492241923636521900 ) ) ;
#3545 = EDGE_LOOP ( 'NONE', ( #739, #725, #2887, #2002 ) ) ;
#3546 = ORIENTED_EDGE ( 'NONE', *, *, #3655, .F. ) ;
#3547 = ORIENTED_EDGE ( 'NONE', *, *, #2770, .F. ) ;
#3548 = LINE ( 'NONE', #1903, #3806 ) ;
#3549 = ORIENTED_EDGE ( 'NONE', *, *, #765, .F. ) ;
#3550 = AXIS2_PLACEMENT_3D ( 'NONE', #525, #3674, #881 ) ;
#3551 = CARTESIAN_POINT ( 'NONE',  ( 0.0000000000000000000, 1.700000000000000000, 0.0000000000000000000 ) ) ;
#3552 = AXIS2_PLACEMENT_3D ( 'NONE', #2210, #4290, #3935 ) ;
#3553 = ORIENTED_EDGE ( 'NONE', *, *, #120, .F. ) ;
#3554 = CARTESIAN_POINT ( 'NONE',  ( 0.0000000000000000000, 1.200000000000000000, 0.0000000000000000000 ) ) ;
#3555 = DIRECTION ( 'NONE',  ( -0.7071067811865479100, 0.0000000000000000000, -0.7071067811865471300 ) ) ;
#3556 = CARTESIAN_POINT ( 'NONE',  ( 0.0000000000000000000, 1.200000000000000000, 0.0000000000000000000 ) ) ;
#3557 = LINE ( 'NONE', #1470, #2648 ) ;
#3558 = EDGE_CURVE ( 'NONE', #4409, #1185, #2520, .T. ) ;
#3559 = PLANE ( 'NONE',  #3241 ) ;
#3560 = ORIENTED_EDGE ( 'NONE', *, *, #2906, .T. ) ;
#3561 = ADVANCED_FACE ( 'NONE', ( #424 ), #638, .T. ) ;
#3562 = EDGE_CURVE ( 'NONE', #2581, #523, #2247, .T. ) ;
#3563 = CARTESIAN_POINT ( 'NONE',  ( -7.952942202794572400, 7.664080173772339000, -7.599388812201216800 ) ) ;
#3564 = LINE ( 'NONE', #1963, #3668 ) ;
#3565 = ORIENTED_EDGE ( 'NONE', *, *, #2424, .T. ) ;
#3566 = CARTESIAN_POINT ( 'NONE',  ( 0.0000000000000000000, -4.949747468305832700, 5.599999999999999600 ) ) ;
#3567 = VERTEX_POINT ( 'NONE', #1529 ) ;
#3568 = LINE ( 'NONE', #1808, #3089 ) ;
#3569 = EDGE_CURVE ( 'NONE', #3786, #2820, #256, .T. ) ;
#3570 = PLANE ( 'NONE',  #3356 ) ;
#3571 = CARTESIAN_POINT ( 'NONE',  ( -7.987413379747872400, 2.199999999999999700, 7.563149311036023700 ) ) ;
#3572 = VECTOR ( 'NONE', #3303, 1000.000000000000000 ) ;
#3573 = CARTESIAN_POINT ( 'NONE',  ( 0.8000000000000008200, 1.200000000000000000, -10.97087052152198400 ) ) ;
#3574 = AXIS2_PLACEMENT_3D ( 'NONE', #3799, #2477, #1468 ) ;
#3575 = STYLED_ITEM ( 'NONE', ( #3187 ), #2115 ) ;
#3576 = ORIENTED_EDGE ( 'NONE', *, *, #4211, .F. ) ;
#3577 = DIRECTION ( 'NONE',  ( 0.0000000000000000000, 0.0000000000000000000, -1.000000000000000000 ) ) ;
#3578 = ORIENTED_EDGE ( 'NONE', *, *, #3921, .F. ) ;
#3579 = VERTEX_POINT ( 'NONE', #3914 ) ;
#3580 = CARTESIAN_POINT ( 'NONE',  ( 5.000000000000000000, 1.199999999999999700, 0.0000000000000000000 ) ) ;
#3581 = ADVANCED_FACE ( 'NONE', ( #4327 ), #4227, .T. ) ;
#3582 = CARTESIAN_POINT ( 'NONE',  ( 7.599388812201220300, 1.700000000000000200, 7.952942202794568900 ) ) ;
#3583 = DIRECTION ( 'NONE',  ( 0.0000000000000000000, -1.000000000000000000, 0.0000000000000000000 ) ) ;
#3584 = VERTEX_POINT ( 'NONE', #3697 ) ;
#3585 = CARTESIAN_POINT ( 'NONE',  ( -5.358186525658657800, -2.499999999999999600, -0.07403809168057780300 ) ) ;
#3586 = CARTESIAN_POINT ( 'NONE',  ( 5.389546631414664700, -2.499999999999999600, -0.03509526478046466600 ) ) ;
#3587 = ORIENTED_EDGE ( 'NONE', *, *, #3144, .T. ) ;
#3588 = EDGE_CURVE ( 'NONE', #1095, #1562, #3438, .T. ) ;
#3589 = DIRECTION ( 'NONE',  ( 0.0000000000000000000, 0.0000000000000000000, -1.000000000000000000 ) ) ;
#3590 = CARTESIAN_POINT ( 'NONE',  ( -7.492241923636441900, 1.700000000000000000, -7.067977854924602200 ) ) ;
#3591 = VECTOR ( 'NONE', #2376, 1000.000000000000000 ) ;
#3592 = EDGE_LOOP ( 'NONE', ( #2904, #2475, #4381, #2352, #575 ) ) ;
#3593 = CARTESIAN_POINT ( 'NONE',  ( -4.662720211512012500, -5.807179676972451100, -0.09999997628065304700 ) ) ;
#3594 = DIRECTION ( 'NONE',  ( -0.0000000000000000000, 1.000000000000000000, -0.0000000000000000000 ) ) ;
#3595 = LINE ( 'NONE', #774, #3908 ) ;
#3596 = EDGE_CURVE ( 'NONE', #3114, #425, #2844, .T. ) ;
#3597 = VECTOR ( 'NONE', #3555, 1000.000000000000000 ) ;
#3598 = ORIENTED_EDGE ( 'NONE', *, *, #4129, .F. ) ;
#3599 = DIRECTION ( 'NONE',  ( -0.0000000000000000000, 1.000000000000000000, -0.0000000000000000000 ) ) ;
#3600 = ORIENTED_EDGE ( 'NONE', *, *, #1282, .F. ) ;
#3601 = CARTESIAN_POINT ( 'NONE',  ( 0.0000000000000000000, 1.700000000000000200, 0.0000000000000000000 ) ) ;
#3602 = CARTESIAN_POINT ( 'NONE',  ( -5.000000000000000000, 1.199999999999999700, 1.750000000000000000 ) ) ;
#3603 = ORIENTED_EDGE ( 'NONE', *, *, #1967, .F. ) ;
#3604 = STYLED_ITEM ( 'NONE', ( #2207 ), #1312 ) ;
#3605 = ORIENTED_EDGE ( 'NONE', *, *, #1137, .F. ) ;
#3606 = DIRECTION ( 'NONE',  ( 0.0000000000000000000, 0.0000000000000000000, -1.000000000000000000 ) ) ;
#3607 = LINE ( 'NONE', #2331, #1037 ) ;
#3608 = PLANE ( 'NONE',  #1520 ) ;
#3609 = DIRECTION ( 'NONE',  ( -0.0000000000000000000, -1.000000000000000000, -0.0000000000000000000 ) ) ;
#3610 = ADVANCED_FACE ( 'NONE', ( #979 ), #3744, .F. ) ;
#3611 = ORIENTED_EDGE ( 'NONE', *, *, #3106, .F. ) ;
#3612 = LINE ( 'NONE', #4462, #2967 ) ;
#3613 = CARTESIAN_POINT ( 'NONE',  ( 5.000000000000000000, 1.199999999999999700, -1.750000000000000000 ) ) ;
#3614 = CARTESIAN_POINT ( 'NONE',  ( -0.7999999999999962700, 2.199999999999999700, -10.97087052152198400 ) ) ;
#3615 = FACE_OUTER_BOUND ( 'NONE', #1899, .T. ) ;
#3616 = EDGE_CURVE ( 'NONE', #2763, #3460, #868, .T. ) ;
#3617 = CARTESIAN_POINT ( 'NONE',  ( -7.987413379747872400, 2.199999999999999700, 7.563149311036023700 ) ) ;
#3618 = VECTOR ( 'NONE', #1764, 1000.000000000000000 ) ;
#3619 = DIRECTION ( 'NONE',  ( 1.000000000000000000, 0.0000000000000000000, -1.112560217688397700E-016 ) ) ;
#3620 = CARTESIAN_POINT ( 'NONE',  ( 5.000000000000000000, 0.0000000000000000000, 0.2999999999999998200 ) ) ;
#3621 = ORIENTED_EDGE ( 'NONE', *, *, #151, .F. ) ;
#3622 = CARTESIAN_POINT ( 'NONE',  ( -0.7500000000000002200, 1.200000000000000000, -10.97440203382398500 ) ) ;
#3623 = CARTESIAN_POINT ( 'NONE',  ( 0.0000000000000000000, 8.200000000000001100, 0.0000000000000000000 ) ) ;
#3624 = CONICAL_SURFACE ( 'NONE', #133, 1.750000000000000000, 0.7853981633974539400 ) ;
#3625 = DIRECTION ( 'NONE',  ( -0.7071067811865420200, 0.0000000000000000000, -0.7071067811865531200 ) ) ;
#3626 = EDGE_CURVE ( 'NONE', #3742, #2306, #753, .T. ) ;
#3627 = CARTESIAN_POINT ( 'NONE',  ( 0.0000000000000000000, 6.200000000000001100, 0.0000000000000000000 ) ) ;
#3628 = DIRECTION ( 'NONE',  ( 0.0000000000000000000, 0.0000000000000000000, -1.000000000000000000 ) ) ;
#3629 = VECTOR ( 'NONE', #4410, 1000.000000000000000 ) ;
#3630 = CARTESIAN_POINT ( 'NONE',  ( 0.0000000000000000000, 1.200000000000000000, 0.0000000000000000000 ) ) ;
#3631 = ADVANCED_FACE ( 'NONE', ( #4121 ), #1085, .T. ) ;
#3632 = AXIS2_PLACEMENT_3D ( 'NONE', #2941, #3619, #4319 ) ;
#3633 = VERTEX_POINT ( 'NONE', #2102 ) ;
#3634 = CARTESIAN_POINT ( 'NONE',  ( -5.400000000000000400, -2.500000000000000000, -0.02211432248042714100 ) ) ;
#3635 = ORIENTED_EDGE ( 'NONE', *, *, #3558, .F. ) ;
#3636 = CARTESIAN_POINT ( 'NONE',  ( -5.224853192325333000, -2.499999999999999600, -0.009464434151366340300 ) ) ;
#3637 = AXIS2_PLACEMENT_3D ( 'NONE', #138, #500, #2617 ) ;
#3638 = AXIS2_PLACEMENT_3D ( 'NONE', #4174, #2762, #1771 ) ;
#3639 = EDGE_LOOP ( 'NONE', ( #2619, #1413, #4325, #3944 ) ) ;
#3640 = PLANE ( 'NONE',  #1238 ) ;
#3641 = EDGE_LOOP ( 'NONE', ( #4069, #1082, #3325, #815 ) ) ;
#3642 = VERTEX_POINT ( 'NONE', #1705 ) ;
#3643 = DIRECTION ( 'NONE',  ( 0.0000000000000000000, 0.0000000000000000000, -1.000000000000000000 ) ) ;
#3644 = LINE ( 'NONE', #1059, #87 ) ;
#3645 = EDGE_CURVE ( 'NONE', #1891, #3419, #2411, .T. ) ;
#3646 = EDGE_LOOP ( 'NONE', ( #2265, #2640, #4447, #311 ) ) ;
#3647 = ADVANCED_FACE ( 'NONE', ( #2957 ), #1344, .F. ) ;
#3648 = ORIENTED_EDGE ( 'NONE', *, *, #4043, .F. ) ;
#3649 = DIRECTION ( 'NONE',  ( 0.0000000000000000000, -1.000000000000000000, 0.0000000000000000000 ) ) ;
#3650 = CIRCLE ( 'NONE', #111, 0.5999999999999998700 ) ;
#3651 = CIRCLE ( 'NONE', #3550, 0.2999999999999999300 ) ;
#3652 = ORIENTED_EDGE ( 'NONE', *, *, #507, .T. ) ;
#3653 = CARTESIAN_POINT ( 'NONE',  ( -0.7174479638881359200, 1.956810304126641100, 10.27513210296802100 ) ) ;
#3654 = CARTESIAN_POINT ( 'NONE',  ( 7.599388812201220300, 1.700000000000000200, -7.952942202794568900 ) ) ;
#3655 = EDGE_CURVE ( 'NONE', #2075, #1918, #2366, .T. ) ;
#3656 = FACE_OUTER_BOUND ( 'NONE', #3903, .T. ) ;
#3657 = ORIENTED_EDGE ( 'NONE', *, *, #2464, .F. ) ;
#3658 = DIRECTION ( 'NONE',  ( -1.112560217688397700E-016, 0.0000000000000000000, -1.000000000000000000 ) ) ;
#3659 = VECTOR ( 'NONE', #3917, 1000.000000000000200 ) ;
#3660 = AXIS2_PLACEMENT_3D ( 'NONE', #2962, #2308, #3662 ) ;
#3661 = CARTESIAN_POINT ( 'NONE',  ( -5.233333333333332500, -2.499999999999999600, 0.1120999785530842900 ) ) ;
#3662 = DIRECTION ( 'NONE',  ( 0.0000000000000000000, 0.0000000000000000000, -1.000000000000000000 ) ) ;
#3663 = VECTOR ( 'NONE', #262, 1000.000000000000100 ) ;
#3664 = LINE ( 'NONE', #961, #2746 ) ;
#3665 = DIRECTION ( 'NONE',  ( 0.6272021151201147000, 0.0000000000000000000, -0.7788565380022527400 ) ) ;
#3666 = DIRECTION ( 'NONE',  ( 0.0000000000000000000, 0.0000000000000000000, -1.000000000000000000 ) ) ;
#3667 = ADVANCED_FACE ( 'NONE', ( #1437 ), #33, .T. ) ;
#3668 = VECTOR ( 'NONE', #528, 1000.000000000000100 ) ;
#3669 = ORIENTED_EDGE ( 'NONE', *, *, #434, .F. ) ;
#3670 = CARTESIAN_POINT ( 'NONE',  ( 5.000000000000000000, -2.000000000000000000, 0.2999999999999999300 ) ) ;
#3671 = EDGE_CURVE ( 'NONE', #1886, #3114, #2633, .T. ) ;
#3672 = DIRECTION ( 'NONE',  ( -0.3894282690011270900, -0.8660254037844377100, 0.3136010575600592900 ) ) ;
#3673 = ORIENTED_EDGE ( 'NONE', *, *, #2079, .F. ) ;
#3674 = DIRECTION ( 'NONE',  ( -0.0000000000000000000, 1.000000000000000000, -0.0000000000000000000 ) ) ;
#3675 = LINE ( 'NONE', #2753, #3412 ) ;
#3676 = CARTESIAN_POINT ( 'NONE',  ( 0.0000000000000000000, 1.200000000000000000, 0.0000000000000000000 ) ) ;
#3677 = VERTEX_POINT ( 'NONE', #3503 ) ;
#3678 = FACE_OUTER_BOUND ( 'NONE', #2909, .T. ) ;
#3679 = EDGE_CURVE ( 'NONE', #3742, #2518, #1605, .T. ) ;
#3680 = CARTESIAN_POINT ( 'NONE',  ( 5.000000000000000000, -2.000000000000000000, 0.0000000000000000000 ) ) ;
#3681 = ORIENTED_EDGE ( 'NONE', *, *, #3077, .T. ) ;
#3682 = AXIS2_PLACEMENT_3D ( 'NONE', #1092, #1477, #3898 ) ;
#3683 = VERTEX_POINT ( 'NONE', #2116 ) ;
#3684 = PLANE ( 'NONE',  #2310 ) ;
#3685 = ORIENTED_EDGE ( 'NONE', *, *, #2413, .T. ) ;
#3686 = CARTESIAN_POINT ( 'NONE',  ( 0.0000000000000000000, 1.700000000000000000, 0.0000000000000000000 ) ) ;
#3687 = CARTESIAN_POINT ( 'NONE',  ( -5.266666666666665700, -2.499999999999999600, 0.08525711834638204100 ) ) ;
#3688 = ORIENTED_EDGE ( 'NONE', *, *, #997, .T. ) ;
#3689 = DIRECTION ( 'NONE',  ( -0.0000000000000000000, -1.000000000000000000, -0.0000000000000000000 ) ) ;
#3690 = CARTESIAN_POINT ( 'NONE',  ( -0.7500000000000001100, 1.800000000000000000, 10.27265788391690100 ) ) ;
#3691 = AXIS2_PLACEMENT_3D ( 'NONE', #2838, #3205, #2500 ) ;
#3692 = ADVANCED_FACE ( 'NONE', ( #4080 ), #380, .F. ) ;
#3693 = ORIENTED_EDGE ( 'NONE', *, *, #1452, .F. ) ;
#3694 = ORIENTED_EDGE ( 'NONE', *, *, #4195, .T. ) ;
#3695 = DIRECTION ( 'NONE',  ( 0.7788565380022514100, 0.0000000000000000000, -0.6272021151201162500 ) ) ;
#3696 = CARTESIAN_POINT ( 'NONE',  ( -0.4500000000000001800, 2.100000000000000100, 10.29016520761450200 ) ) ;
#3697 = CARTESIAN_POINT ( 'NONE',  ( -7.563149311035942000, 1.200000000000000000, 7.987413379747950500 ) ) ;
#3698 = CARTESIAN_POINT ( 'NONE',  ( -7.492241923636447300, 1.200000000000000000, 7.067977854924594200 ) ) ;
#3699 = LINE ( 'NONE', #3391, #2354 ) ;
#3700 = EDGE_LOOP ( 'NONE', ( #2055, #2614, #1608, #1649, #2888, #1747 ) ) ;
#3701 = DIRECTION ( 'NONE',  ( 0.0000000000000000000, 0.0000000000000000000, 1.000000000000000000 ) ) ;
#3702 = EDGE_CURVE ( 'NONE', #1185, #2280, #3182, .T. ) ;
#3703 = CYLINDRICAL_SURFACE ( 'NONE', #1922, 11.00000000000000000 ) ;
#3704 = PLANE ( 'NONE',  #2491 ) ;
#3705 = ORIENTED_EDGE ( 'NONE', *, *, #4159, .F. ) ;
#3706 = CARTESIAN_POINT ( 'NONE',  ( 0.0000000000000000000, 1.700000000000000000, 0.0000000000000000000 ) ) ;
#3707 = CARTESIAN_POINT ( 'NONE',  ( 7.987413379747872400, 1.200000000000000000, 7.563149311036023700 ) ) ;
#3708 = FACE_OUTER_BOUND ( 'NONE', #184, .T. ) ;
#3709 = EDGE_CURVE ( 'NONE', #4155, #3043, #366, .T. ) ;
#3710 = ORIENTED_EDGE ( 'NONE', *, *, #1447, .F. ) ;
#3711 = VERTEX_POINT ( 'NONE', #3895 ) ;
#3712 = VECTOR ( 'NONE', #2564, 1000.000000000000000 ) ;
#3713 = VERTEX_POINT ( 'NONE', #1796 ) ;
#3714 = ORIENTED_EDGE ( 'NONE', *, *, #334, .F. ) ;
#3715 = DIRECTION ( 'NONE',  ( -0.6272021151201162500, 0.0000000000000000000, 0.7788565380022514100 ) ) ;
#3716 = AXIS2_PLACEMENT_3D ( 'NONE', #4206, #3520, #732 ) ;
#3717 = PLANE ( 'NONE',  #1331 ) ;
#3718 = FACE_OUTER_BOUND ( 'NONE', #3318, .T. ) ;
#3719 = PLANE ( 'NONE',  #3722 ) ;
#3720 = AXIS2_PLACEMENT_3D ( 'NONE', #874, #3649, #2978 ) ;
#3721 = VECTOR ( 'NONE', #631, 1000.000000000000000 ) ;
#3722 = AXIS2_PLACEMENT_3D ( 'NONE', #616, #1299, #3421 ) ;
#3723 = DIRECTION ( 'NONE',  ( 0.0000000000000000000, 1.000000000000000000, 0.0000000000000000000 ) ) ;
#3724 = PLANE ( 'NONE',  #1555 ) ;
#3725 = VERTEX_POINT ( 'NONE', #397 ) ;
#3726 = CARTESIAN_POINT ( 'NONE',  ( 4.662720211512012500, -2.500000000000000000, -0.09999997628065304700 ) ) ;
#3727 = DIRECTION ( 'NONE',  ( 0.0000000000000000000, 0.0000000000000000000, -1.000000000000000000 ) ) ;
#3728 = CIRCLE ( 'NONE', #4430, 1.750000000000000000 ) ;
#3729 = ORIENTED_EDGE ( 'NONE', *, *, #1721, .F. ) ;
#3730 = DIRECTION ( 'NONE',  ( 0.6745095478135484400, 0.5000000000000015500, 0.5431729650013527000 ) ) ;
#3731 = EDGE_CURVE ( 'NONE', #2850, #2395, #3759, .T. ) ;
#3732 = CARTESIAN_POINT ( 'NONE',  ( -7.067977854924515100, 1.700000000000000000, 7.492241923636521900 ) ) ;
#3733 = ORIENTED_EDGE ( 'NONE', *, *, #2199, .F. ) ;
#3734 = CARTESIAN_POINT ( 'NONE',  ( 5.396971013490145600, -2.000000000000000000, -0.08639053254437850700 ) ) ;
#3735 = LINE ( 'NONE', #680, #1994 ) ;
#3736 = DIRECTION ( 'NONE',  ( -0.7788565380022514100, 0.0000000000000000000, -0.6272021151201162500 ) ) ;
#3737 = VECTOR ( 'NONE', #4147, 1000.000000000000000 ) ;
#3738 = DIRECTION ( 'NONE',  ( -0.7788565380022514100, 0.0000000000000000000, -0.6272021151201161400 ) ) ;
#3739 = EDGE_CURVE ( 'NONE', #1397, #2025, #3543, .T. ) ;
#3740 = ORIENTED_EDGE ( 'NONE', *, *, #513, .T. ) ;
#3741 = CARTESIAN_POINT ( 'NONE',  ( -0.8000000000000002700, 2.199999999999999700, 10.97087052152198100 ) ) ;
#3742 = VERTEX_POINT ( 'NONE', #4199 ) ;
#3743 = EDGE_CURVE ( 'NONE', #3083, #3567, #4236, .T. ) ;
#3744 = PLANE ( 'NONE',  #2006 ) ;
#3745 = CARTESIAN_POINT ( 'NONE',  ( 0.5292183358957182100, 2.100000000001522400, -10.28670090452185600 ) ) ;
#3746 = VERTEX_POINT ( 'NONE', #2802 ) ;
#3747 = CARTESIAN_POINT ( 'NONE',  ( -4.812959010425254600, -2.000000000000000000, 0.2405325443786981400 ) ) ;
#3748 = ORIENTED_EDGE ( 'NONE', *, *, #2799, .F. ) ;
#3749 = DIRECTION ( 'NONE',  ( 0.0000000000000000000, 0.0000000000000000000, 1.000000000000000000 ) ) ;
#3750 = CARTESIAN_POINT ( 'NONE',  ( -4.740192378864668900, -2.000000000000000000, -0.1500000000000002200 ) ) ;
#3751 = EDGE_LOOP ( 'NONE', ( #3211, #3838, #3297, #3481, #3526, #1473 ) ) ;
#3752 = DIRECTION ( 'NONE',  ( 0.0000000000000000000, 0.0000000000000000000, 1.000000000000000000 ) ) ;
#3753 = VECTOR ( 'NONE', #1176, 999.9999999999998900 ) ;
#3754 = CIRCLE ( 'NONE', #2764, 11.00000000000000400 ) ;
#3755 = ORIENTED_EDGE ( 'NONE', *, *, #1172, .T. ) ;
#3756 = VERTEX_POINT ( 'NONE', #1459 ) ;
#3757 = DIRECTION ( 'NONE',  ( 0.0000000000000000000, -1.000000000000000000, 0.0000000000000000000 ) ) ;
#3758 = LINE ( 'NONE', #3413, #2583 ) ;
#3759 = CIRCLE ( 'NONE', #2309, 2.000000000000000000 ) ;
#3760 = EDGE_CURVE ( 'NONE', #3188, #2280, #1493, .T. ) ;
#3761 = ORIENTED_EDGE ( 'NONE', *, *, #4102, .F. ) ;
#3762 = CARTESIAN_POINT ( 'NONE',  ( 5.000000000000000000, -2.250000000000000400, 0.2358033250536114800 ) ) ;
#3763 = VECTOR ( 'NONE', #2158, 1000.000000000000000 ) ;
#3764 = CARTESIAN_POINT ( 'NONE',  ( 4.999999999999999100, -2.500000000000002200, 0.1716066501072227600 ) ) ;
#3765 = ORIENTED_EDGE ( 'NONE', *, *, #1995, .F. ) ;
#3766 = EDGE_CURVE ( 'NONE', #1022, #3834, #4127, .T. ) ;
#3767 = DIRECTION ( 'NONE',  ( 0.0000000000000000000, 0.0000000000000000000, 1.000000000000000000 ) ) ;
#3768 = FACE_OUTER_BOUND ( 'NONE', #1819, .T. ) ;
#3769 = CARTESIAN_POINT ( 'NONE',  ( 0.0000000000000000000, 8.200000000000001100, 0.0000000000000000000 ) ) ;
#3770 = CYLINDRICAL_SURFACE ( 'NONE', #2709, 1.750000000000000000 ) ;
#3771 = CARTESIAN_POINT ( 'NONE',  ( 4.662720211512012500, -13.89442718039230100, -0.09999997628065304700 ) ) ;
#3772 = CARTESIAN_POINT ( 'NONE',  ( 5.400000000000000400, -2.500000000000000000, -0.02211432248042713100 ) ) ;
#3773 = ORIENTED_EDGE ( 'NONE', *, *, #2442, .T. ) ;
#3774 = LINE ( 'NONE', #4013, #1274 ) ;
#3775 = CARTESIAN_POINT ( 'NONE',  ( -5.000000000000000000, -2.000000000000000000, 0.3999999999999999700 ) ) ;
#3776 = AXIS2_PLACEMENT_3D ( 'NONE', #1346, #315, #1734 ) ;
#3777 = ORIENTED_EDGE ( 'NONE', *, *, #2230, .F. ) ;
#3778 = CIRCLE ( 'NONE', #943, 0.2999999999999998200 ) ;
#3779 = DIRECTION ( 'NONE',  ( -3.088958970452706500E-016, -0.0000000000000000000, 1.000000000000000000 ) ) ;
#3780 = FACE_OUTER_BOUND ( 'NONE', #3592, .T. ) ;
#3781 = DIRECTION ( 'NONE',  ( -0.0000000000000000000, 1.000000000000000000, -0.0000000000000000000 ) ) ;
#3782 = DIRECTION ( 'NONE',  ( 0.0000000000000000000, -0.0000000000000000000, -1.000000000000000000 ) ) ;
#3783 = ORIENTED_EDGE ( 'NONE', *, *, #3532, .F. ) ;
#3784 = DIRECTION ( 'NONE',  ( 0.0000000000000000000, 0.0000000000000000000, -1.000000000000000000 ) ) ;
#3785 = VERTEX_POINT ( 'NONE', #1882 ) ;
#3786 = VERTEX_POINT ( 'NONE', #1896 ) ;
#3787 = EDGE_CURVE ( 'NONE', #3942, #2306, #144, .T. ) ;
#3788 = DIRECTION ( 'NONE',  ( -0.0000000000000000000, -1.000000000000000000, -0.0000000000000000000 ) ) ;
#3789 = ORIENTED_EDGE ( 'NONE', *, *, #4221, .F. ) ;
#3790 = EDGE_CURVE ( 'NONE', #4117, #4394, #4453, .T. ) ;
#3791 = ORIENTED_EDGE ( 'NONE', *, *, #2933, .T. ) ;
#3792 = EDGE_LOOP ( 'NONE', ( #3875, #2946 ) ) ;
#3793 = CARTESIAN_POINT ( 'NONE',  ( -5.259807621135332000, -2.000000000000000000, -0.1499999999999998600 ) ) ;
#3794 = ORIENTED_EDGE ( 'NONE', *, *, #2079, .T. ) ;
#3795 = AXIS2_PLACEMENT_3D ( 'NONE', #843, #1908, #504 ) ;
#3796 = CYLINDRICAL_SURFACE ( 'NONE', #3830, 10.20000000000000300 ) ;
#3797 = CARTESIAN_POINT ( 'NONE',  ( -0.6066509720926383000, 2.067544670381542500, 10.98339880700988800 ) ) ;
#3798 = ORIENTED_EDGE ( 'NONE', *, *, #718, .T. ) ;
#3799 = CARTESIAN_POINT ( 'NONE',  ( 0.0000000000000000000, 1.700000000000000000, 0.0000000000000000000 ) ) ;
#3800 = CARTESIAN_POINT ( 'NONE',  ( -4.610453368585334400, -2.499999999999999600, -0.03509526478046411100 ) ) ;
#3801 = FACE_OUTER_BOUND ( 'NONE', #1307, .T. ) ;
#3802 = VECTOR ( 'NONE', #1005, 1000.000000000000000 ) ;
#3803 = CARTESIAN_POINT ( 'NONE',  ( 4.966666666666667700, -2.499999999999999600, 0.2731571397932973700 ) ) ;
#3804 = ORIENTED_EDGE ( 'NONE', *, *, #1959, .T. ) ;
#3805 = ORIENTED_EDGE ( 'NONE', *, *, #4071, .F. ) ;
#3806 = VECTOR ( 'NONE', #3948, 1000.000000000000000 ) ;
#3807 = DIRECTION ( 'NONE',  ( -0.7071067811865479100, 0.0000000000000000000, 0.7071067811865471300 ) ) ;
#3808 = ORIENTED_EDGE ( 'NONE', *, *, #936, .F. ) ;
#3809 = CARTESIAN_POINT ( 'NONE',  ( 0.8000000000000008200, 1.200000000000000000, -10.97087052152198400 ) ) ;
#3810 = DIRECTION ( 'NONE',  ( 0.0000000000000000000, 0.0000000000000000000, 1.000000000000000000 ) ) ;
#3811 = FACE_OUTER_BOUND ( 'NONE', #367, .T. ) ;
#3812 = EDGE_CURVE ( 'NONE', #188, #1891, #2780, .T. ) ;
#3813 = ORIENTED_EDGE ( 'NONE', *, *, #695, .T. ) ;
#3814 = DIRECTION ( 'NONE',  ( 0.0000000000000000000, -1.000000000000000000, 0.0000000000000000000 ) ) ;
#3815 = CIRCLE ( 'NONE', #1785, 1.750000000000000000 ) ;
#3816 = CARTESIAN_POINT ( 'NONE',  ( 5.400000000000000400, -5.807179676972452900, -0.02211432248042713100 ) ) ;
#3817 = ORIENTED_EDGE ( 'NONE', *, *, #151, .T. ) ;
#3818 = EDGE_CURVE ( 'NONE', #834, #2224, #1758, .T. ) ;
#3819 = CARTESIAN_POINT ( 'NONE',  ( 7.952942202794572400, 1.200000000000000000, 7.599388812201216800 ) ) ;
#3820 = CARTESIAN_POINT ( 'NONE',  ( 4.750612013900340700, -2.000000000000000400, 0.3207100591715979500 ) ) ;
#3821 = CARTESIAN_POINT ( 'NONE',  ( 0.0000000000000000000, -27.64995667241114700, 0.0000000000000000000 ) ) ;
#3822 = FACE_OUTER_BOUND ( 'NONE', #686, .T. ) ;
#3823 = ADVANCED_FACE ( 'NONE', ( #3537 ), #3118, .T. ) ;
#3824 = ORIENTED_EDGE ( 'NONE', *, *, #1835, .T. ) ;
#3825 = DIRECTION ( 'NONE',  ( 0.6272021151201162500, 0.0000000000000000000, -0.7788565380022514100 ) ) ;
#3826 = PLANE ( 'NONE',  #3245 ) ;
#3827 = VECTOR ( 'NONE', #1516, 1000.000000000000000 ) ;
#3828 = CARTESIAN_POINT ( 'NONE',  ( 0.7500000000011664000, 1.879291426739483100, -10.97440203382458000 ) ) ;
#3829 = CARTESIAN_POINT ( 'NONE',  ( -0.7500000000000001100, 1.199999999999999700, -10.17238909991158600 ) ) ;
#3830 = AXIS2_PLACEMENT_3D ( 'NONE', #1971, #3074, #984 ) ;
#3831 = DIRECTION ( 'NONE',  ( 0.0000000000000000000, 0.0000000000000000000, -1.000000000000000000 ) ) ;
#3832 = LINE ( 'NONE', #1039, #1226 ) ;
#3833 = DIRECTION ( 'NONE',  ( 0.6272021151201170300, 0.0000000000000000000, 0.7788565380022507400 ) ) ;
#3834 = VERTEX_POINT ( 'NONE', #3590 ) ;
#3835 = ORIENTED_EDGE ( 'NONE', *, *, #2047, .F. ) ;
#3836 = EDGE_CURVE ( 'NONE', #2561, #3567, #697, .T. ) ;
#3837 = VERTEX_POINT ( 'NONE', #468 ) ;
#3838 = ORIENTED_EDGE ( 'NONE', *, *, #4245, .T. ) ;
#3839 = CARTESIAN_POINT ( 'NONE',  ( -4.603028986509856100, -2.000000000000000900, -0.08639053254437849300 ) ) ;
#3840 = EDGE_CURVE ( 'NONE', #1970, #482, #300, .T. ) ;
#3841 = CARTESIAN_POINT ( 'NONE',  ( -5.000000000000000000, -2.000000000000000000, 0.0000000000000000000 ) ) ;
#3842 = ADVANCED_FACE ( 'NONE', ( #250 ), #2261, .F. ) ;
#3843 = ORIENTED_EDGE ( 'NONE', *, *, #2745, .T. ) ;
#3844 = SURFACE_STYLE_USAGE ( .BOTH. , #767 ) ;
#3845 = AXIS2_PLACEMENT_3D ( 'NONE', #4293, #1191, #1567 ) ;
#3846 = ORIENTED_EDGE ( 'NONE', *, *, #1388, .F. ) ;
#3847 = DIRECTION ( 'NONE',  ( 1.000000000000000000, -0.0000000000000000000, 1.224646799147353200E-016 ) ) ;
#3848 = CIRCLE ( 'NONE', #3880, 0.5999999999999998700 ) ;
#3849 = VECTOR ( 'NONE', #363, 1000.000000000000000 ) ;
#3850 = CARTESIAN_POINT ( 'NONE',  ( 0.0000000000000000000, 7.664080173772339000, 0.0000000000000000000 ) ) ;
#3851 = ORIENTED_EDGE ( 'NONE', *, *, #2877, .T. ) ;
#3852 = AXIS2_PLACEMENT_3D ( 'NONE', #4365, #4350, #1928 ) ;
#3853 = AXIS2_PLACEMENT_3D ( 'NONE', #2842, #1821, #761 ) ;
#3854 = ORIENTED_EDGE ( 'NONE', *, *, #808, .F. ) ;
#3855 = CARTESIAN_POINT ( 'NONE',  ( 5.346410161513775300, -2.000000000000000000, -0.1999999999999997600 ) ) ;
#3856 = CIRCLE ( 'NONE', #49, 0.2999999999999998200 ) ;
#3857 = CARTESIAN_POINT ( 'NONE',  ( 4.662720211512012500, -5.807179676972451100, -0.09999997628065304700 ) ) ;
#3858 = VECTOR ( 'NONE', #659, 1000.000000000000000 ) ;
#3859 = VERTEX_POINT ( 'NONE', #1422 ) ;
#3860 = DIRECTION ( 'NONE',  ( 0.6272021151201170300, 0.0000000000000000000, 0.7788565380022507400 ) ) ;
#3861 = DIRECTION ( 'NONE',  ( 0.0000000000000000000, 1.000000000000000000, 0.0000000000000000000 ) ) ;
#3862 = CARTESIAN_POINT ( 'NONE',  ( 4.624722325026742600, -2.000000000000000000, -0.1499999999999998000 ) ) ;
#3863 = LINE ( 'NONE', #492, #2784 ) ;
#3864 = ORIENTED_EDGE ( 'NONE', *, *, #1055, .F. ) ;
#3865 = LINE ( 'NONE', #2144, #2146 ) ;
#3866 = DIRECTION ( 'NONE',  ( 0.7071067811865431300, 0.0000000000000000000, -0.7071067811865519000 ) ) ;
#3867 = ADVANCED_FACE ( 'NONE', ( #2728 ), #3054, .T. ) ;
#3868 = DIRECTION ( 'NONE',  ( -0.8660254037844400400, 0.0000000000000000000, -0.4999999999999974500 ) ) ;
#3869 = EDGE_CURVE ( 'NONE', #3642, #1754, #475, .T. ) ;
#3870 = CARTESIAN_POINT ( 'NONE',  ( 5.000000000000000000, 0.0000000000000000000, 0.0000000000000000000 ) ) ;
#3871 = VECTOR ( 'NONE', #2005, 1000.000000000000000 ) ;
#3872 = DIRECTION ( 'NONE',  ( 0.7071067811865479100, 0.0000000000000000000, -0.7071067811865471300 ) ) ;
#3873 = CARTESIAN_POINT ( 'NONE',  ( -7.067977854924515100, 2.199999999999999700, -7.492241923636524500 ) ) ;
#3874 = EDGE_CURVE ( 'NONE', #1827, #570, #754, .T. ) ;
#3875 = ORIENTED_EDGE ( 'NONE', *, *, #2646, .F. ) ;
#3876 = VECTOR ( 'NONE', #2710, 1000.000000000000000 ) ;
#3877 = CARTESIAN_POINT ( 'NONE',  ( 7.563149311035942000, 2.199999999999999700, 7.987413379747950500 ) ) ;
#3878 = CARTESIAN_POINT ( 'NONE',  ( 2.449293598294706400E-016, 6.200000000000001100, -2.000000000000000000 ) ) ;
#3879 = CARTESIAN_POINT ( 'NONE',  ( 7.492241923636441900, 2.199999999999999700, -7.067977854924602200 ) ) ;
#3880 = AXIS2_PLACEMENT_3D ( 'NONE', #142, #3986, #489 ) ;
#3881 = AXIS2_PLACEMENT_3D ( 'NONE', #3984, #882, #514 ) ;
#3882 = VECTOR ( 'NONE', #3922, 1000.000000000000000 ) ;
#3883 = DIRECTION ( 'NONE',  ( 0.0000000000000000000, 0.0000000000000000000, -1.000000000000000000 ) ) ;
#3884 = DIRECTION ( 'NONE',  ( 0.7071067811865472400, 0.0000000000000000000, 0.7071067811865479100 ) ) ;
#3885 = FACE_OUTER_BOUND ( 'NONE', #3646, .T. ) ;
#3886 = CARTESIAN_POINT ( 'NONE',  ( -7.952942202794572400, 1.700000000000000200, 7.599388812201216800 ) ) ;
#3887 = DIRECTION ( 'NONE',  ( -0.7071067811865479100, 0.0000000000000000000, -0.7071067811865472400 ) ) ;
#3888 = ADVANCED_FACE ( 'NONE', ( #2130 ), #715, .F. ) ;
#3889 = ORIENTED_EDGE ( 'NONE', *, *, #1349, .F. ) ;
#3890 = ORIENTED_EDGE ( 'NONE', *, *, #3679, .T. ) ;
#3891 = ORIENTED_EDGE ( 'NONE', *, *, #2933, .F. ) ;
#3892 = CARTESIAN_POINT ( 'NONE',  ( -7.987413379747872400, 2.199999999999999700, 7.563149311036023700 ) ) ;
#3893 = EDGE_CURVE ( 'NONE', #2096, #2479, #972, .T. ) ;
#3894 = DIRECTION ( 'NONE',  ( 0.0000000000000000000, 0.0000000000000000000, -1.000000000000000000 ) ) ;
#3895 = CARTESIAN_POINT ( 'NONE',  ( -0.7499999999999997800, 1.700000000000000000, -10.27265788391689900 ) ) ;
#3896 = VERTEX_POINT ( 'NONE', #2985 ) ;
#3897 = ORIENTED_EDGE ( 'NONE', *, *, #3893, .T. ) ;
#3898 = DIRECTION ( 'NONE',  ( 0.0000000000000000000, 0.0000000000000000000, 1.000000000000000000 ) ) ;
#3899 = ORIENTED_EDGE ( 'NONE', *, *, #3425, .T. ) ;
#3900 = DIRECTION ( 'NONE',  ( 0.0000000000000000000, 0.0000000000000000000, 1.000000000000000000 ) ) ;
#3901 = EDGE_CURVE ( 'NONE', #2167, #539, #2016, .T. ) ;
#3902 = VERTEX_POINT ( 'NONE', #2003 ) ;
#3903 = EDGE_LOOP ( 'NONE', ( #2747, #1424, #2793, #873, #3805, #3094 ) ) ;
#3904 = DIRECTION ( 'NONE',  ( 0.0000000000000000000, 0.0000000000000000000, 1.000000000000000000 ) ) ;
#3905 = SHAPE_DEFINITION_REPRESENTATION ( #3171, #140 ) ;
#3906 = ORIENTED_EDGE ( 'NONE', *, *, #1874, .T. ) ;
#3907 = AXIS2_PLACEMENT_3D ( 'NONE', #1830, #35, #2835 ) ;
#3908 = VECTOR ( 'NONE', #4244, 1000.000000000000000 ) ;
#3909 = VECTOR ( 'NONE', #3518, 1000.000000000000000 ) ;
#3910 = EDGE_LOOP ( 'NONE', ( #1261, #3603, #3215, #4301, #3440 ) ) ;
#3911 = ADVANCED_FACE ( 'NONE', ( #2628 ), #4024, .F. ) ;
#3912 = PLANE ( 'NONE',  #1210 ) ;
#3913 = VECTOR ( 'NONE', #3981, 1000.000000000000000 ) ;
#3914 = CARTESIAN_POINT ( 'NONE',  ( -0.7500000000000002200, 1.800000000000000500, -10.27265788391690500 ) ) ;
#3915 = AXIS2_PLACEMENT_3D ( 'NONE', #2940, #2911, #3269 ) ;
#3916 = VERTEX_POINT ( 'NONE', #549 ) ;
#3917 = DIRECTION ( 'NONE',  ( -0.8660254037844399300, 0.0000000000000000000, 0.4999999999999978900 ) ) ;
#3918 = PLANE ( 'NONE',  #1089 ) ;
#3919 = CARTESIAN_POINT ( 'NONE',  ( -5.379093262829329100, -2.499999999999999600, -0.04807620708050230200 ) ) ;
#3920 = VECTOR ( 'NONE', #1220, 1000.000000000000000 ) ;
#3921 = EDGE_CURVE ( 'NONE', #2068, #521, #584, .T. ) ;
#3922 = DIRECTION ( 'NONE',  ( -0.0000000000000000000, 1.000000000000000000, -0.0000000000000000000 ) ) ;
#3923 = ORIENTED_EDGE ( 'NONE', *, *, #1570, .T. ) ;
#3924 = CARTESIAN_POINT ( 'NONE',  ( 0.0000000000000000000, 1.700000000000000000, 0.0000000000000000000 ) ) ;
#3925 = FACE_OUTER_BOUND ( 'NONE', #3073, .T. ) ;
#3926 = DIRECTION ( 'NONE',  ( -0.0000000000000000000, -1.000000000000000000, -0.0000000000000000000 ) ) ;
#3927 = ORIENTED_EDGE ( 'NONE', *, *, #2499, .T. ) ;
#3928 = EDGE_CURVE ( 'NONE', #2673, #3786, #309, .T. ) ;
#3929 = ORIENTED_EDGE ( 'NONE', *, *, #3532, .T. ) ;
#3930 = CARTESIAN_POINT ( 'NONE',  ( -7.952942202794572400, 1.200000000000000000, 7.599388812201216800 ) ) ;
#3931 = ADVANCED_FACE ( 'NONE', ( #1141 ), #1351, .F. ) ;
#3932 = ORIENTED_EDGE ( 'NONE', *, *, #4188, .F. ) ;
#3933 = CYLINDRICAL_SURFACE ( 'NONE', #4369, 0.3999999999999999700 ) ;
#3934 = CARTESIAN_POINT ( 'NONE',  ( 0.0000000000000000000, 2.100000000000000100, 0.0000000000000000000 ) ) ;
#3935 = DIRECTION ( 'NONE',  ( -2.309263891220325600E-014, 0.0000000000000000000, -1.000000000000000000 ) ) ;
#3936 = DIRECTION ( 'NONE',  ( 0.0000000000000000000, -1.000000000000000000, 0.0000000000000000000 ) ) ;
#3937 = CYLINDRICAL_SURFACE ( 'NONE', #3682, 0.2999999999999998200 ) ;
#3938 = FILL_AREA_STYLE ('',( #15 ) ) ;
#3939 = AXIS2_PLACEMENT_3D ( 'NONE', #192, #2666, #3666 ) ;
#3940 = AXIS2_PLACEMENT_3D ( 'NONE', #4507, #1405, #2774 ) ;
#3941 = EDGE_LOOP ( 'NONE', ( #4110, #413, #3469, #1188 ) ) ;
#3942 = VERTEX_POINT ( 'NONE', #2667 ) ;
#3943 = CARTESIAN_POINT ( 'NONE',  ( 0.7999999999999993800, 1.200000000000000000, 10.97087052152198100 ) ) ;
#3944 = ORIENTED_EDGE ( 'NONE', *, *, #1290, .F. ) ;
#3945 = CARTESIAN_POINT ( 'NONE',  ( 7.067977854924515100, 2.199999999999999700, -7.492241923636524500 ) ) ;
#3946 = EDGE_CURVE ( 'NONE', #137, #2634, #3285, .T. ) ;
#3947 = EDGE_LOOP ( 'NONE', ( #4504, #14, #2345, #2630, #534, #3710, #2288 ) ) ;
#3948 = DIRECTION ( 'NONE',  ( -0.0000000000000000000, -1.000000000000000000, -0.0000000000000000000 ) ) ;
#3949 = ORIENTED_EDGE ( 'NONE', *, *, #2285, .F. ) ;
#3950 = EDGE_CURVE ( 'NONE', #1242, #1061, #1703, .T. ) ;
#3951 = PLANE ( 'NONE',  #4273 ) ;
#3952 = ORIENTED_EDGE ( 'NONE', *, *, #602, .F. ) ;
#3953 = ADVANCED_FACE ( 'NONE', ( #1545 ), #862, .F. ) ;
#3954 = DIRECTION ( 'NONE',  ( 0.0000000000000000000, 1.000000000000000000, 0.0000000000000000000 ) ) ;
#3955 = VECTOR ( 'NONE', #624, 1000.000000000000000 ) ;
#3956 = CARTESIAN_POINT ( 'NONE',  ( 5.346410161513775300, -0.0000000000000000000, -0.1999999999999997600 ) ) ;
#3957 = ORIENTED_EDGE ( 'NONE', *, *, #3558, .T. ) ;
#3958 = FACE_OUTER_BOUND ( 'NONE', #3641, .T. ) ;
#3959 = CARTESIAN_POINT ( 'NONE',  ( 0.0000000000000000000, 1.200000000000000000, 0.0000000000000000000 ) ) ;
#3960 = EDGE_CURVE ( 'NONE', #1685, #1919, #3489, .T. ) ;
#3961 = FACE_OUTER_BOUND ( 'NONE', #3423, .T. ) ;
#3962 = ORIENTED_EDGE ( 'NONE', *, *, #1447, .T. ) ;
#3963 = ORIENTED_EDGE ( 'NONE', *, *, #3161, .F. ) ;
#3964 = VECTOR ( 'NONE', #1250, 1000.000000000000100 ) ;
#3965 = CARTESIAN_POINT ( 'NONE',  ( 5.400000000000000400, -6.500000000000000000, -0.02211432248042713100 ) ) ;
#3966 = VECTOR ( 'NONE', #1658, 1000.000000000000000 ) ;
#3967 = ORIENTED_EDGE ( 'NONE', *, *, #3527, .T. ) ;
#3968 = AXIS2_PLACEMENT_3D ( 'NONE', #605, #1718, #654 ) ;
#3969 = AXIS2_PLACEMENT_3D ( 'NONE', #2101, #702, #3589 ) ;
#3970 = ORIENTED_EDGE ( 'NONE', *, *, #275, .F. ) ;
#3971 = CARTESIAN_POINT ( 'NONE',  ( 7.599388812201220300, 1.700000000000000200, 7.952942202794568900 ) ) ;
#3972 = VECTOR ( 'NONE', #4007, 1000.000000000000000 ) ;
#3973 = DIRECTION ( 'NONE',  ( 0.0000000000000000000, -1.000000000000000000, 0.0000000000000000000 ) ) ;
#3974 = CARTESIAN_POINT ( 'NONE',  ( -5.281458256229944600, -2.000000000000000400, -0.1124999999999998400 ) ) ;
#3975 = VERTEX_POINT ( 'NONE', #690 ) ;
#3976 = AXIS2_PLACEMENT_3D ( 'NONE', #4438, #1324, #3727 ) ;
#3977 = CYLINDRICAL_SURFACE ( 'NONE', #3853, 10.30000000000000200 ) ;
#3978 = CARTESIAN_POINT ( 'NONE',  ( 7.987413379747868800, 1.200000000000000000, -7.563149311036029100 ) ) ;
#3979 = LINE ( 'NONE', #406, #603 ) ;
#3980 = ADVANCED_FACE ( 'NONE', ( #1194 ), #2791, .T. ) ;
#3981 = DIRECTION ( 'NONE',  ( -0.0000000000000000000, -1.000000000000000000, -0.0000000000000000000 ) ) ;
#3982 = ORIENTED_EDGE ( 'NONE', *, *, #1678, .T. ) ;
#3983 = CARTESIAN_POINT ( 'NONE',  ( -7.067977854924513400, 1.700000000000000000, -7.492241923636521900 ) ) ;
#3984 = CARTESIAN_POINT ( 'NONE',  ( 0.0000000000000000000, 2.199999999999999700, 0.0000000000000000000 ) ) ;
#3985 = CYLINDRICAL_SURFACE ( 'NONE', #51, 0.3999999999999999700 ) ;
#3986 = DIRECTION ( 'NONE',  ( -0.0000000000000000000, -1.000000000000000000, -0.0000000000000000000 ) ) ;
#3987 = EDGE_CURVE ( 'NONE', #4503, #2818, #4178, .T. ) ;
#3988 = CARTESIAN_POINT ( 'NONE',  ( -0.7500000000000000000, 1.700000000000000000, 10.27265788391689900 ) ) ;
#3989 = CARTESIAN_POINT ( 'NONE',  ( 0.0000000000000000000, 1.700000000000000000, 0.0000000000000000000 ) ) ;
#3990 = VECTOR ( 'NONE', #3322, 1000.000000000000000 ) ;
#3991 = AXIS2_PLACEMENT_3D ( 'NONE', #3386, #3730, #4412 ) ;
#3992 = VERTEX_POINT ( 'NONE', #1480 ) ;
#3993 = ORIENTED_EDGE ( 'NONE', *, *, #1763, .F. ) ;
#3994 = CARTESIAN_POINT ( 'NONE',  ( 5.000000000000000000, -4.949747468305832700, 0.0000000000000000000 ) ) ;
#3995 = CARTESIAN_POINT ( 'NONE',  ( 0.4500000000000001800, 2.100000000000000100, 10.29016520761450200 ) ) ;
#3996 = CARTESIAN_POINT ( 'NONE',  ( 0.0000000000000000000, 1.200000000000000000, 0.0000000000000000000 ) ) ;
#3997 = AXIS2_PLACEMENT_3D ( 'NONE', #1106, #1811, #3866 ) ;
#3998 = AXIS2_PLACEMENT_3D ( 'NONE', #3004, #583, #867 ) ;
#3999 = ADVANCED_FACE ( 'NONE', ( #3961 ), #2489, .T. ) ;
#4000 = ORIENTED_EDGE ( 'NONE', *, *, #4511, .F. ) ;
#4001 = CARTESIAN_POINT ( 'NONE',  ( -0.7500000000000002200, 1.800000000000000000, 10.27265788391690100 ) ) ;
#4002 = CARTESIAN_POINT ( 'NONE',  ( 0.0000000000000000000, 1.700000000000000200, 0.0000000000000000000 ) ) ;
#4003 = EDGE_LOOP ( 'NONE', ( #4065, #4045, #2689, #4331, #1244, #4175 ) ) ;
#4004 = ORIENTED_EDGE ( 'NONE', *, *, #817, .F. ) ;
#4005 = DIRECTION ( 'NONE',  ( 0.0000000000000000000, 1.000000000000000000, 0.0000000000000000000 ) ) ;
#4006 = EDGE_CURVE ( 'NONE', #1754, #2264, #358, .T. ) ;
#4007 = DIRECTION ( 'NONE',  ( -0.6272021151201162500, 0.0000000000000000000, -0.7788565380022514100 ) ) ;
#4008 = ORIENTED_EDGE ( 'NONE', *, *, #1326, .T. ) ;
#4009 = CARTESIAN_POINT ( 'NONE',  ( 4.599999999999999600, -6.500000000000000000, -0.02211432248042713100 ) ) ;
#4010 = CARTESIAN_POINT ( 'NONE',  ( -5.000000000000000000, 0.2499999999999958900, 0.0000000000000000000 ) ) ;
#4011 = VECTOR ( 'NONE', #2349, 1000.000000000000000 ) ;
#4012 = EDGE_CURVE ( 'NONE', #869, #3500, #1028, .T. ) ;
#4013 = CARTESIAN_POINT ( 'NONE',  ( -0.7500000000000001100, -27.64995667241114700, -10.17238909991158600 ) ) ;
#4014 = EDGE_LOOP ( 'NONE', ( #239, #1491, #3681, #1502 ) ) ;
#4015 = FACE_OUTER_BOUND ( 'NONE', #1760, .T. ) ;
#4016 = CIRCLE ( 'NONE', #1057, 0.3999999999999999700 ) ;
#4017 = VERTEX_POINT ( 'NONE', #2806 ) ;
#4018 = CARTESIAN_POINT ( 'NONE',  ( -5.000000000000000000, 1.199999999999999700, 0.0000000000000000000 ) ) ;
#4019 = CARTESIAN_POINT ( 'NONE',  ( 0.0000000000000000000, 1.200000000000000000, 0.0000000000000000000 ) ) ;
#4020 = EDGE_CURVE ( 'NONE', #570, #1827, #2952, .T. ) ;
#4021 = LINE ( 'NONE', #1223, #1206 ) ;
#4022 = ADVANCED_FACE ( 'NONE', ( #136 ), #3826, .F. ) ;
#4023 = ORIENTED_EDGE ( 'NONE', *, *, #1604, .F. ) ;
#4024 = PLANE ( 'NONE',  #501 ) ;
#4025 = CARTESIAN_POINT ( 'NONE',  ( 5.400000000000000400, -13.89442718039230100, -0.02211432248042713100 ) ) ;
#4026 = LINE ( 'NONE', #1364, #2198 ) ;
#4027 = AXIS2_PLACEMENT_3D ( 'NONE', #755, #1766, #3504 ) ;
#4028 = AXIS2_PLACEMENT_3D ( 'NONE', #4116, #711, #3168 ) ;
#4029 = CARTESIAN_POINT ( 'NONE',  ( -5.000000000000000000, -4.949747468305832700, 1.750000000000000000 ) ) ;
#4030 = DIRECTION ( 'NONE',  ( 0.0000000000000000000, -0.0000000000000000000, -1.000000000000000000 ) ) ;
#4031 = FACE_OUTER_BOUND ( 'NONE', #952, .T. ) ;
#4032 = ORIENTED_EDGE ( 'NONE', *, *, #2325, .T. ) ;
#4033 = LINE ( 'NONE', #3109, #1393 ) ;
#4034 = EDGE_CURVE ( 'NONE', #809, #2186, #3754, .T. ) ;
#4035 = CARTESIAN_POINT ( 'NONE',  ( -4.599999999999999600, -2.499999999999999600, -0.02211432248042726300 ) ) ;
#4036 = DIRECTION ( 'NONE',  ( 0.0000000000000000000, 0.0000000000000000000, -1.000000000000000000 ) ) ;
#4037 = CARTESIAN_POINT ( 'NONE',  ( 7.952942202794572400, 7.664080173772339000, 7.599388812201216800 ) ) ;
#4038 = LINE ( 'NONE', #379, #2919 ) ;
#4039 = DIRECTION ( 'NONE',  ( 0.0000000000000000000, 0.0000000000000000000, 1.000000000000000000 ) ) ;
#4040 = ORIENTED_EDGE ( 'NONE', *, *, #967, .T. ) ;
#4041 = DIRECTION ( 'NONE',  ( -0.0000000000000000000, -1.000000000000000000, -0.0000000000000000000 ) ) ;
#4042 = DIRECTION ( 'NONE',  ( 0.7071067811865472400, 0.0000000000000000000, -0.7071067811865479100 ) ) ;
#4043 = EDGE_CURVE ( 'NONE', #3859, #4503, #1968, .T. ) ;
#4044 = CARTESIAN_POINT ( 'NONE',  ( -7.563149311035939300, 1.200000000000000000, -7.987413379747954100 ) ) ;
#4045 = ORIENTED_EDGE ( 'NONE', *, *, #1763, .T. ) ;
#4046 = CARTESIAN_POINT ( 'NONE',  ( -5.033333333333334100, -2.499999999999999600, 0.2731571397932975300 ) ) ;
#4047 = LINE ( 'NONE', #288, #330 ) ;
#4048 = DIRECTION ( 'NONE',  ( 0.7071067811865439100, 0.0000000000000000000, 0.7071067811865512400 ) ) ;
#4049 = ADVANCED_FACE ( 'NONE', ( #4445 ), #4133, .T. ) ;
#4050 = ORIENTED_EDGE ( 'NONE', *, *, #954, .F. ) ;
#4051 = ORIENTED_EDGE ( 'NONE', *, *, #609, .F. ) ;
#4052 = EDGE_CURVE ( 'NONE', #1663, #3427, #2578, .T. ) ;
#4053 = CARTESIAN_POINT ( 'NONE',  ( 0.0000000000000000000, 1.700000000000000000, 0.0000000000000000000 ) ) ;
#4054 = ORIENTED_EDGE ( 'NONE', *, *, #4159, .T. ) ;
#4055 = CARTESIAN_POINT ( 'NONE',  ( 0.0000000000000000000, 6.200000000000001100, 2.000000000000000000 ) ) ;
#4056 = CARTESIAN_POINT ( 'NONE',  ( -4.662720211512012500, -6.500000000000000000, -0.09999997628065304700 ) ) ;
#4057 = AXIS2_PLACEMENT_3D ( 'NONE', #1336, #3788, #2401 ) ;
#4058 = ORIENTED_EDGE ( 'NONE', *, *, #960, .F. ) ;
#4059 = CARTESIAN_POINT ( 'NONE',  ( -5.000000000000000000, 0.0000000000000000000, 0.0000000000000000000 ) ) ;
#4060 = CARTESIAN_POINT ( 'NONE',  ( 5.000000000000000000, 0.0000000000000000000, 1.500000000000001300 ) ) ;
#4061 = DIRECTION ( 'NONE',  ( 0.0000000000000000000, 1.000000000000000000, 0.0000000000000000000 ) ) ;
#4062 = EDGE_LOOP ( 'NONE', ( #1143, #1951, #2054, #1432 ) ) ;
#4063 = CARTESIAN_POINT ( 'NONE',  ( 4.718933509593339800, -2.499999999999999600, -0.05473220521601016000 ) ) ;
#4064 = DIRECTION ( 'NONE',  ( -0.0000000000000000000, -1.000000000000000000, -0.0000000000000000000 ) ) ;
#4065 = ORIENTED_EDGE ( 'NONE', *, *, #3097, .F. ) ;
#4066 = CARTESIAN_POINT ( 'NONE',  ( 7.952942202794572400, 1.700000000000000200, -7.599388812201216800 ) ) ;
#4067 = DIRECTION ( 'NONE',  ( -0.0000000000000000000, -1.000000000000000000, -0.0000000000000000000 ) ) ;
#4068 = CYLINDRICAL_SURFACE ( 'NONE', #2039, 11.00000000000000200 ) ;
#4069 = ORIENTED_EDGE ( 'NONE', *, *, #3234, .F. ) ;
#4070 = DIRECTION ( 'NONE',  ( -0.0000000000000000000, 1.000000000000000000, -0.0000000000000000000 ) ) ;
#4071 = EDGE_CURVE ( 'NONE', #3294, #2065, #3017, .T. ) ;
#4072 = FACE_OUTER_BOUND ( 'NONE', #2403, .T. ) ;
#4073 = LINE ( 'NONE', #3218, #812 ) ;
#4074 = PLANE ( 'NONE',  #2947 ) ;
#4075 = ORIENTED_EDGE ( 'NONE', *, *, #4482, .T. ) ;
#4076 = ORIENTED_EDGE ( 'NONE', *, *, #2613, .T. ) ;
#4077 = PLANE ( 'NONE',  #2337 ) ;
#4078 = LINE ( 'NONE', #908, #4450 ) ;
#4079 = EDGE_CURVE ( 'NONE', #1663, #3975, #1653, .T. ) ;
#4080 = FACE_OUTER_BOUND ( 'NONE', #252, .T. ) ;
#4081 = CARTESIAN_POINT ( 'NONE',  ( -5.000000000000000000, -2.000000000000000000, 0.0000000000000000000 ) ) ;
#4082 = VERTEX_POINT ( 'NONE', #4434 ) ;
#4083 = VECTOR ( 'NONE', #209, 1000.000000000000000 ) ;
#4084 = ORIENTED_EDGE ( 'NONE', *, *, #490, .T. ) ;
#4085 = CARTESIAN_POINT ( 'NONE',  ( 7.067977854924517800, 1.700000000000000000, 7.492241923636520100 ) ) ;
#4086 = EDGE_CURVE ( 'NONE', #1061, #1330, #1913, .T. ) ;
#4087 = DIRECTION ( 'NONE',  ( 0.0000000000000000000, -1.000000000000000000, 0.0000000000000000000 ) ) ;
#4088 = FACE_OUTER_BOUND ( 'NONE', #1125, .T. ) ;
#4089 = PLANE ( 'NONE',  #3439 ) ;
#4090 = CARTESIAN_POINT ( 'NONE',  ( -0.7500000000000002200, 1.800000000000000500, 10.97440203382398500 ) ) ;
#4091 = AXIS2_PLACEMENT_3D ( 'NONE', #2227, #2929, #110 ) ;
#4092 = LINE ( 'NONE', #3238, #1669 ) ;
#4093 = AXIS2_PLACEMENT_3D ( 'NONE', #290, #4118, #696 ) ;
#4094 = CARTESIAN_POINT ( 'NONE',  ( 5.000000000000000000, -2.000000000000000000, 0.2999999999999999300 ) ) ;
#4095 = ORIENTED_EDGE ( 'NONE', *, *, #1580, .F. ) ;
#4096 = VECTOR ( 'NONE', #322, 1000.000000000000000 ) ;
#4097 = CARTESIAN_POINT ( 'NONE',  ( 0.0000000000000000000, 2.199999999999999700, -11.00000000000000200 ) ) ;
#4098 = CIRCLE ( 'NONE', #1427, 10.30000000000000200 ) ;
#4099 = LINE ( 'NONE', #858, #1733 ) ;
#4100 = DIRECTION ( 'NONE',  ( 0.0000000000000000000, -0.0000000000000000000, -1.000000000000000000 ) ) ;
#4101 = CARTESIAN_POINT ( 'NONE',  ( -7.987413379747872400, 2.199999999999999700, 7.563149311036023700 ) ) ;
#4102 = EDGE_CURVE ( 'NONE', #148, #1175, #3387, .T. ) ;
#4103 = VERTEX_POINT ( 'NONE', #2384 ) ;
#4104 = ORIENTED_EDGE ( 'NONE', *, *, #4477, .F. ) ;
#4105 = CARTESIAN_POINT ( 'NONE',  ( 4.698172211343766900, -1.999999999999999600, 0.04171597633136073200 ) ) ;
#4106 = ORIENTED_EDGE ( 'NONE', *, *, #1357, .T. ) ;
#4107 = EDGE_CURVE ( 'NONE', #3677, #2138, #26, .T. ) ;
#4108 = CARTESIAN_POINT ( 'NONE',  ( 0.0000000000000000000, 1.200000000000000000, 0.0000000000000000000 ) ) ;
#4109 = CARTESIAN_POINT ( 'NONE',  ( 7.599388812201220300, 1.200000000000000000, -7.952942202794568900 ) ) ;
#4110 = ORIENTED_EDGE ( 'NONE', *, *, #3028, .F. ) ;
#4111 = DIRECTION ( 'NONE',  ( -0.0000000000000000000, 1.000000000000000000, -0.0000000000000000000 ) ) ;
#4112 = ADVANCED_FACE ( 'NONE', ( #3176 ), #2736, .T. ) ;
#4113 = AXIS2_PLACEMENT_3D ( 'NONE', #2870, #1500, #3577 ) ;
#4114 = AXIS2_PLACEMENT_3D ( 'NONE', #1390, #1077, #3191 ) ;
#4115 = VERTEX_POINT ( 'NONE', #4203 ) ;
#4116 = CARTESIAN_POINT ( 'NONE',  ( -5.000000000000000000, -4.949747468305832700, 0.0000000000000000000 ) ) ;
#4117 = VERTEX_POINT ( 'NONE', #4216 ) ;
#4118 = DIRECTION ( 'NONE',  ( -0.0000000000000000000, 1.000000000000000000, -0.0000000000000000000 ) ) ;
#4119 = VERTEX_POINT ( 'NONE', #401 ) ;
#4120 = AXIS2_PLACEMENT_3D ( 'NONE', #1770, #4522, #2840 ) ;
#4121 = FACE_OUTER_BOUND ( 'NONE', #127, .T. ) ;
#4122 = DIRECTION ( 'NONE',  ( -0.0000000000000000000, 1.000000000000000000, -0.0000000000000000000 ) ) ;
#4123 = VECTOR ( 'NONE', #4041, 1000.000000000000000 ) ;
#4124 = EDGE_LOOP ( 'NONE', ( #3474, #3923, #2828, #1612, #4382 ) ) ;
#4125 = DIRECTION ( 'NONE',  ( 0.0000000000000000000, 0.0000000000000000000, -1.000000000000000000 ) ) ;
#4126 = VECTOR ( 'NONE', #2410, 1000.000000000000000 ) ;
#4127 = CIRCLE ( 'NONE', #4308, 10.30000000000000200 ) ;
#4128 = CARTESIAN_POINT ( 'NONE',  ( -4.775146807674667900, -2.499999999999999600, -0.009464434151365885800 ) ) ;
#4129 = EDGE_CURVE ( 'NONE', #3633, #2167, #3644, .T. ) ;
#4130 = ORIENTED_EDGE ( 'NONE', *, *, #2199, .T. ) ;
#4131 = ORIENTED_EDGE ( 'NONE', *, *, #4006, .T. ) ;
#4132 = ORIENTED_EDGE ( 'NONE', *, *, #2969, .F. ) ;
#4133 = PLANE ( 'NONE',  #2688 ) ;
#4134 = LINE ( 'NONE', #2296, #146 ) ;
#4135 = VERTEX_POINT ( 'NONE', #759 ) ;
#4136 = DIRECTION ( 'NONE',  ( -0.6745095478135484400, 0.5000000000000015500, 0.5431729650013527000 ) ) ;
#4137 = EDGE_CURVE ( 'NONE', #3902, #3633, #4073, .T. ) ;
#4138 = CARTESIAN_POINT ( 'NONE',  ( -4.662720211512012500, -5.807179676972451100, -0.09999997628065304700 ) ) ;
#4139 = FACE_OUTER_BOUND ( 'NONE', #1260, .T. ) ;
#4140 = CARTESIAN_POINT ( 'NONE',  ( 7.987413379747872400, 2.199999999999999700, 7.563149311036023700 ) ) ;
#4141 = CARTESIAN_POINT ( 'NONE',  ( 0.0000000000000000000, 7.199999999999998400, 0.0000000000000000000 ) ) ;
#4142 = CARTESIAN_POINT ( 'NONE',  ( -4.956698729810778300, -1.999999999999999600, 0.2999999999999999300 ) ) ;
#4143 = VECTOR ( 'NONE', #853, 1000.000000000000000 ) ;
#4144 = DIRECTION ( 'NONE',  ( -1.112560217688397700E-016, 0.0000000000000000000, -1.000000000000000000 ) ) ;
#4145 = CARTESIAN_POINT ( 'NONE',  ( -0.5292224559436529100, 2.100000000000000100, 10.98754796625763000 ) ) ;
#4146 = VECTOR ( 'NONE', #4517, 1000.000000000000000 ) ;
#4147 = DIRECTION ( 'NONE',  ( 0.0000000000000000000, 1.000000000000000000, 0.0000000000000000000 ) ) ;
#4148 = DIRECTION ( 'NONE',  ( 0.7071067811865439100, -0.0000000000000000000, -0.7071067811865512400 ) ) ;
#4149 = CARTESIAN_POINT ( 'NONE',  ( -0.4500000000000002900, 2.100000000000000100, -10.29016520761450700 ) ) ;
#4150 = ORIENTED_EDGE ( 'NONE', *, *, #269, .F. ) ;
#4151 = CYLINDRICAL_SURFACE ( 'NONE', #1174, 10.30000000000000200 ) ;
#4152 = PLANE ( 'NONE',  #3405 ) ;
#4153 = EDGE_CURVE ( 'NONE', #4103, #4279, #1045, .T. ) ;
#4154 = DIRECTION ( 'NONE',  ( 0.0000000000000000000, 0.0000000000000000000, 1.000000000000000000 ) ) ;
#4155 = VERTEX_POINT ( 'NONE', #1112 ) ;
#4156 = DIRECTION ( 'NONE',  ( -0.0000000000000000000, 1.000000000000000000, -0.0000000000000000000 ) ) ;
#4157 = PLANE ( 'NONE',  #3940 ) ;
#4158 = ORIENTED_EDGE ( 'NONE', *, *, #3028, .T. ) ;
#4159 = EDGE_CURVE ( 'NONE', #2865, #1891, #3063, .T. ) ;
#4160 = CARTESIAN_POINT ( 'NONE',  ( 0.0000000000000000000, 2.199999999999999700, 0.0000000000000000000 ) ) ;
#4161 = ADVANCED_FACE ( 'NONE', ( #1866 ), #2821, .F. ) ;
#4162 = DIRECTION ( 'NONE',  ( -0.0000000000000000000, 1.000000000000000000, -0.0000000000000000000 ) ) ;
#4163 = ORIENTED_EDGE ( 'NONE', *, *, #1835, .F. ) ;
#4164 = ORIENTED_EDGE ( 'NONE', *, *, #481, .F. ) ;
#4165 =( NAMED_UNIT ( * ) SI_UNIT ( $, .STERADIAN. ) SOLID_ANGLE_UNIT ( ) );
#4166 = AXIS2_PLACEMENT_3D ( 'NONE', #810, #3271, #2225 ) ;
#4167 = ORIENTED_EDGE ( 'NONE', *, *, #1936, .F. ) ;
#4168 = ORIENTED_EDGE ( 'NONE', *, *, #3372, .T. ) ;
#4169 = DIRECTION ( 'NONE',  ( 0.7071067811865479100, 0.0000000000000000000, 0.7071067811865471300 ) ) ;
#4170 = CARTESIAN_POINT ( 'NONE',  ( 0.0000000000000000000, 1.199999999999999700, 0.0000000000000000000 ) ) ;
#4171 = ORIENTED_EDGE ( 'NONE', *, *, #1137, .T. ) ;
#4172 = DIRECTION ( 'NONE',  ( -0.0000000000000000000, -1.000000000000000000, -0.0000000000000000000 ) ) ;
#4173 = FACE_OUTER_BOUND ( 'NONE', #1161, .T. ) ;
#4174 = CARTESIAN_POINT ( 'NONE',  ( -5.000000000000000000, 0.2499999999999958900, 0.0000000000000000000 ) ) ;
#4175 = ORIENTED_EDGE ( 'NONE', *, *, #1452, .T. ) ;
#4176 = VECTOR ( 'NONE', #825, 1000.000000000000100 ) ;
#4177 = CARTESIAN_POINT ( 'NONE',  ( 0.4500000000000001800, 2.100000000000000100, 10.99079160024427000 ) ) ;
#4178 = LINE ( 'NONE', #1094, #2836 ) ;
#4179 = VERTEX_POINT ( 'NONE', #1434 ) ;
#4180 = ORIENTED_EDGE ( 'NONE', *, *, #3869, .F. ) ;
#4181 = LINE ( 'NONE', #462, #4234 ) ;
#4182 = ORIENTED_EDGE ( 'NONE', *, *, #1738, .T. ) ;
#4183 = CARTESIAN_POINT ( 'NONE',  ( 0.8000000000000008200, 2.199999999999999700, -10.97087052152198400 ) ) ;
#4184 = ADVANCED_FACE ( 'NONE', ( #196 ), #4277, .F. ) ;
#4185 = EDGE_LOOP ( 'NONE', ( #594, #2743, #909, #3456 ) ) ;
#4186 = CARTESIAN_POINT ( 'NONE',  ( 7.067977854924515100, 2.199999999999999700, 7.492241923636521900 ) ) ;
#4187 = VECTOR ( 'NONE', #3252, 1000.000000000000000 ) ;
#4188 = EDGE_CURVE ( 'NONE', #2167, #1754, #4500, .T. ) ;
#4189 = ORIENTED_EDGE ( 'NONE', *, *, #2351, .T. ) ;
#4190 = CARTESIAN_POINT ( 'NONE',  ( 0.7500000000000011100, 1.800000000000000500, -10.97440203382398700 ) ) ;
#4191 = PLANE ( 'NONE',  #1643 ) ;
#4192 = VECTOR ( 'NONE', #1802, 1000.000000000000000 ) ;
#4193 = DIRECTION ( 'NONE',  ( -0.7071067811865443500, 0.0000000000000000000, -0.7071067811865506800 ) ) ;
#4194 = DIRECTION ( 'NONE',  ( 0.0000000000000000000, 1.000000000000000000, 0.0000000000000000000 ) ) ;
#4195 = EDGE_CURVE ( 'NONE', #3713, #981, #920, .T. ) ;
#4196 = DIRECTION ( 'NONE',  ( 0.7071067811865420200, 0.0000000000000000000, 0.7071067811865531200 ) ) ;
#4197 = LINE ( 'NONE', #601, #3663 ) ;
#4198 = DIRECTION ( 'NONE',  ( 0.0000000000000000000, 1.000000000000000000, 0.0000000000000000000 ) ) ;
#4199 = CARTESIAN_POINT ( 'NONE',  ( 0.8000000000000008200, 2.199999999999999700, -10.97087052152198400 ) ) ;
#4200 = AXIS2_PLACEMENT_3D ( 'NONE', #4018, #2996, #2380 ) ;
#4201 = AXIS2_PLACEMENT_3D ( 'NONE', #2777, #388, #714 ) ;
#4202 = CARTESIAN_POINT ( 'NONE',  ( 4.711324865405185100, -2.000000000000000000, -0.1666666666666676800 ) ) ;
#4203 = CARTESIAN_POINT ( 'NONE',  ( 1.285879139104720600E-015, 8.200000000000001100, -9.999999999999998200 ) ) ;
#4204 = CARTESIAN_POINT ( 'NONE',  ( 7.457830877212921400, 1.700000000000000000, -7.104277486619565700 ) ) ;
#4205 = ADVANCED_FACE ( 'NONE', ( #4396 ), #80, .T. ) ;
#4206 = CARTESIAN_POINT ( 'NONE',  ( 0.0000000000000000000, 2.199999999999999700, 0.0000000000000000000 ) ) ;
#4207 = CARTESIAN_POINT ( 'NONE',  ( -4.668023595215963400, -2.000000000000000000, -0.1916666666666670400 ) ) ;
#4208 = LINE ( 'NONE', #2323, #3990 ) ;
#4209 = PLANE ( 'NONE',  #2394 ) ;
#4210 = VERTEX_POINT ( 'NONE', #3978 ) ;
#4211 = EDGE_CURVE ( 'NONE', #188, #2360, #4505, .T. ) ;
#4212 = ORIENTED_EDGE ( 'NONE', *, *, #4269, .T. ) ;
#4213 = DIRECTION ( 'NONE',  ( 0.0000000000000000000, 0.0000000000000000000, -1.000000000000000000 ) ) ;
#4214 = DIRECTION ( 'NONE',  ( -0.0000000000000000000, 1.000000000000000000, -0.0000000000000000000 ) ) ;
#4215 = ORIENTED_EDGE ( 'NONE', *, *, #3679, .F. ) ;
#4216 = CARTESIAN_POINT ( 'NONE',  ( 2.449293598294706400E-016, 8.200000000000001100, -2.000000000000000000 ) ) ;
#4217 = EDGE_CURVE ( 'NONE', #4220, #3294, #2238, .T. ) ;
#4218 = CARTESIAN_POINT ( 'NONE',  ( 0.0000000000000000000, -27.64995667241114700, 0.0000000000000000000 ) ) ;
#4219 = ORIENTED_EDGE ( 'NONE', *, *, #2164, .F. ) ;
#4220 = VERTEX_POINT ( 'NONE', #2011 ) ;
#4221 = EDGE_CURVE ( 'NONE', #3114, #2964, #2468, .T. ) ;
#4222 = ORIENTED_EDGE ( 'NONE', *, *, #1627, .T. ) ;
#4223 = CARTESIAN_POINT ( 'NONE',  ( 0.7999999999999994900, 1.700000000000000000, 10.26888504171704300 ) ) ;
#4224 = DIRECTION ( 'NONE',  ( -0.0000000000000000000, -1.000000000000000000, -0.0000000000000000000 ) ) ;
#4225 = ORIENTED_EDGE ( 'NONE', *, *, #2175, .F. ) ;
#4226 = ADVANCED_FACE ( 'NONE', ( #2522 ), #419, .T. ) ;
#4227 = CYLINDRICAL_SURFACE ( 'NONE', #3013, 0.2999999999999999300 ) ;
#4228 = FACE_OUTER_BOUND ( 'NONE', #389, .T. ) ;
#4229 = ORIENTED_EDGE ( 'NONE', *, *, #2783, .T. ) ;
#4230 = AXIS2_PLACEMENT_3D ( 'NONE', #2867, #3163, #772 ) ;
#4231 = DIRECTION ( 'NONE',  ( 0.0000000000000000000, 0.0000000000000000000, 1.000000000000000000 ) ) ;
#4232 = AXIS2_PLACEMENT_3D ( 'NONE', #195, #2669, #552 ) ;
#4233 = ORIENTED_EDGE ( 'NONE', *, *, #3562, .T. ) ;
#4234 = VECTOR ( 'NONE', #494, 1000.000000000000000 ) ;
#4235 = CARTESIAN_POINT ( 'NONE',  ( -0.7999999999999962700, 1.200000000000000000, -10.97087052152198400 ) ) ;
#4236 = LINE ( 'NONE', #356, #2420 ) ;
#4237 = EDGE_LOOP ( 'NONE', ( #3693, #1190, #2879, #22 ) ) ;
#4238 = VERTEX_POINT ( 'NONE', #3373 ) ;
#4239 = DIRECTION ( 'NONE',  ( 0.0000000000000000000, 1.000000000000000000, 0.0000000000000000000 ) ) ;
#4240 = FACE_OUTER_BOUND ( 'NONE', #3408, .T. ) ;
#4241 = VERTEX_POINT ( 'NONE', #610 ) ;
#4242 = FACE_OUTER_BOUND ( 'NONE', #117, .T. ) ;
#4243 = DIRECTION ( 'NONE',  ( 0.0000000000000000000, -1.000000000000000000, 0.0000000000000000000 ) ) ;
#4244 = DIRECTION ( 'NONE',  ( 0.0000000000000000000, 0.7071067811865435800, 0.7071067811865515700 ) ) ;
#4245 = EDGE_CURVE ( 'NONE', #482, #241, #353, .T. ) ;
#4246 = CYLINDRICAL_SURFACE ( 'NONE', #1301, 2.000000000000000000 ) ;
#4247 = DIRECTION ( 'NONE',  ( -0.0000000000000000000, -1.000000000000000000, -0.0000000000000000000 ) ) ;
#4248 = ADVANCED_FACE ( 'NONE', ( #1186 ), #3796, .T. ) ;
#4249 = EDGE_CURVE ( 'NONE', #941, #408, #3381, .T. ) ;
#4250 = CARTESIAN_POINT ( 'NONE',  ( -5.373205080756887900, -2.250000000000000400, -0.1110571612402134200 ) ) ;
#4251 =( NAMED_UNIT ( * ) PLANE_ANGLE_UNIT ( ) SI_UNIT ( $, .RADIAN. ) );
#4252 = ORIENTED_EDGE ( 'NONE', *, *, #421, .F. ) ;
#4253 = CARTESIAN_POINT ( 'NONE',  ( 7.599388812201220300, 7.664080173772339000, -7.952942202794568900 ) ) ;
#4254 = CARTESIAN_POINT ( 'NONE',  ( -5.000000000000000000, -2.500000000000000000, 0.1716066501072230900 ) ) ;
#4255 = CIRCLE ( 'NONE', #4057, 1.500000000000001300 ) ;
#4256 = DIRECTION ( 'NONE',  ( 0.7071067811865531200, 0.0000000000000000000, -0.7071067811865420200 ) ) ;
#4257 = DIRECTION ( 'NONE',  ( 0.0000000000000000000, 0.0000000000000000000, -1.000000000000000000 ) ) ;
#4258 = CARTESIAN_POINT ( 'NONE',  ( -5.000000000000000000, 0.0000000000000000000, 0.2999999999999998200 ) ) ;
#4259 = EDGE_LOOP ( 'NONE', ( #2106, #1847, #3525, #2334, #4182 ) ) ;
#4260 = EDGE_CURVE ( 'NONE', #1445, #1022, #639, .T. ) ;
#4261 = VERTEX_POINT ( 'NONE', #4035 ) ;
#4262 = CARTESIAN_POINT ( 'NONE',  ( -5.331976404784034800, -2.000000000000000000, -0.1916666666666665700 ) ) ;
#4263 = ORIENTED_EDGE ( 'NONE', *, *, #4153, .F. ) ;
#4264 = EDGE_CURVE ( 'NONE', #3837, #2964, #3699, .T. ) ;
#4265 = DIRECTION ( 'NONE',  ( 1.112560217688397700E-016, -0.0000000000000000000, -1.000000000000000000 ) ) ;
#4266 = ADVANCED_FACE ( 'NONE', ( #4228 ), #2363, .F. ) ;
#4267 = VERTEX_POINT ( 'NONE', #939 ) ;
#4268 = DIRECTION ( 'NONE',  ( 0.0000000000000000000, -0.0000000000000000000, 1.000000000000000000 ) ) ;
#4269 = EDGE_CURVE ( 'NONE', #2948, #2676, #1601, .T. ) ;
#4270 = ORIENTED_EDGE ( 'NONE', *, *, #841, .T. ) ;
#4271 = VECTOR ( 'NONE', #3045, 1000.000000000000000 ) ;
#4272 = ORIENTED_EDGE ( 'NONE', *, *, #4392, .T. ) ;
#4273 = AXIS2_PLACEMENT_3D ( 'NONE', #4253, #2559, #1228 ) ;
#4274 = PLANE ( 'NONE',  #3632 ) ;
#4275 = DIRECTION ( 'NONE',  ( 0.0000000000000000000, -1.000000000000000000, 0.0000000000000000000 ) ) ;
#4276 = VECTOR ( 'NONE', #1416, 999.9999999999998900 ) ;
#4277 = CYLINDRICAL_SURFACE ( 'NONE', #4524, 2.000000000000000000 ) ;
#4278 = DIRECTION ( 'NONE',  ( 0.7071067811865420200, 0.0000000000000000000, -0.7071067811865531200 ) ) ;
#4279 = VERTEX_POINT ( 'NONE', #3471 ) ;
#4280 = DIRECTION ( 'NONE',  ( 0.0000000000000000000, -1.000000000000000000, 0.0000000000000000000 ) ) ;
#4281 = CARTESIAN_POINT ( 'NONE',  ( 5.400000000000000400, -2.500000000000000400, -0.02211432248042713100 ) ) ;
#4282 = ORIENTED_EDGE ( 'NONE', *, *, #3295, .F. ) ;
#4283 = CARTESIAN_POINT ( 'NONE',  ( 0.0000000000000000000, 1.199999999999999700, 0.0000000000000000000 ) ) ;
#4284 = VECTOR ( 'NONE', #1775, 1000.000000000000000 ) ;
#4285 = AXIS2_PLACEMENT_3D ( 'NONE', #2252, #904, #2637 ) ;
#4286 = ORIENTED_EDGE ( 'NONE', *, *, #3562, .F. ) ;
#4287 = LINE ( 'NONE', #3793, #2482 ) ;
#4288 = ADVANCED_FACE ( 'NONE', ( #4330 ), #281, .F. ) ;
#4289 = ORIENTED_EDGE ( 'NONE', *, *, #13, .F. ) ;
#4290 = DIRECTION ( 'NONE',  ( -0.0000000000000000000, 1.000000000000000000, -0.0000000000000000000 ) ) ;
#4291 = LINE ( 'NONE', #2188, #935 ) ;
#4292 = EDGE_CURVE ( 'NONE', #361, #2924, #3009, .T. ) ;
#4293 = CARTESIAN_POINT ( 'NONE',  ( 0.0000000000000000000, 1.700000000000000200, 0.0000000000000000000 ) ) ;
#4294 = DIRECTION ( 'NONE',  ( 0.0000000000000000000, 0.0000000000000000000, 1.000000000000000000 ) ) ;
#4295 = PLANE ( 'NONE',  #3430 ) ;
#4296 = CIRCLE ( 'NONE', #1498, 10.30000000000000200 ) ;
#4297 = CARTESIAN_POINT ( 'NONE',  ( -5.346410161513775300, -2.000000000000000000, -0.1999999999999997600 ) ) ;
#4298 = EDGE_CURVE ( 'NONE', #3188, #2025, #2298, .T. ) ;
#4299 = FACE_OUTER_BOUND ( 'NONE', #1849, .T. ) ;
#4300 = DIRECTION ( 'NONE',  ( 0.0000000000000000000, 1.000000000000000000, 0.0000000000000000000 ) ) ;
#4301 = ORIENTED_EDGE ( 'NONE', *, *, #2136, .T. ) ;
#4302 = VECTOR ( 'NONE', #304, 1000.000000000000200 ) ;
#4303 = EDGE_CURVE ( 'NONE', #3584, #2818, #242, .T. ) ;
#4304 = CARTESIAN_POINT ( 'NONE',  ( -5.347733157073323100, -2.499999999999999600, -0.08701903398061552900 ) ) ;
#4305 = CARTESIAN_POINT ( 'NONE',  ( 0.0000000000000000000, 2.199999999999999700, 0.0000000000000000000 ) ) ;
#4306 = CIRCLE ( 'NONE', #4400, 0.5999999999999998700 ) ;
#4307 = CARTESIAN_POINT ( 'NONE',  ( -0.5292200764911787500, 2.100000000001498000, -10.98754806368046600 ) ) ;
#4308 = AXIS2_PLACEMENT_3D ( 'NONE', #2182, #4280, #2883 ) ;
#4309 = AXIS2_PLACEMENT_3D ( 'NONE', #1420, #666, #1047 ) ;
#4310 = ADVANCED_FACE ( 'NONE', ( #1861 ), #828, .T. ) ;
#4311 = EDGE_LOOP ( 'NONE', ( #2684, #2729, #4023, #1987 ) ) ;
#4312 = EDGE_LOOP ( 'NONE', ( #2166, #3794, #74, #2235, #4233 ) ) ;
#4313 = CARTESIAN_POINT ( 'NONE',  ( -0.4500000000000001800, 2.100000000000000100, 10.29016520761450200 ) ) ;
#4314 = ORIENTED_EDGE ( 'NONE', *, *, #545, .F. ) ;
#4315 = DIRECTION ( 'NONE',  ( 0.0000000000000000000, 0.0000000000000000000, -1.000000000000000000 ) ) ;
#4316 = DIRECTION ( 'NONE',  ( 0.0000000000000000000, -0.0000000000000000000, -1.000000000000000000 ) ) ;
#4317 = ORIENTED_EDGE ( 'NONE', *, *, #3840, .F. ) ;
#4318 = CARTESIAN_POINT ( 'NONE',  ( 0.0000000000000000000, 2.100000000000000100, -10.30000000000000600 ) ) ;
#4319 = DIRECTION ( 'NONE',  ( -1.112560217688397700E-016, 0.0000000000000000000, -1.000000000000000000 ) ) ;
#4320 = CARTESIAN_POINT ( 'NONE',  ( 0.6066424719246191800, 2.067549114765356400, 10.28226926898601300 ) ) ;
#4321 = EDGE_LOOP ( 'NONE', ( #3443, #2880, #1440, #3111 ) ) ;
#4322 = EDGE_CURVE ( 'NONE', #1736, #3683, #3230, .T. ) ;
#4323 = DIRECTION ( 'NONE',  ( 0.0000000000000000000, 0.0000000000000000000, 1.000000000000000000 ) ) ;
#4324 = DIRECTION ( 'NONE',  ( -0.8660254037844396000, 0.0000000000000000000, 0.4999999999999982800 ) ) ;
#4325 = ORIENTED_EDGE ( 'NONE', *, *, #243, .F. ) ;
#4326 = CARTESIAN_POINT ( 'NONE',  ( -5.000000000000000900, -2.250000000000000400, 0.3499999999999998100 ) ) ;
#4327 = FACE_OUTER_BOUND ( 'NONE', #4237, .T. ) ;
#4328 = CARTESIAN_POINT ( 'NONE',  ( 4.599999999999999600, -13.89442718039230100, -0.02211432248042713100 ) ) ;
#4329 = EDGE_CURVE ( 'NONE', #2865, #4017, #3432, .T. ) ;
#4330 = FACE_OUTER_BOUND ( 'NONE', #2713, .T. ) ;
#4331 = ORIENTED_EDGE ( 'NONE', *, *, #4451, .F. ) ;
#4332 = ADVANCED_FACE ( 'NONE', ( #2412 ), #4089, .F. ) ;
#4333 = FACE_OUTER_BOUND ( 'NONE', #2228, .T. ) ;
#4334 = DIRECTION ( 'NONE',  ( -1.112560217688397700E-016, 0.0000000000000000000, 1.000000000000000000 ) ) ;
#4335 = VECTOR ( 'NONE', #1607, 1000.000000000000000 ) ;
#4336 = DIRECTION ( 'NONE',  ( 0.0000000000000000000, 0.0000000000000000000, -1.000000000000000000 ) ) ;
#4337 = ORIENTED_EDGE ( 'NONE', *, *, #1536, .T. ) ;
#4338 = AXIS2_PLACEMENT_3D ( 'NONE', #3996, #2629, #3300 ) ;
#4339 = DIRECTION ( 'NONE',  ( 0.0000000000000000000, -1.000000000000000000, 0.0000000000000000000 ) ) ;
#4340 = VERTEX_POINT ( 'NONE', #1229 ) ;
#4341 = CARTESIAN_POINT ( 'NONE',  ( 0.5292210486150495900, 2.100000000000000100, 10.28670078589167100 ) ) ;
#4342 = LINE ( 'NONE', #2282, #3442 ) ;
#4343 = CARTESIAN_POINT ( 'NONE',  ( 0.0000000000000000000, 0.0000000000000000000, -5.000000000000000000 ) ) ;
#4344 = DIRECTION ( 'NONE',  ( 0.0000000000000000000, 1.000000000000000000, 0.0000000000000000000 ) ) ;
#4345 = VERTEX_POINT ( 'NONE', #2291 ) ;
#4346 = CARTESIAN_POINT ( 'NONE',  ( 0.0000000000000000000, 1.199999999999999700, -5.000000000000000000 ) ) ;
#4347 = DIRECTION ( 'NONE',  ( 1.000000000000000000, -0.0000000000000000000, 3.088958970452706500E-016 ) ) ;
#4348 = AXIS2_PLACEMENT_3D ( 'NONE', #2090, #21, #3872 ) ;
#4349 = CIRCLE ( 'NONE', #2765, 11.00000000000000000 ) ;
#4350 = DIRECTION ( 'NONE',  ( 0.0000000000000000000, 1.000000000000000000, 0.0000000000000000000 ) ) ;
#4351 = CARTESIAN_POINT ( 'NONE',  ( 0.7500000000000002200, 1.800000000000000500, -10.27265788391690500 ) ) ;
#4352 = DIRECTION ( 'NONE',  ( 0.8660254037844413700, 0.0000000000000000000, -0.4999999999999952800 ) ) ;
#4353 = CARTESIAN_POINT ( 'NONE',  ( -7.033545766285747900, -27.64995667241114700, -7.387099156879095600 ) ) ;
#4354 = FACE_OUTER_BOUND ( 'NONE', #2131, .T. ) ;
#4355 = DIRECTION ( 'NONE',  ( 0.0000000000000000000, 0.0000000000000000000, -1.000000000000000000 ) ) ;
#4356 = CARTESIAN_POINT ( 'NONE',  ( 5.301827788656235700, -2.000000000000000400, 0.04171597633136105200 ) ) ;
#4357 = EDGE_CURVE ( 'NONE', #294, #2948, #805, .T. ) ;
#4358 = CIRCLE ( 'NONE', #2007, 0.2999999999999998200 ) ;
#4359 = DIRECTION ( 'NONE',  ( 0.0000000000000000000, 0.0000000000000000000, 1.000000000000000000 ) ) ;
#4360 = CARTESIAN_POINT ( 'NONE',  ( 4.701456295188340700, -2.250000000000000400, -0.1249999881403266300 ) ) ;
#4361 = ADVANCED_FACE ( 'NONE', ( #4173 ), #4068, .T. ) ;
#4362 = VECTOR ( 'NONE', #2239, 1000.000000000000100 ) ;
#4363 = EDGE_CURVE ( 'NONE', #2964, #3154, #915, .T. ) ;
#4364 = ORIENTED_EDGE ( 'NONE', *, *, #1661, .T. ) ;
#4365 = CARTESIAN_POINT ( 'NONE',  ( 0.0000000000000000000, 1.199999999999999700, 0.0000000000000000000 ) ) ;
#4366 = DIRECTION ( 'NONE',  ( 0.0000000000000000000, 0.0000000000000000000, -1.000000000000000000 ) ) ;
#4367 = LINE ( 'NONE', #1878, #3882 ) ;
#4368 = CARTESIAN_POINT ( 'NONE',  ( 0.8000000000000008200, 2.199999999999999700, -10.26888504171704700 ) ) ;
#4369 = AXIS2_PLACEMENT_3D ( 'NONE', #3841, #1049, #3478 ) ;
#4370 = FACE_OUTER_BOUND ( 'NONE', #2813, .T. ) ;
#4371 = DIRECTION ( 'NONE',  ( 0.0000000000000000000, 0.0000000000000000000, -1.000000000000000000 ) ) ;
#4372 = DIRECTION ( 'NONE',  ( 0.0000000000000000000, 0.0000000000000000000, -1.000000000000000000 ) ) ;
#4373 = DIRECTION ( 'NONE',  ( -0.0000000000000000000, 1.000000000000000000, -0.0000000000000000000 ) ) ;
#4374 = CARTESIAN_POINT ( 'NONE',  ( -0.4500000000000002300, 2.100000000000000100, -10.99079160024427000 ) ) ;
#4375 = CARTESIAN_POINT ( 'NONE',  ( 0.0000000000000000000, 2.100000000000000100, 0.0000000000000000000 ) ) ;
#4376 = ORIENTED_EDGE ( 'NONE', *, *, #3588, .F. ) ;
#4377 = CARTESIAN_POINT ( 'NONE',  ( 7.599388812201220300, 7.664080173772339000, 7.952942202794568900 ) ) ;
#4378 = AXIS2_PLACEMENT_3D ( 'NONE', #4059, #2987, #4039 ) ;
#4379 = ORIENTED_EDGE ( 'NONE', *, *, #8, .T. ) ;
#4380 = CARTESIAN_POINT ( 'NONE',  ( 0.0000000000000000000, 1.200000000000000000, -11.00000000000000200 ) ) ;
#4381 = ORIENTED_EDGE ( 'NONE', *, *, #1041, .F. ) ;
#4382 = ORIENTED_EDGE ( 'NONE', *, *, #4107, .T. ) ;
#4383 = EDGE_CURVE ( 'NONE', #1038, #1954, #579, .T. ) ;
#4384 = ADVANCED_FACE ( 'NONE', ( #2067 ), #2891, .T. ) ;
#4385 = DIRECTION ( 'NONE',  ( 0.7071067811865472400, 0.0000000000000000000, 0.7071067811865479100 ) ) ;
#4386 = CARTESIAN_POINT ( 'NONE',  ( 0.0000000000000000000, 2.199999999999999700, 0.0000000000000000000 ) ) ;
#4387 = ORIENTED_EDGE ( 'NONE', *, *, #2446, .F. ) ;
#4388 = DIRECTION ( 'NONE',  ( 0.0000000000000000000, -1.000000000000000000, 0.0000000000000000000 ) ) ;
#4389 = CARTESIAN_POINT ( 'NONE',  ( -4.662720211512012500, -2.500000000000004000, -0.09999997628065304700 ) ) ;
#4390 = CARTESIAN_POINT ( 'NONE',  ( 0.0000000000000000000, 1.200000000000000000, 0.0000000000000000000 ) ) ;
#4391 = CARTESIAN_POINT ( 'NONE',  ( -5.123669110915176200, -2.000000000000001300, 0.3869822485207098400 ) ) ;
#4392 = EDGE_CURVE ( 'NONE', #1242, #4530, #1425, .T. ) ;
#4393 = CARTESIAN_POINT ( 'NONE',  ( 4.718541743770058100, -2.000000000000000000, -0.1125000000000002700 ) ) ;
#4394 = VERTEX_POINT ( 'NONE', #2725 ) ;
#4395 = CYLINDRICAL_SURFACE ( 'NONE', #2734, 11.00000000000000000 ) ;
#4396 = FACE_OUTER_BOUND ( 'NONE', #1557, .T. ) ;
#4397 = ORIENTED_EDGE ( 'NONE', *, *, #1349, .T. ) ;
#4398 = ORIENTED_EDGE ( 'NONE', *, *, #2871, .F. ) ;
#4399 = CARTESIAN_POINT ( 'NONE',  ( 0.0000000000000000000, -27.64995667241114700, 0.0000000000000000000 ) ) ;
#4400 = AXIS2_PLACEMENT_3D ( 'NONE', #2991, #3723, #4359 ) ;
#4401 = LINE ( 'NONE', #2458, #4284 ) ;
#4402 = ORIENTED_EDGE ( 'NONE', *, *, #2098, .T. ) ;
#4403 = DIRECTION ( 'NONE',  ( 0.0000000000000000000, -1.000000000000000000, 0.0000000000000000000 ) ) ;
#4404 = ORIENTED_EDGE ( 'NONE', *, *, #3112, .F. ) ;
#4405 = DIRECTION ( 'NONE',  ( 0.0000000000000000000, -1.000000000000000000, 0.0000000000000000000 ) ) ;
#4406 = CIRCLE ( 'NONE', #1372, 10.30000000000000200 ) ;
#4407 = CARTESIAN_POINT ( 'NONE',  ( -7.952942202794572400, 1.200000000000000000, 7.599388812201216800 ) ) ;
#4408 = AXIS2_PLACEMENT_3D ( 'NONE', #2032, #3087, #4442 ) ;
#4409 = VERTEX_POINT ( 'NONE', #3401 ) ;
#4410 = DIRECTION ( 'NONE',  ( 0.7071067811865479100, 0.0000000000000000000, -0.7071067811865471300 ) ) ;
#4411 = CYLINDRICAL_SURFACE ( 'NONE', #4028, 1.750000000000000000 ) ;
#4412 = DIRECTION ( 'NONE',  ( 0.6272021151201170300, 0.0000000000000000000, -0.7788565380022507400 ) ) ;
#4413 = CIRCLE ( 'NONE', #1869, 10.30000000000000200 ) ;
#4414 = CARTESIAN_POINT ( 'NONE',  ( 0.0000000000000000000, 1.700000000000000000, 0.0000000000000000000 ) ) ;
#4415 = CARTESIAN_POINT ( 'NONE',  ( 5.133333333333333700, -2.499999999999999600, 0.1926285591731909700 ) ) ;
#4416 = ADVANCED_FACE ( 'NONE', ( #471 ), #934, .F. ) ;
#4417 = ORIENTED_EDGE ( 'NONE', *, *, #3766, .F. ) ;
#4418 = CARTESIAN_POINT ( 'NONE',  ( -7.387099156879100900, 1.700000000000000200, -7.033545766285744300 ) ) ;
#4419 = FACE_BOUND ( 'NONE', #77, .T. ) ;
#4420 = DIRECTION ( 'NONE',  ( 0.7788565380022503000, 0.0000000000000000000, -0.6272021151201174800 ) ) ;
#4421 = EDGE_CURVE ( 'NONE', #3083, #4345, #527, .T. ) ;
#4422 = ORIENTED_EDGE ( 'NONE', *, *, #2333, .T. ) ;
#4423 = VECTOR ( 'NONE', #1742, 999.9999999999998900 ) ;
#4424 = CARTESIAN_POINT ( 'NONE',  ( 0.0000000000000000000, 8.200000000000001100, 9.999999999999998200 ) ) ;
#4425 = DIRECTION ( 'NONE',  ( -0.0000000000000000000, 1.000000000000000000, -0.0000000000000000000 ) ) ;
#4426 = FACE_OUTER_BOUND ( 'NONE', #3639, .T. ) ;
#4427 = EDGE_CURVE ( 'NONE', #941, #2171, #3281, .T. ) ;
#4428 = EDGE_LOOP ( 'NONE', ( #2178, #4484, #231, #3789 ) ) ;
#4429 = AXIS2_PLACEMENT_3D ( 'NONE', #1955, #2347, #1640 ) ;
#4430 = AXIS2_PLACEMENT_3D ( 'NONE', #1448, #719, #3162 ) ;
#4431 = ORIENTED_EDGE ( 'NONE', *, *, #4427, .T. ) ;
#4432 = DIRECTION ( 'NONE',  ( 0.0000000000000000000, 1.000000000000000000, 0.0000000000000000000 ) ) ;
#4433 = ORIENTED_EDGE ( 'NONE', *, *, #1850, .F. ) ;
#4434 = CARTESIAN_POINT ( 'NONE',  ( -5.000000000000000000, 0.2499999999999958900, -1.750000000000000000 ) ) ;
#4435 = DIRECTION ( 'NONE',  ( -0.0000000000000000000, -1.000000000000000000, -0.0000000000000000000 ) ) ;
#4436 = ORIENTED_EDGE ( 'NONE', *, *, #3645, .T. ) ;
#4437 = CARTESIAN_POINT ( 'NONE',  ( 4.812959010425254600, -2.000000000000000000, 0.2405325443786981400 ) ) ;
#4438 = CARTESIAN_POINT ( 'NONE',  ( 0.0000000000000000000, 1.200000000000000000, 0.0000000000000000000 ) ) ;
#4439 = ORIENTED_EDGE ( 'NONE', *, *, #2989, .T. ) ;
#4440 = CARTESIAN_POINT ( 'NONE',  ( 5.384900179459752000, -2.000000000000000400, 0.1333333333333331900 ) ) ;
#4441 = ORIENTED_EDGE ( 'NONE', *, *, #2961, .F. ) ;
#4442 = DIRECTION ( 'NONE',  ( 1.776356839400250500E-014, 0.0000000000000000000, -1.000000000000000000 ) ) ;
#4443 = DIRECTION ( 'NONE',  ( -0.0000000000000000000, 1.000000000000000000, 0.0000000000000000000 ) ) ;
#4444 = LINE ( 'NONE', #1163, #2627 ) ;
#4445 = FACE_OUTER_BOUND ( 'NONE', #2674, .T. ) ;
#4446 = CARTESIAN_POINT ( 'NONE',  ( -0.7999999999999962700, 1.200000000000000000, -10.97087052152198400 ) ) ;
#4447 = ORIENTED_EDGE ( 'NONE', *, *, #4303, .F. ) ;
#4448 = ORIENTED_EDGE ( 'NONE', *, *, #2562, .T. ) ;
#4449 = CARTESIAN_POINT ( 'NONE',  ( -5.259807621135332000, -2.000000000000000000, -0.1499999999999998600 ) ) ;
#4450 = VECTOR ( 'NONE', #581, 1000.000000000000000 ) ;
#4451 = EDGE_CURVE ( 'NONE', #1067, #4220, #1962, .T. ) ;
#4452 = CARTESIAN_POINT ( 'NONE',  ( -4.653589838486224700, -0.0000000000000000000, -0.1999999999999997600 ) ) ;
#4453 = CIRCLE ( 'NONE', #3409, 2.000000000000000000 ) ;
#4454 = EDGE_LOOP ( 'NONE', ( #4431, #1083, #2570, #2955 ) ) ;
#4455 = ORIENTED_EDGE ( 'NONE', *, *, #3056, .T. ) ;
#4456 = LINE ( 'NONE', #540, #1972 ) ;
#4457 = ORIENTED_EDGE ( 'NONE', *, *, #3836, .T. ) ;
#4458 = CARTESIAN_POINT ( 'NONE',  ( 0.8000000000000008200, 2.199999999999999700, -10.97087052152198400 ) ) ;
#4459 = DIRECTION ( 'NONE',  ( 0.0000000000000000000, 0.0000000000000000000, 1.000000000000000000 ) ) ;
#4460 = EDGE_CURVE ( 'NONE', #1495, #574, #1136, .T. ) ;
#4461 = CARTESIAN_POINT ( 'NONE',  ( -4.690826860552675700, -2.499999999999999600, -0.07736609074833183900 ) ) ;
#4462 = CARTESIAN_POINT ( 'NONE',  ( 5.337279788487988300, -6.500000000000000000, -0.09999997628065321300 ) ) ;
#4463 = AXIS2_PLACEMENT_3D ( 'NONE', #1952, #83, #535 ) ;
#4464 = LINE ( 'NONE', #274, #3871 ) ;
#4465 = AXIS2_PLACEMENT_3D ( 'NONE', #2408, #950, #3782 ) ;
#4466 = CARTESIAN_POINT ( 'NONE',  ( 4.599999999999999600, -13.89442718039230100, -0.02211432248042713100 ) ) ;
#4467 = ORIENTED_EDGE ( 'NONE', *, *, #3731, .T. ) ;
#4468 = CARTESIAN_POINT ( 'NONE',  ( 5.000000000000000900, -2.000000000000000000, 0.3999999999999999700 ) ) ;
#4469 = CYLINDRICAL_SURFACE ( 'NONE', #1003, 11.00000000000000200 ) ;
#4470 = DIRECTION ( 'NONE',  ( 0.0000000000000000000, -1.000000000000000000, 0.0000000000000000000 ) ) ;
#4471 = EDGE_CURVE ( 'NONE', #852, #2676, #4496, .T. ) ;
#4472 = LINE ( 'NONE', #355, #4146 ) ;
#4473 = ORIENTED_EDGE ( 'NONE', *, *, #3226, .T. ) ;
#4474 = CARTESIAN_POINT ( 'NONE',  ( -4.887573403837331300, -2.499999999999999600, 0.08107110797792635400 ) ) ;
#4475 = VECTOR ( 'NONE', #4122, 1000.000000000000000 ) ;
#4476 = DIRECTION ( 'NONE',  ( -0.4999999999999973900, 0.0000000000000000000, 0.8660254037844401500 ) ) ;
#4477 = EDGE_CURVE ( 'NONE', #148, #4082, #1368, .T. ) ;
#4478 = CARTESIAN_POINT ( 'NONE',  ( 4.626794919243112100, -2.250000000000000400, -0.1110571612402134600 ) ) ;
#4479 = DIRECTION ( 'NONE',  ( -0.6272021151201162500, 0.0000000000000000000, -0.7788565380022514100 ) ) ;
#4480 = LINE ( 'NONE', #187, #3572 ) ;
#4481 = SURFACE_STYLE_USAGE ( .BOTH. , #1392 ) ;
#4482 = EDGE_CURVE ( 'NONE', #2264, #2139, #3113, .T. ) ;
#4483 = ORIENTED_EDGE ( 'NONE', *, *, #4188, .T. ) ;
#4484 = ORIENTED_EDGE ( 'NONE', *, *, #960, .T. ) ;
#4485 = CARTESIAN_POINT ( 'NONE',  ( 0.0000000000000000000, 0.0000000000000000000, 0.0000000000000000000 ) ) ;
#4486 = ORIENTED_EDGE ( 'NONE', *, *, #3928, .F. ) ;
#4487 = DIRECTION ( 'NONE',  ( -0.0000000000000000000, -1.000000000000000000, -0.0000000000000000000 ) ) ;
#4488 = AXIS2_PLACEMENT_3D ( 'NONE', #2249, #124, #2607 ) ;
#4489 = AXIS2_PLACEMENT_3D ( 'NONE', #4328, #3665, #1610 ) ;
#4490 = VERTEX_POINT ( 'NONE', #607 ) ;
#4491 = CARTESIAN_POINT ( 'NONE',  ( 7.104277486619568400, 1.700000000000000000, 7.457830877212916000 ) ) ;
#4492 = CARTESIAN_POINT ( 'NONE',  ( 0.7500000000000002200, 1.800000000000000500, -10.27265788391690500 ) ) ;
#4493 = DIRECTION ( 'NONE',  ( -0.1004684548135146700, 0.9373834448049354100, -0.3334941783495137800 ) ) ;
#4494 = ORIENTED_EDGE ( 'NONE', *, *, #1394, .T. ) ;
#4495 = ORIENTED_EDGE ( 'NONE', *, *, #3482, .F. ) ;
#4496 = LINE ( 'NONE', #2340, #1650 ) ;
#4497 = ORIENTED_EDGE ( 'NONE', *, *, #3198, .T. ) ;
#4498 = ADVANCED_FACE ( 'NONE', ( #3167 ), #2122, .F. ) ;
#4499 = LINE ( 'NONE', #569, #1652 ) ;
#4500 = CIRCLE ( 'NONE', #387, 10.30000000000000200 ) ;
#4501 = CARTESIAN_POINT ( 'NONE',  ( 4.682457351945704900, -2.000000000000000000, -0.1833333333333340700 ) ) ;
#4502 = EDGE_CURVE ( 'NONE', #241, #3579, #331, .T. ) ;
#4503 = VERTEX_POINT ( 'NONE', #3741 ) ;
#4504 = ORIENTED_EDGE ( 'NONE', *, *, #1308, .F. ) ;
#4505 = B_SPLINE_CURVE_WITH_KNOTS ( 'NONE', 3,
 ( #4351, #1940, #562, #3404, #3745, #1328 ),
 .UNSPECIFIED., .F., .F.,
 ( 4, 2, 4 ),
 ( 0.0000000000000000000, 0.0002345114892081646400, 0.0004690229784163292800 ),
 .UNSPECIFIED. ) ;
#4506 = CYLINDRICAL_SURFACE ( 'NONE', #1948, 10.30000000000000200 ) ;
#4507 = CARTESIAN_POINT ( 'NONE',  ( 0.0000000000000000000, 0.0000000000000000000, 0.0000000000000000000 ) ) ;
#4508 = B_SPLINE_SURFACE_WITH_KNOTS ( 'NONE', 3, 1, ( 
 ( #2670, #3670 ),
 ( #542, #3251 ),
 ( #2910, #3267 ),
 ( #3006, #2644 ),
 ( #3353, #522 ),
 ( #1616, #553 ),
 ( #1258, #4356 ),
 ( #2304, #911 ),
 ( #1692, #1335 ),
 ( #944, #989 ) ),
 .UNSPECIFIED., .F., .F., .F.,
 ( 4, 2, 2, 2, 4 ),
 ( 2, 2 ),
 ( 0.0000000000000000000, 0.2499999999999998900, 0.5000000000000000000, 0.7499999999999998900, 1.000000000000000000 ),
 ( 0.0000000000000000000, 1.000000000000000000 ),
 .UNSPECIFIED. ) ;
#4509 = EDGE_LOOP ( 'NONE', ( #1202, #912, #3225, #2608 ) ) ;
#4510 = ORIENTED_EDGE ( 'NONE', *, *, #2164, .T. ) ;
#4511 = EDGE_CURVE ( 'NONE', #3975, #1483, #301, .T. ) ;
#4512 =( NAMED_UNIT ( * ) PLANE_ANGLE_UNIT ( ) SI_UNIT ( $, .RADIAN. ) );
#4513 = CARTESIAN_POINT ( 'NONE',  ( 4.692079856432201300, -2.000000000000000000, 0.2666666666666670500 ) ) ;
#4514 = LINE ( 'NONE', #3392, #656 ) ;
#4515 = VERTEX_POINT ( 'NONE', #3147 ) ;
#4516 = LINE ( 'NONE', #4523, #3247 ) ;
#4517 = DIRECTION ( 'NONE',  ( 1.112560217688397700E-016, 0.0000000000000000000, -1.000000000000000000 ) ) ;
#4518 = DIRECTION ( 'NONE',  ( 0.0000000000000000000, 0.0000000000000000000, 1.000000000000000000 ) ) ;
#4519 = PRESENTATION_LAYER_ASSIGNMENT (  '', '', ( #3604 ) ) ;
#4520 = CARTESIAN_POINT ( 'NONE',  ( 0.0000000000000000000, 2.199999999999999700, 0.0000000000000000000 ) ) ;
#4521 = FACE_OUTER_BOUND ( 'NONE', #459, .T. ) ;
#4522 = DIRECTION ( 'NONE',  ( -0.0000000000000000000, -1.000000000000000000, -0.0000000000000000000 ) ) ;
#4523 = CARTESIAN_POINT ( 'NONE',  ( 7.563149311035939300, 1.200000000000000000, -7.987413379747954100 ) ) ;
#4524 = AXIS2_PLACEMENT_3D ( 'NONE', #3627, #3594, #2548 ) ;
#4525 = CARTESIAN_POINT ( 'NONE',  ( 4.599999999999999600, -2.499999999999996900, -0.02211432248042713100 ) ) ;
#4526 = LINE ( 'NONE', #1105, #668 ) ;
#4527 = ADVANCED_FACE ( 'NONE', ( #2184 ), #1564, .F. ) ;
#4528 = DIRECTION ( 'NONE',  ( 0.0000000000000000000, 0.0000000000000000000, 1.000000000000000000 ) ) ;
#4529 = CARTESIAN_POINT ( 'NONE',  ( 5.000000000000000000, 0.0000000000000000000, 0.0000000000000000000 ) ) ;
#4530 = VERTEX_POINT ( 'NONE', #2421 ) ;
#4531 = VECTOR ( 'NONE', #957, 1000.000000000000000 ) ;
#4532 = UNCERTAINTY_MEASURE_WITH_UNIT (LENGTH_MEASURE( 1.000000000000000100E-005 ), #1637, 'distance_accuracy_value', 'NONE');
ENDSEC;
END-ISO-10303-21;
